participant_id,visit_code,lab_code,lab_name,result,unit,reference_low,reference_high,result_status,collection_date
SUBJ001,BASELINE,HBA1C,HbA1c,8.22,%,4.0,5.6,ABNORMAL,2026-01-24
SUBJ001,BASELINE,FPG,Fasting plasma glucose,165.15,mg/dL,70.0,99.0,ABNORMAL,2026-01-24
SUBJ001,BASELINE,INSULIN,Insulin,18.5,µIU/mL,2.6,24.9,NORMAL,2026-01-24
SUBJ001,BASELINE,CPEPTIDE,C-peptide,2.55,ng/mL,1.1,4.4,NORMAL,2026-01-24
SUBJ001,BASELINE,TC,Total cholesterol,156.03,mg/dL,125.0,200.0,NORMAL,2026-01-24
SUBJ001,BASELINE,LDL,LDL cholesterol,126.79,mg/dL,0.0,100.0,ABNORMAL,2026-01-24
SUBJ001,BASELINE,HDL,HDL cholesterol,33.57,mg/dL,40.0,999.0,ABNORMAL,2026-01-24
SUBJ001,BASELINE,TG,Triglycerides,341.85,mg/dL,0.0,150.0,ABNORMAL,2026-01-24
SUBJ001,BASELINE,ALT,Alanine aminotransferase,48.58,U/L,7.0,56.0,NORMAL,2026-01-24
SUBJ001,BASELINE,AST,Aspartate aminotransferase,26.05,U/L,10.0,40.0,NORMAL,2026-01-24
SUBJ001,BASELINE,CREAT,Creatinine,0.91,mg/dL,0.6,1.3,NORMAL,2026-01-24
SUBJ001,BASELINE,EGFR,Estimated glomerular filtration rate,86.08,mL/min/1.73m²,60.0,999.0,NORMAL,2026-01-24
SUBJ001,WEEK4,HBA1C,HbA1c,7.87,%,4.0,5.6,ABNORMAL,2026-02-21
SUBJ001,WEEK4,FPG,Fasting plasma glucose,167.87,mg/dL,70.0,99.0,ABNORMAL,2026-02-21
SUBJ001,WEEK4,INSULIN,Insulin,18.33,µIU/mL,2.6,24.9,NORMAL,2026-02-21
SUBJ001,WEEK4,CPEPTIDE,C-peptide,2.37,ng/mL,1.1,4.4,NORMAL,2026-02-21
SUBJ001,WEEK4,TC,Total cholesterol,132.52,mg/dL,125.0,200.0,NORMAL,2026-02-21
SUBJ001,WEEK4,LDL,LDL cholesterol,116.95,mg/dL,0.0,100.0,ABNORMAL,2026-02-21
SUBJ001,WEEK4,HDL,HDL cholesterol,33.69,mg/dL,40.0,999.0,ABNORMAL,2026-02-21
SUBJ001,WEEK4,TG,Triglycerides,333.09,mg/dL,0.0,150.0,ABNORMAL,2026-02-21
SUBJ001,WEEK4,ALT,Alanine aminotransferase,49.21,U/L,7.0,56.0,NORMAL,2026-02-21
SUBJ001,WEEK4,AST,Aspartate aminotransferase,27.27,U/L,10.0,40.0,NORMAL,2026-02-21
SUBJ001,WEEK4,CREAT,Creatinine,0.91,mg/dL,0.6,1.3,NORMAL,2026-02-21
SUBJ001,WEEK4,EGFR,Estimated glomerular filtration rate,84.71,mL/min/1.73m²,60.0,999.0,NORMAL,2026-02-21
SUBJ001,WEEK8,HBA1C,HbA1c,7.93,%,4.0,5.6,ABNORMAL,2026-03-22
SUBJ001,WEEK8,FPG,Fasting plasma glucose,158.32,mg/dL,70.0,99.0,ABNORMAL,2026-03-22
SUBJ001,WEEK8,INSULIN,Insulin,17.97,µIU/mL,2.6,24.9,NORMAL,2026-03-22
SUBJ001,WEEK8,CPEPTIDE,C-peptide,2.45,ng/mL,1.1,4.4,NORMAL,2026-03-22
SUBJ001,WEEK8,TC,Total cholesterol,150.4,mg/dL,125.0,200.0,NORMAL,2026-03-22
SUBJ001,WEEK8,LDL,LDL cholesterol,124.18,mg/dL,0.0,100.0,ABNORMAL,2026-03-22
SUBJ001,WEEK8,HDL,HDL cholesterol,39.27,mg/dL,40.0,999.0,ABNORMAL,2026-03-22
SUBJ001,WEEK8,TG,Triglycerides,331.64,mg/dL,0.0,150.0,ABNORMAL,2026-03-22
SUBJ001,WEEK8,ALT,Alanine aminotransferase,47.62,U/L,7.0,56.0,NORMAL,2026-03-22
SUBJ001,WEEK8,AST,Aspartate aminotransferase,20.63,U/L,10.0,40.0,NORMAL,2026-03-22
SUBJ001,WEEK8,CREAT,Creatinine,0.95,mg/dL,0.6,1.3,NORMAL,2026-03-22
SUBJ001,WEEK8,EGFR,Estimated glomerular filtration rate,80.65,mL/min/1.73m²,60.0,999.0,NORMAL,2026-03-22
SUBJ001,WEEK12,HBA1C,HbA1c,7.74,%,4.0,5.6,ABNORMAL,2026-04-19
SUBJ001,WEEK12,FPG,Fasting plasma glucose,147.38,mg/dL,70.0,99.0,ABNORMAL,2026-04-19
SUBJ001,WEEK12,INSULIN,Insulin,15.86,µIU/mL,2.6,24.9,NORMAL,2026-04-19
SUBJ001,WEEK12,CPEPTIDE,C-peptide,2.33,ng/mL,1.1,4.4,NORMAL,2026-04-19
SUBJ001,WEEK12,TC,Total cholesterol,145.27,mg/dL,125.0,200.0,NORMAL,2026-04-19
SUBJ001,WEEK12,LDL,LDL cholesterol,127.4,mg/dL,0.0,100.0,ABNORMAL,2026-04-19
SUBJ001,WEEK12,HDL,HDL cholesterol,34.7,mg/dL,40.0,999.0,ABNORMAL,2026-04-19
SUBJ001,WEEK12,TG,Triglycerides,330.59,mg/dL,0.0,150.0,ABNORMAL,2026-04-19
SUBJ001,WEEK12,ALT,Alanine aminotransferase,47.44,U/L,7.0,56.0,NORMAL,2026-04-19
SUBJ001,WEEK12,AST,Aspartate aminotransferase,28.05,U/L,10.0,40.0,NORMAL,2026-04-19
SUBJ001,WEEK12,CREAT,Creatinine,0.86,mg/dL,0.6,1.3,NORMAL,2026-04-19
SUBJ001,WEEK12,EGFR,Estimated glomerular filtration rate,82.21,mL/min/1.73m²,60.0,999.0,NORMAL,2026-04-19
SUBJ002,BASELINE,HBA1C,HbA1c,8.98,%,4.0,5.6,ABNORMAL,2026-01-28
SUBJ002,BASELINE,FPG,Fasting plasma glucose,178.23,mg/dL,70.0,99.0,ABNORMAL,2026-01-28
SUBJ002,BASELINE,INSULIN,Insulin,10.9,µIU/mL,2.6,24.9,NORMAL,2026-01-28
SUBJ002,BASELINE,CPEPTIDE,C-peptide,2.29,ng/mL,1.1,4.4,NORMAL,2026-01-28
SUBJ002,BASELINE,TC,Total cholesterol,161.04,mg/dL,125.0,200.0,NORMAL,2026-01-28
SUBJ002,BASELINE,LDL,LDL cholesterol,110.19,mg/dL,0.0,100.0,ABNORMAL,2026-01-28
SUBJ002,BASELINE,HDL,HDL cholesterol,59.18,mg/dL,40.0,999.0,NORMAL,2026-01-28
SUBJ002,BASELINE,TG,Triglycerides,147.1,mg/dL,0.0,150.0,NORMAL,2026-01-28
SUBJ002,BASELINE,ALT,Alanine aminotransferase,17.8,U/L,7.0,56.0,NORMAL,2026-01-28
SUBJ002,BASELINE,AST,Aspartate aminotransferase,18.54,U/L,10.0,40.0,NORMAL,2026-01-28
SUBJ002,BASELINE,CREAT,Creatinine,1.16,mg/dL,0.6,1.3,NORMAL,2026-01-28
SUBJ002,BASELINE,EGFR,Estimated glomerular filtration rate,83.17,mL/min/1.73m²,60.0,999.0,NORMAL,2026-01-28
SUBJ002,WEEK4,HBA1C,HbA1c,8.44,%,4.0,5.6,ABNORMAL,2026-02-24
SUBJ002,WEEK4,FPG,Fasting plasma glucose,176.36,mg/dL,70.0,99.0,ABNORMAL,2026-02-24
SUBJ002,WEEK4,INSULIN,Insulin,15.19,µIU/mL,2.6,24.9,NORMAL,2026-02-24
SUBJ002,WEEK4,CPEPTIDE,C-peptide,2.16,ng/mL,1.1,4.4,NORMAL,2026-02-24
SUBJ002,WEEK4,TC,Total cholesterol,173.48,mg/dL,125.0,200.0,NORMAL,2026-02-24
SUBJ002,WEEK4,LDL,LDL cholesterol,107.18,mg/dL,0.0,100.0,ABNORMAL,2026-02-24
SUBJ002,WEEK4,HDL,HDL cholesterol,57.34,mg/dL,40.0,999.0,NORMAL,2026-02-24
SUBJ002,WEEK4,TG,Triglycerides,154.25,mg/dL,0.0,150.0,ABNORMAL,2026-02-24
SUBJ002,WEEK4,ALT,Alanine aminotransferase,13.22,U/L,7.0,56.0,NORMAL,2026-02-24
SUBJ002,WEEK4,AST,Aspartate aminotransferase,19.87,U/L,10.0,40.0,NORMAL,2026-02-24
SUBJ002,WEEK4,CREAT,Creatinine,1.18,mg/dL,0.6,1.3,NORMAL,2026-02-24
SUBJ002,WEEK4,EGFR,Estimated glomerular filtration rate,82.78,mL/min/1.73m²,60.0,999.0,NORMAL,2026-02-24
SUBJ002,WEEK8,HBA1C,HbA1c,8.32,%,4.0,5.6,ABNORMAL,2026-03-24
SUBJ002,WEEK8,FPG,Fasting plasma glucose,163.5,mg/dL,70.0,99.0,ABNORMAL,2026-03-24
SUBJ002,WEEK8,INSULIN,Insulin,11.23,µIU/mL,2.6,24.9,NORMAL,2026-03-24
SUBJ002,WEEK8,CPEPTIDE,C-peptide,2.02,ng/mL,1.1,4.4,NORMAL,2026-03-24
SUBJ002,WEEK8,TC,Total cholesterol,168.79,mg/dL,125.0,200.0,NORMAL,2026-03-24
SUBJ002,WEEK8,LDL,LDL cholesterol,97.55,mg/dL,0.0,100.0,NORMAL,2026-03-24
SUBJ002,WEEK8,HDL,HDL cholesterol,60.0,mg/dL,40.0,999.0,NORMAL,2026-03-24
SUBJ002,WEEK8,TG,Triglycerides,149.61,mg/dL,0.0,150.0,NORMAL,2026-03-24
SUBJ002,WEEK8,ALT,Alanine aminotransferase,19.66,U/L,7.0,56.0,NORMAL,2026-03-24
SUBJ002,WEEK8,AST,Aspartate aminotransferase,16.78,U/L,10.0,40.0,NORMAL,2026-03-24
SUBJ002,WEEK8,CREAT,Creatinine,1.2,mg/dL,0.6,1.3,NORMAL,2026-03-24
SUBJ002,WEEK8,EGFR,Estimated glomerular filtration rate,80.24,mL/min/1.73m²,60.0,999.0,NORMAL,2026-03-24
SUBJ002,WEEK12,HBA1C,HbA1c,8.01,%,4.0,5.6,ABNORMAL,2026-04-24
SUBJ002,WEEK12,FPG,Fasting plasma glucose,144.15,mg/dL,70.0,99.0,ABNORMAL,2026-04-24
SUBJ002,WEEK12,INSULIN,Insulin,10.02,µIU/mL,2.6,24.9,NORMAL,2026-04-24
SUBJ002,WEEK12,CPEPTIDE,C-peptide,2.15,ng/mL,1.1,4.4,NORMAL,2026-04-24
SUBJ002,WEEK12,TC,Total cholesterol,157.45,mg/dL,125.0,200.0,NORMAL,2026-04-24
SUBJ002,WEEK12,LDL,LDL cholesterol,99.91,mg/dL,0.0,100.0,NORMAL,2026-04-24
SUBJ002,WEEK12,HDL,HDL cholesterol,61.24,mg/dL,40.0,999.0,NORMAL,2026-04-24
SUBJ002,WEEK12,TG,Triglycerides,134.42,mg/dL,0.0,150.0,NORMAL,2026-04-24
SUBJ002,WEEK12,ALT,Alanine aminotransferase,15.09,U/L,7.0,56.0,NORMAL,2026-04-24
SUBJ002,WEEK12,AST,Aspartate aminotransferase,18.29,U/L,10.0,40.0,NORMAL,2026-04-24
SUBJ002,WEEK12,CREAT,Creatinine,1.23,mg/dL,0.6,1.3,NORMAL,2026-04-24
SUBJ002,WEEK12,EGFR,Estimated glomerular filtration rate,81.32,mL/min/1.73m²,60.0,999.0,NORMAL,2026-04-24
SUBJ003,BASELINE,HBA1C,HbA1c,8.74,%,4.0,5.6,ABNORMAL,2026-02-10
SUBJ003,BASELINE,FPG,Fasting plasma glucose,176.47,mg/dL,70.0,99.0,ABNORMAL,2026-02-10
SUBJ003,BASELINE,INSULIN,Insulin,14.38,µIU/mL,2.6,24.9,NORMAL,2026-02-10
SUBJ003,BASELINE,CPEPTIDE,C-peptide,2.24,ng/mL,1.1,4.4,NORMAL,2026-02-10
SUBJ003,BASELINE,TC,Total cholesterol,176.77,mg/dL,125.0,200.0,NORMAL,2026-02-10
SUBJ003,BASELINE,LDL,LDL cholesterol,144.6,mg/dL,0.0,100.0,ABNORMAL,2026-02-10
SUBJ003,BASELINE,HDL,HDL cholesterol,44.21,mg/dL,40.0,999.0,NORMAL,2026-02-10
SUBJ003,BASELINE,TG,Triglycerides,234.14,mg/dL,0.0,150.0,ABNORMAL,2026-02-10
SUBJ003,BASELINE,ALT,Alanine aminotransferase,10.65,U/L,7.0,56.0,NORMAL,2026-02-10
SUBJ003,BASELINE,AST,Aspartate aminotransferase,17.36,U/L,10.0,40.0,NORMAL,2026-02-10
SUBJ003,BASELINE,CREAT,Creatinine,1.23,mg/dL,0.6,1.3,NORMAL,2026-02-10
SUBJ003,BASELINE,EGFR,Estimated glomerular filtration rate,69.01,mL/min/1.73m²,60.0,999.0,NORMAL,2026-02-10
SUBJ003,WEEK4,HBA1C,HbA1c,8.41,%,4.0,5.6,ABNORMAL,2026-03-12
SUBJ003,WEEK4,FPG,Fasting plasma glucose,149.86,mg/dL,70.0,99.0,ABNORMAL,2026-03-12
SUBJ003,WEEK4,INSULIN,Insulin,17.39,µIU/mL,2.6,24.9,NORMAL,2026-03-12
SUBJ003,WEEK4,CPEPTIDE,C-peptide,1.84,ng/mL,1.1,4.4,NORMAL,2026-03-12
SUBJ003,WEEK4,TC,Total cholesterol,183.23,mg/dL,125.0,200.0,NORMAL,2026-03-12
SUBJ003,WEEK4,LDL,LDL cholesterol,136.32,mg/dL,0.0,100.0,ABNORMAL,2026-03-12
SUBJ003,WEEK4,HDL,HDL cholesterol,47.49,mg/dL,40.0,999.0,NORMAL,2026-03-12
SUBJ003,WEEK4,TG,Triglycerides,256.54,mg/dL,0.0,150.0,ABNORMAL,2026-03-12
SUBJ003,WEEK4,ALT,Alanine aminotransferase,10.14,U/L,7.0,56.0,NORMAL,2026-03-12
SUBJ003,WEEK4,AST,Aspartate aminotransferase,20.63,U/L,10.0,40.0,NORMAL,2026-03-12
SUBJ003,WEEK4,CREAT,Creatinine,1.2,mg/dL,0.6,1.3,NORMAL,2026-03-12
SUBJ003,WEEK4,EGFR,Estimated glomerular filtration rate,67.4,mL/min/1.73m²,60.0,999.0,NORMAL,2026-03-12
SUBJ003,WEEK8,HBA1C,HbA1c,7.78,%,4.0,5.6,ABNORMAL,2026-04-09
SUBJ003,WEEK8,FPG,Fasting plasma glucose,154.54,mg/dL,70.0,99.0,ABNORMAL,2026-04-09
SUBJ003,WEEK8,INSULIN,Insulin,16.03,µIU/mL,2.6,24.9,NORMAL,2026-04-09
SUBJ003,WEEK8,CPEPTIDE,C-peptide,1.91,ng/mL,1.1,4.4,NORMAL,2026-04-09
SUBJ003,WEEK8,TC,Total cholesterol,185.44,mg/dL,125.0,200.0,NORMAL,2026-04-09
SUBJ003,WEEK8,LDL,LDL cholesterol,135.93,mg/dL,0.0,100.0,ABNORMAL,2026-04-09
SUBJ003,WEEK8,HDL,HDL cholesterol,48.36,mg/dL,40.0,999.0,NORMAL,2026-04-09
SUBJ003,WEEK8,TG,Triglycerides,240.32,mg/dL,0.0,150.0,ABNORMAL,2026-04-09
SUBJ003,WEEK8,ALT,Alanine aminotransferase,6.75,U/L,7.0,56.0,ABNORMAL,2026-04-09
SUBJ003,WEEK8,AST,Aspartate aminotransferase,16.24,U/L,10.0,40.0,NORMAL,2026-04-09
SUBJ003,WEEK8,CREAT,Creatinine,1.22,mg/dL,0.6,1.3,NORMAL,2026-04-09
SUBJ003,WEEK8,EGFR,Estimated glomerular filtration rate,69.76,mL/min/1.73m²,60.0,999.0,NORMAL,2026-04-09
SUBJ003,WEEK12,HBA1C,HbA1c,7.59,%,4.0,5.6,ABNORMAL,2026-05-04
SUBJ003,WEEK12,FPG,Fasting plasma glucose,147.8,mg/dL,70.0,99.0,ABNORMAL,2026-05-04
SUBJ003,WEEK12,INSULIN,Insulin,16.34,µIU/mL,2.6,24.9,NORMAL,2026-05-04
SUBJ003,WEEK12,CPEPTIDE,C-peptide,2.05,ng/mL,1.1,4.4,NORMAL,2026-05-04
SUBJ003,WEEK12,TC,Total cholesterol,182.7,mg/dL,125.0,200.0,NORMAL,2026-05-04
SUBJ003,WEEK12,LDL,LDL cholesterol,129.14,mg/dL,0.0,100.0,ABNORMAL,2026-05-04
SUBJ003,WEEK12,HDL,HDL cholesterol,49.76,mg/dL,40.0,999.0,NORMAL,2026-05-04
SUBJ003,WEEK12,TG,Triglycerides,246.56,mg/dL,0.0,150.0,ABNORMAL,2026-05-04
SUBJ003,WEEK12,ALT,Alanine aminotransferase,10.48,U/L,7.0,56.0,NORMAL,2026-05-04
SUBJ003,WEEK12,AST,Aspartate aminotransferase,18.4,U/L,10.0,40.0,NORMAL,2026-05-04
SUBJ003,WEEK12,CREAT,Creatinine,1.25,mg/dL,0.6,1.3,NORMAL,2026-05-04
SUBJ003,WEEK12,EGFR,Estimated glomerular filtration rate,69.12,mL/min/1.73m²,60.0,999.0,NORMAL,2026-05-04
SUBJ004,BASELINE,HBA1C,HbA1c,8.52,%,4.0,5.6,ABNORMAL,2026-02-04
SUBJ004,BASELINE,FPG,Fasting plasma glucose,179.4,mg/dL,70.0,99.0,ABNORMAL,2026-02-04
SUBJ004,BASELINE,INSULIN,Insulin,9.76,µIU/mL,2.6,24.9,NORMAL,2026-02-04
SUBJ004,BASELINE,CPEPTIDE,C-peptide,2.16,ng/mL,1.1,4.4,NORMAL,2026-02-04
SUBJ004,BASELINE,TC,Total cholesterol,166.02,mg/dL,125.0,200.0,NORMAL,2026-02-04
SUBJ004,BASELINE,LDL,LDL cholesterol,112.53,mg/dL,0.0,100.0,ABNORMAL,2026-02-04
SUBJ004,BASELINE,HDL,HDL cholesterol,37.33,mg/dL,40.0,999.0,ABNORMAL,2026-02-04
SUBJ004,BASELINE,TG,Triglycerides,126.54,mg/dL,0.0,150.0,NORMAL,2026-02-04
SUBJ004,BASELINE,ALT,Alanine aminotransferase,19.06,U/L,7.0,56.0,NORMAL,2026-02-04
SUBJ004,BASELINE,AST,Aspartate aminotransferase,24.15,U/L,10.0,40.0,NORMAL,2026-02-04
SUBJ004,BASELINE,CREAT,Creatinine,0.98,mg/dL,0.6,1.3,NORMAL,2026-02-04
SUBJ004,BASELINE,EGFR,Estimated glomerular filtration rate,87.73,mL/min/1.73m²,60.0,999.0,NORMAL,2026-02-04
SUBJ004,WEEK4,HBA1C,HbA1c,8.4,%,4.0,5.6,ABNORMAL,2026-03-05
SUBJ004,WEEK4,FPG,Fasting plasma glucose,171.25,mg/dL,70.0,99.0,ABNORMAL,2026-03-05
SUBJ004,WEEK4,INSULIN,Insulin,12.97,µIU/mL,2.6,24.9,NORMAL,2026-03-05
SUBJ004,WEEK4,CPEPTIDE,C-peptide,2.23,ng/mL,1.1,4.4,NORMAL,2026-03-05
SUBJ004,WEEK4,TC,Total cholesterol,169.65,mg/dL,125.0,200.0,NORMAL,2026-03-05
SUBJ004,WEEK4,LDL,LDL cholesterol,117.45,mg/dL,0.0,100.0,ABNORMAL,2026-03-05
SUBJ004,WEEK4,HDL,HDL cholesterol,40.71,mg/dL,40.0,999.0,NORMAL,2026-03-05
SUBJ004,WEEK4,TG,Triglycerides,90.81,mg/dL,0.0,150.0,NORMAL,2026-03-05
SUBJ004,WEEK4,ALT,Alanine aminotransferase,20.4,U/L,7.0,56.0,NORMAL,2026-03-05
SUBJ004,WEEK4,AST,Aspartate aminotransferase,25.36,U/L,10.0,40.0,NORMAL,2026-03-05
SUBJ004,WEEK4,CREAT,Creatinine,1.03,mg/dL,0.6,1.3,NORMAL,2026-03-05
SUBJ004,WEEK4,EGFR,Estimated glomerular filtration rate,86.59,mL/min/1.73m²,60.0,999.0,NORMAL,2026-03-05
SUBJ005,BASELINE,HBA1C,HbA1c,8.68,%,4.0,5.6,ABNORMAL,2026-02-02
SUBJ005,BASELINE,FPG,Fasting plasma glucose,135.12,mg/dL,70.0,99.0,ABNORMAL,2026-02-02
SUBJ005,BASELINE,INSULIN,Insulin,10.24,µIU/mL,2.6,24.9,NORMAL,2026-02-02
SUBJ005,BASELINE,CPEPTIDE,C-peptide,2.86,ng/mL,1.1,4.4,NORMAL,2026-02-02
SUBJ005,BASELINE,TC,Total cholesterol,195.46,mg/dL,125.0,200.0,NORMAL,2026-02-02
SUBJ005,BASELINE,LDL,LDL cholesterol,114.58,mg/dL,0.0,100.0,ABNORMAL,2026-02-02
SUBJ005,BASELINE,HDL,HDL cholesterol,51.18,mg/dL,40.0,999.0,NORMAL,2026-02-02
SUBJ005,BASELINE,TG,Triglycerides,64.63,mg/dL,0.0,150.0,NORMAL,2026-02-02
SUBJ005,BASELINE,ALT,Alanine aminotransferase,42.88,U/L,7.0,56.0,NORMAL,2026-02-02
SUBJ005,BASELINE,AST,Aspartate aminotransferase,19.16,U/L,10.0,40.0,NORMAL,2026-02-02
SUBJ005,BASELINE,CREAT,Creatinine,0.73,mg/dL,0.6,1.3,NORMAL,2026-02-02
SUBJ005,BASELINE,EGFR,Estimated glomerular filtration rate,60.63,mL/min/1.73m²,60.0,999.0,NORMAL,2026-02-02
SUBJ005,WEEK4,HBA1C,HbA1c,8.56,%,4.0,5.6,ABNORMAL,2026-02-28
SUBJ005,WEEK4,FPG,Fasting plasma glucose,145.5,mg/dL,70.0,99.0,ABNORMAL,2026-02-28
SUBJ005,WEEK4,INSULIN,Insulin,12.54,µIU/mL,2.6,24.9,NORMAL,2026-02-28
SUBJ005,WEEK4,CPEPTIDE,C-peptide,3.13,ng/mL,1.1,4.4,NORMAL,2026-02-28
SUBJ005,WEEK4,TC,Total cholesterol,186.96,mg/dL,125.0,200.0,NORMAL,2026-02-28
SUBJ005,WEEK4,LDL,LDL cholesterol,122.33,mg/dL,0.0,100.0,ABNORMAL,2026-02-28
SUBJ005,WEEK4,HDL,HDL cholesterol,50.82,mg/dL,40.0,999.0,NORMAL,2026-02-28
SUBJ005,WEEK4,TG,Triglycerides,53.55,mg/dL,0.0,150.0,NORMAL,2026-02-28
SUBJ005,WEEK4,ALT,Alanine aminotransferase,41.7,U/L,7.0,56.0,NORMAL,2026-02-28
SUBJ005,WEEK4,AST,Aspartate aminotransferase,17.56,U/L,10.0,40.0,NORMAL,2026-02-28
SUBJ005,WEEK4,CREAT,Creatinine,0.75,mg/dL,0.6,1.3,NORMAL,2026-02-28
SUBJ005,WEEK4,EGFR,Estimated glomerular filtration rate,61.24,mL/min/1.73m²,60.0,999.0,NORMAL,2026-02-28
SUBJ005,WEEK8,HBA1C,HbA1c,8.63,%,4.0,5.6,ABNORMAL,2026-03-28
SUBJ005,WEEK8,FPG,Fasting plasma glucose,147.41,mg/dL,70.0,99.0,ABNORMAL,2026-03-28
SUBJ005,WEEK8,INSULIN,Insulin,12.76,µIU/mL,2.6,24.9,NORMAL,2026-03-28
SUBJ005,WEEK8,CPEPTIDE,C-peptide,2.95,ng/mL,1.1,4.4,NORMAL,2026-03-28
SUBJ005,WEEK8,TC,Total cholesterol,198.43,mg/dL,125.0,200.0,NORMAL,2026-03-28
SUBJ005,WEEK8,LDL,LDL cholesterol,107.56,mg/dL,0.0,100.0,ABNORMAL,2026-03-28
SUBJ005,WEEK8,HDL,HDL cholesterol,50.82,mg/dL,40.0,999.0,NORMAL,2026-03-28
SUBJ005,WEEK8,TG,Triglycerides,48.75,mg/dL,0.0,150.0,NORMAL,2026-03-28
SUBJ005,WEEK8,ALT,Alanine aminotransferase,40.96,U/L,7.0,56.0,NORMAL,2026-03-28
SUBJ005,WEEK8,AST,Aspartate aminotransferase,14.9,U/L,10.0,40.0,NORMAL,2026-03-28
SUBJ005,WEEK8,CREAT,Creatinine,0.68,mg/dL,0.6,1.3,NORMAL,2026-03-28
SUBJ005,WEEK8,EGFR,Estimated glomerular filtration rate,58.17,mL/min/1.73m²,60.0,999.0,ABNORMAL,2026-03-28
SUBJ005,WEEK12,HBA1C,HbA1c,8.51,%,4.0,5.6,ABNORMAL,2026-04-28
SUBJ005,WEEK12,FPG,Fasting plasma glucose,133.5,mg/dL,70.0,99.0,ABNORMAL,2026-04-28
SUBJ005,WEEK12,INSULIN,Insulin,12.21,µIU/mL,2.6,24.9,NORMAL,2026-04-28
SUBJ005,WEEK12,CPEPTIDE,C-peptide,2.9,ng/mL,1.1,4.4,NORMAL,2026-04-28
SUBJ005,WEEK12,TC,Total cholesterol,193.38,mg/dL,125.0,200.0,NORMAL,2026-04-28
SUBJ005,WEEK12,LDL,LDL cholesterol,113.08,mg/dL,0.0,100.0,ABNORMAL,2026-04-28
SUBJ005,WEEK12,HDL,HDL cholesterol,54.35,mg/dL,40.0,999.0,NORMAL,2026-04-28
SUBJ005,WEEK12,TG,Triglycerides,55.95,mg/dL,0.0,150.0,NORMAL,2026-04-28
SUBJ005,WEEK12,ALT,Alanine aminotransferase,41.65,U/L,7.0,56.0,NORMAL,2026-04-28
SUBJ005,WEEK12,AST,Aspartate aminotransferase,18.21,U/L,10.0,40.0,NORMAL,2026-04-28
SUBJ005,WEEK12,CREAT,Creatinine,0.73,mg/dL,0.6,1.3,NORMAL,2026-04-28
SUBJ005,WEEK12,EGFR,Estimated glomerular filtration rate,60.57,mL/min/1.73m²,60.0,999.0,NORMAL,2026-04-28
SUBJ006,BASELINE,HBA1C,HbA1c,9.51,%,4.0,5.6,ABNORMAL,2026-01-25
SUBJ006,BASELINE,FPG,Fasting plasma glucose,195.42,mg/dL,70.0,99.0,ABNORMAL,2026-01-25
SUBJ006,BASELINE,INSULIN,Insulin,17.59,µIU/mL,2.6,24.9,NORMAL,2026-01-25
SUBJ006,BASELINE,CPEPTIDE,C-peptide,3.01,ng/mL,1.1,4.4,NORMAL,2026-01-25
SUBJ006,BASELINE,TC,Total cholesterol,170.57,mg/dL,125.0,200.0,NORMAL,2026-01-25
SUBJ006,BASELINE,LDL,LDL cholesterol,109.76,mg/dL,0.0,100.0,ABNORMAL,2026-01-25
SUBJ006,BASELINE,HDL,HDL cholesterol,34.82,mg/dL,40.0,999.0,ABNORMAL,2026-01-25
SUBJ006,BASELINE,TG,Triglycerides,196.54,mg/dL,0.0,150.0,ABNORMAL,2026-01-25
SUBJ006,BASELINE,ALT,Alanine aminotransferase,21.12,U/L,7.0,56.0,NORMAL,2026-01-25
SUBJ006,BASELINE,AST,Aspartate aminotransferase,29.04,U/L,10.0,40.0,NORMAL,2026-01-25
SUBJ006,BASELINE,CREAT,Creatinine,0.93,mg/dL,0.6,1.3,NORMAL,2026-01-25
SUBJ006,BASELINE,EGFR,Estimated glomerular filtration rate,75.22,mL/min/1.73m²,60.0,999.0,NORMAL,2026-01-25
SUBJ006,WEEK4,HBA1C,HbA1c,9.02,%,4.0,5.6,ABNORMAL,2026-02-20
SUBJ006,WEEK4,FPG,Fasting plasma glucose,169.85,mg/dL,70.0,99.0,ABNORMAL,2026-02-20
SUBJ006,WEEK4,INSULIN,Insulin,17.22,µIU/mL,2.6,24.9,NORMAL,2026-02-20
SUBJ006,WEEK4,CPEPTIDE,C-peptide,2.8,ng/mL,1.1,4.4,NORMAL,2026-02-20
SUBJ006,WEEK4,TC,Total cholesterol,160.29,mg/dL,125.0,200.0,NORMAL,2026-02-20
SUBJ006,WEEK4,LDL,LDL cholesterol,113.28,mg/dL,0.0,100.0,ABNORMAL,2026-02-20
SUBJ006,WEEK4,HDL,HDL cholesterol,41.4,mg/dL,40.0,999.0,NORMAL,2026-02-20
SUBJ006,WEEK4,TG,Triglycerides,200.82,mg/dL,0.0,150.0,ABNORMAL,2026-02-20
SUBJ006,WEEK4,ALT,Alanine aminotransferase,18.93,U/L,7.0,56.0,NORMAL,2026-02-20
SUBJ006,WEEK4,AST,Aspartate aminotransferase,29.11,U/L,10.0,40.0,NORMAL,2026-02-20
SUBJ006,WEEK4,CREAT,Creatinine,0.94,mg/dL,0.6,1.3,NORMAL,2026-02-20
SUBJ006,WEEK4,EGFR,Estimated glomerular filtration rate,76.48,mL/min/1.73m²,60.0,999.0,NORMAL,2026-02-20
SUBJ006,WEEK8,HBA1C,HbA1c,8.79,%,4.0,5.6,ABNORMAL,2026-03-23
SUBJ006,WEEK8,FPG,Fasting plasma glucose,171.8,mg/dL,70.0,99.0,ABNORMAL,2026-03-23
SUBJ006,WEEK8,INSULIN,Insulin,14.67,µIU/mL,2.6,24.9,NORMAL,2026-03-23
SUBJ006,WEEK8,CPEPTIDE,C-peptide,3.01,ng/mL,1.1,4.4,NORMAL,2026-03-23
SUBJ006,WEEK8,TC,Total cholesterol,163.51,mg/dL,125.0,200.0,NORMAL,2026-03-23
SUBJ006,WEEK8,LDL,LDL cholesterol,112.37,mg/dL,0.0,100.0,ABNORMAL,2026-03-23
SUBJ006,WEEK8,HDL,HDL cholesterol,38.36,mg/dL,40.0,999.0,ABNORMAL,2026-03-23
SUBJ006,WEEK8,TG,Triglycerides,207.18,mg/dL,0.0,150.0,ABNORMAL,2026-03-23
SUBJ006,WEEK8,ALT,Alanine aminotransferase,22.75,U/L,7.0,56.0,NORMAL,2026-03-23
SUBJ006,WEEK8,AST,Aspartate aminotransferase,28.88,U/L,10.0,40.0,NORMAL,2026-03-23
SUBJ006,WEEK8,CREAT,Creatinine,0.94,mg/dL,0.6,1.3,NORMAL,2026-03-23
SUBJ006,WEEK8,EGFR,Estimated glomerular filtration rate,81.14,mL/min/1.73m²,60.0,999.0,NORMAL,2026-03-23
SUBJ006,WEEK12,HBA1C,HbA1c,8.55,%,4.0,5.6,ABNORMAL,2026-04-20
SUBJ006,WEEK12,FPG,Fasting plasma glucose,159.95,mg/dL,70.0,99.0,ABNORMAL,2026-04-20
SUBJ006,WEEK12,INSULIN,Insulin,15.72,µIU/mL,2.6,24.9,NORMAL,2026-04-20
SUBJ006,WEEK12,CPEPTIDE,C-peptide,2.74,ng/mL,1.1,4.4,NORMAL,2026-04-20
SUBJ006,WEEK12,TC,Total cholesterol,163.44,mg/dL,125.0,200.0,NORMAL,2026-04-20
SUBJ006,WEEK12,LDL,LDL cholesterol,109.76,mg/dL,0.0,100.0,ABNORMAL,2026-04-20
SUBJ006,WEEK12,HDL,HDL cholesterol,39.93,mg/dL,40.0,999.0,ABNORMAL,2026-04-20
SUBJ006,WEEK12,TG,Triglycerides,198.53,mg/dL,0.0,150.0,ABNORMAL,2026-04-20
SUBJ006,WEEK12,ALT,Alanine aminotransferase,24.27,U/L,7.0,56.0,NORMAL,2026-04-20
SUBJ006,WEEK12,AST,Aspartate aminotransferase,31.98,U/L,10.0,40.0,NORMAL,2026-04-20
SUBJ006,WEEK12,CREAT,Creatinine,0.92,mg/dL,0.6,1.3,NORMAL,2026-04-20
SUBJ006,WEEK12,EGFR,Estimated glomerular filtration rate,76.67,mL/min/1.73m²,60.0,999.0,NORMAL,2026-04-20
SUBJ007,BASELINE,HBA1C,HbA1c,9.3,%,4.0,5.6,ABNORMAL,2026-01-11
SUBJ007,BASELINE,FPG,Fasting plasma glucose,162.03,mg/dL,70.0,99.0,ABNORMAL,2026-01-11
SUBJ007,BASELINE,INSULIN,Insulin,5.45,µIU/mL,2.6,24.9,NORMAL,2026-01-11
SUBJ007,BASELINE,CPEPTIDE,C-peptide,3.65,ng/mL,1.1,4.4,NORMAL,2026-01-11
SUBJ007,BASELINE,TC,Total cholesterol,186.5,mg/dL,125.0,200.0,NORMAL,2026-01-11
SUBJ007,BASELINE,LDL,LDL cholesterol,96.15,mg/dL,0.0,100.0,NORMAL,2026-01-11
SUBJ007,BASELINE,HDL,HDL cholesterol,51.55,mg/dL,40.0,999.0,NORMAL,2026-01-11
SUBJ007,BASELINE,TG,Triglycerides,206.91,mg/dL,0.0,150.0,ABNORMAL,2026-01-11
SUBJ007,BASELINE,ALT,Alanine aminotransferase,21.34,U/L,7.0,56.0,NORMAL,2026-01-11
SUBJ007,BASELINE,AST,Aspartate aminotransferase,28.51,U/L,10.0,40.0,NORMAL,2026-01-11
SUBJ007,BASELINE,CREAT,Creatinine,0.98,mg/dL,0.6,1.3,NORMAL,2026-01-11
SUBJ007,BASELINE,EGFR,Estimated glomerular filtration rate,75.49,mL/min/1.73m²,60.0,999.0,NORMAL,2026-01-11
SUBJ007,WEEK4,HBA1C,HbA1c,9.18,%,4.0,5.6,ABNORMAL,2026-02-09
SUBJ007,WEEK4,FPG,Fasting plasma glucose,168.76,mg/dL,70.0,99.0,ABNORMAL,2026-02-09
SUBJ007,WEEK4,INSULIN,Insulin,8.16,µIU/mL,2.6,24.9,NORMAL,2026-02-09
SUBJ007,WEEK4,CPEPTIDE,C-peptide,3.85,ng/mL,1.1,4.4,NORMAL,2026-02-09
SUBJ007,WEEK4,TC,Total cholesterol,193.09,mg/dL,125.0,200.0,NORMAL,2026-02-09
SUBJ007,WEEK4,LDL,LDL cholesterol,97.69,mg/dL,0.0,100.0,NORMAL,2026-02-09
SUBJ007,WEEK4,HDL,HDL cholesterol,52.36,mg/dL,40.0,999.0,NORMAL,2026-02-09
SUBJ007,WEEK4,TG,Triglycerides,213.07,mg/dL,0.0,150.0,ABNORMAL,2026-02-09
SUBJ007,WEEK4,ALT,Alanine aminotransferase,28.39,U/L,7.0,56.0,NORMAL,2026-02-09
SUBJ007,WEEK4,AST,Aspartate aminotransferase,27.05,U/L,10.0,40.0,NORMAL,2026-02-09
SUBJ007,WEEK4,CREAT,Creatinine,0.98,mg/dL,0.6,1.3,NORMAL,2026-02-09
SUBJ007,WEEK4,EGFR,Estimated glomerular filtration rate,75.27,mL/min/1.73m²,60.0,999.0,NORMAL,2026-02-09
SUBJ007,WEEK8,HBA1C,HbA1c,9.25,%,4.0,5.6,ABNORMAL,2026-03-10
SUBJ007,WEEK8,FPG,Fasting plasma glucose,158.78,mg/dL,70.0,99.0,ABNORMAL,2026-03-10
SUBJ007,WEEK8,INSULIN,Insulin,5.76,µIU/mL,2.6,24.9,NORMAL,2026-03-10
SUBJ007,WEEK8,CPEPTIDE,C-peptide,3.6,ng/mL,1.1,4.4,NORMAL,2026-03-10
SUBJ007,WEEK8,TC,Total cholesterol,177.67,mg/dL,125.0,200.0,NORMAL,2026-03-10
SUBJ007,WEEK8,LDL,LDL cholesterol,95.74,mg/dL,0.0,100.0,NORMAL,2026-03-10
SUBJ007,WEEK8,HDL,HDL cholesterol,49.71,mg/dL,40.0,999.0,NORMAL,2026-03-10
SUBJ007,WEEK8,TG,Triglycerides,180.11,mg/dL,0.0,150.0,ABNORMAL,2026-03-10
SUBJ007,WEEK8,ALT,Alanine aminotransferase,28.23,U/L,7.0,56.0,NORMAL,2026-03-10
SUBJ007,WEEK8,AST,Aspartate aminotransferase,26.46,U/L,10.0,40.0,NORMAL,2026-03-10
SUBJ007,WEEK8,CREAT,Creatinine,0.98,mg/dL,0.6,1.3,NORMAL,2026-03-10
SUBJ007,WEEK8,EGFR,Estimated glomerular filtration rate,72.82,mL/min/1.73m²,60.0,999.0,NORMAL,2026-03-10
SUBJ007,WEEK12,HBA1C,HbA1c,9.09,%,4.0,5.6,ABNORMAL,2026-04-03
SUBJ007,WEEK12,FPG,Fasting plasma glucose,151.45,mg/dL,70.0,99.0,ABNORMAL,2026-04-03
SUBJ007,WEEK12,INSULIN,Insulin,3.74,µIU/mL,2.6,24.9,NORMAL,2026-04-03
SUBJ007,WEEK12,CPEPTIDE,C-peptide,3.75,ng/mL,1.1,4.4,NORMAL,2026-04-03
SUBJ007,WEEK12,TC,Total cholesterol,177.71,mg/dL,125.0,200.0,NORMAL,2026-04-03
SUBJ007,WEEK12,LDL,LDL cholesterol,105.97,mg/dL,0.0,100.0,ABNORMAL,2026-04-03
SUBJ007,WEEK12,HDL,HDL cholesterol,50.55,mg/dL,40.0,999.0,NORMAL,2026-04-03
SUBJ007,WEEK12,TG,Triglycerides,204.49,mg/dL,0.0,150.0,ABNORMAL,2026-04-03
SUBJ007,WEEK12,ALT,Alanine aminotransferase,24.83,U/L,7.0,56.0,NORMAL,2026-04-03
SUBJ007,WEEK12,AST,Aspartate aminotransferase,24.39,U/L,10.0,40.0,NORMAL,2026-04-03
SUBJ007,WEEK12,CREAT,Creatinine,0.99,mg/dL,0.6,1.3,NORMAL,2026-04-03
SUBJ007,WEEK12,EGFR,Estimated glomerular filtration rate,73.38,mL/min/1.73m²,60.0,999.0,NORMAL,2026-04-03
SUBJ008,BASELINE,HBA1C,HbA1c,7.63,%,4.0,5.6,ABNORMAL,2026-02-03
SUBJ008,BASELINE,FPG,Fasting plasma glucose,118.46,mg/dL,70.0,99.0,ABNORMAL,2026-02-03
SUBJ008,BASELINE,INSULIN,Insulin,17.28,µIU/mL,2.6,24.9,NORMAL,2026-02-03
SUBJ008,BASELINE,CPEPTIDE,C-peptide,3.51,ng/mL,1.1,4.4,NORMAL,2026-02-03
SUBJ008,BASELINE,TC,Total cholesterol,217.01,mg/dL,125.0,200.0,ABNORMAL,2026-02-03
SUBJ008,BASELINE,LDL,LDL cholesterol,115.28,mg/dL,0.0,100.0,ABNORMAL,2026-02-03
SUBJ008,BASELINE,HDL,HDL cholesterol,39.58,mg/dL,40.0,999.0,ABNORMAL,2026-02-03
SUBJ008,BASELINE,TG,Triglycerides,151.38,mg/dL,0.0,150.0,ABNORMAL,2026-02-03
SUBJ008,BASELINE,ALT,Alanine aminotransferase,33.81,U/L,7.0,56.0,NORMAL,2026-02-03
SUBJ008,BASELINE,AST,Aspartate aminotransferase,19.74,U/L,10.0,40.0,NORMAL,2026-02-03
SUBJ008,BASELINE,CREAT,Creatinine,0.65,mg/dL,0.6,1.3,NORMAL,2026-02-03
SUBJ008,BASELINE,EGFR,Estimated glomerular filtration rate,106.57,mL/min/1.73m²,60.0,999.0,NORMAL,2026-02-03
SUBJ008,WEEK4,HBA1C,HbA1c,7.56,%,4.0,5.6,ABNORMAL,2026-03-01
SUBJ008,WEEK4,FPG,Fasting plasma glucose,124.2,mg/dL,70.0,99.0,ABNORMAL,2026-03-01
SUBJ008,WEEK4,INSULIN,Insulin,17.96,µIU/mL,2.6,24.9,NORMAL,2026-03-01
SUBJ008,WEEK4,CPEPTIDE,C-peptide,3.39,ng/mL,1.1,4.4,NORMAL,2026-03-01
SUBJ008,WEEK4,TC,Total cholesterol,217.26,mg/dL,125.0,200.0,ABNORMAL,2026-03-01
SUBJ008,WEEK4,LDL,LDL cholesterol,104.27,mg/dL,0.0,100.0,ABNORMAL,2026-03-01
SUBJ008,WEEK4,HDL,HDL cholesterol,44.83,mg/dL,40.0,999.0,NORMAL,2026-03-01
SUBJ008,WEEK4,TG,Triglycerides,145.19,mg/dL,0.0,150.0,NORMAL,2026-03-01
SUBJ008,WEEK4,ALT,Alanine aminotransferase,35.34,U/L,7.0,56.0,NORMAL,2026-03-01
SUBJ008,WEEK4,AST,Aspartate aminotransferase,14.09,U/L,10.0,40.0,NORMAL,2026-03-01
SUBJ008,WEEK4,CREAT,Creatinine,0.58,mg/dL,0.6,1.3,ABNORMAL,2026-03-01
SUBJ008,WEEK4,EGFR,Estimated glomerular filtration rate,107.0,mL/min/1.73m²,60.0,999.0,NORMAL,2026-03-01
SUBJ008,WEEK8,HBA1C,HbA1c,7.34,%,4.0,5.6,ABNORMAL,2026-04-02
SUBJ008,WEEK8,FPG,Fasting plasma glucose,104.09,mg/dL,70.0,99.0,ABNORMAL,2026-04-02
SUBJ008,WEEK8,INSULIN,Insulin,17.44,µIU/mL,2.6,24.9,NORMAL,2026-04-02
SUBJ008,WEEK8,CPEPTIDE,C-peptide,3.6,ng/mL,1.1,4.4,NORMAL,2026-04-02
SUBJ008,WEEK8,TC,Total cholesterol,207.38,mg/dL,125.0,200.0,ABNORMAL,2026-04-02
SUBJ008,WEEK8,LDL,LDL cholesterol,112.61,mg/dL,0.0,100.0,ABNORMAL,2026-04-02
SUBJ008,WEEK8,HDL,HDL cholesterol,42.65,mg/dL,40.0,999.0,NORMAL,2026-04-02
SUBJ008,WEEK8,TG,Triglycerides,132.94,mg/dL,0.0,150.0,NORMAL,2026-04-02
SUBJ008,WEEK8,ALT,Alanine aminotransferase,36.74,U/L,7.0,56.0,NORMAL,2026-04-02
SUBJ008,WEEK8,AST,Aspartate aminotransferase,18.95,U/L,10.0,40.0,NORMAL,2026-04-02
SUBJ008,WEEK8,CREAT,Creatinine,0.65,mg/dL,0.6,1.3,NORMAL,2026-04-02
SUBJ008,WEEK8,EGFR,Estimated glomerular filtration rate,109.99,mL/min/1.73m²,60.0,999.0,NORMAL,2026-04-02
SUBJ008,WEEK12,HBA1C,HbA1c,6.97,%,4.0,5.6,ABNORMAL,2026-04-26
SUBJ008,WEEK12,FPG,Fasting plasma glucose,99.78,mg/dL,70.0,99.0,ABNORMAL,2026-04-26
SUBJ008,WEEK12,INSULIN,Insulin,17.26,µIU/mL,2.6,24.9,NORMAL,2026-04-26
SUBJ008,WEEK12,CPEPTIDE,C-peptide,3.52,ng/mL,1.1,4.4,NORMAL,2026-04-26
SUBJ008,WEEK12,TC,Total cholesterol,210.68,mg/dL,125.0,200.0,ABNORMAL,2026-04-26
SUBJ008,WEEK12,LDL,LDL cholesterol,108.61,mg/dL,0.0,100.0,ABNORMAL,2026-04-26
SUBJ008,WEEK12,HDL,HDL cholesterol,45.09,mg/dL,40.0,999.0,NORMAL,2026-04-26
SUBJ008,WEEK12,TG,Triglycerides,123.08,mg/dL,0.0,150.0,NORMAL,2026-04-26
SUBJ008,WEEK12,ALT,Alanine aminotransferase,32.52,U/L,7.0,56.0,NORMAL,2026-04-26
SUBJ008,WEEK12,AST,Aspartate aminotransferase,15.39,U/L,10.0,40.0,NORMAL,2026-04-26
SUBJ008,WEEK12,CREAT,Creatinine,0.66,mg/dL,0.6,1.3,NORMAL,2026-04-26
SUBJ008,WEEK12,EGFR,Estimated glomerular filtration rate,105.79,mL/min/1.73m²,60.0,999.0,NORMAL,2026-04-26
SUBJ009,BASELINE,HBA1C,HbA1c,8.86,%,4.0,5.6,ABNORMAL,2026-01-29
SUBJ009,BASELINE,FPG,Fasting plasma glucose,142.25,mg/dL,70.0,99.0,ABNORMAL,2026-01-29
SUBJ009,BASELINE,INSULIN,Insulin,24.4,µIU/mL,2.6,24.9,NORMAL,2026-01-29
SUBJ009,BASELINE,CPEPTIDE,C-peptide,3.27,ng/mL,1.1,4.4,NORMAL,2026-01-29
SUBJ009,BASELINE,TC,Total cholesterol,164.08,mg/dL,125.0,200.0,NORMAL,2026-01-29
SUBJ009,BASELINE,LDL,LDL cholesterol,116.78,mg/dL,0.0,100.0,ABNORMAL,2026-01-29
SUBJ009,BASELINE,HDL,HDL cholesterol,45.18,mg/dL,40.0,999.0,NORMAL,2026-01-29
SUBJ009,BASELINE,TG,Triglycerides,188.84,mg/dL,0.0,150.0,ABNORMAL,2026-01-29
SUBJ009,BASELINE,ALT,Alanine aminotransferase,15.3,U/L,7.0,56.0,NORMAL,2026-01-29
SUBJ009,BASELINE,AST,Aspartate aminotransferase,29.31,U/L,10.0,40.0,NORMAL,2026-01-29
SUBJ009,BASELINE,CREAT,Creatinine,0.95,mg/dL,0.6,1.3,NORMAL,2026-01-29
SUBJ009,BASELINE,EGFR,Estimated glomerular filtration rate,82.78,mL/min/1.73m²,60.0,999.0,NORMAL,2026-01-29
SUBJ009,WEEK4,HBA1C,HbA1c,8.48,%,4.0,5.6,ABNORMAL,2026-02-25
SUBJ009,WEEK4,FPG,Fasting plasma glucose,127.85,mg/dL,70.0,99.0,ABNORMAL,2026-02-25
SUBJ009,WEEK4,INSULIN,Insulin,26.54,µIU/mL,2.6,24.9,ABNORMAL,2026-02-25
SUBJ009,WEEK4,CPEPTIDE,C-peptide,2.91,ng/mL,1.1,4.4,NORMAL,2026-02-25
SUBJ009,WEEK4,TC,Total cholesterol,174.04,mg/dL,125.0,200.0,NORMAL,2026-02-25
SUBJ009,WEEK4,LDL,LDL cholesterol,122.45,mg/dL,0.0,100.0,ABNORMAL,2026-02-25
SUBJ009,WEEK4,HDL,HDL cholesterol,50.06,mg/dL,40.0,999.0,NORMAL,2026-02-25
SUBJ009,WEEK4,TG,Triglycerides,175.47,mg/dL,0.0,150.0,ABNORMAL,2026-02-25
SUBJ009,WEEK4,ALT,Alanine aminotransferase,14.0,U/L,7.0,56.0,NORMAL,2026-02-25
SUBJ009,WEEK4,AST,Aspartate aminotransferase,27.81,U/L,10.0,40.0,NORMAL,2026-02-25
SUBJ009,WEEK4,CREAT,Creatinine,0.97,mg/dL,0.6,1.3,NORMAL,2026-02-25
SUBJ009,WEEK4,EGFR,Estimated glomerular filtration rate,78.85,mL/min/1.73m²,60.0,999.0,NORMAL,2026-02-25
SUBJ009,WEEK8,HBA1C,HbA1c,8.35,%,4.0,5.6,ABNORMAL,2026-03-24
SUBJ009,WEEK8,FPG,Fasting plasma glucose,122.07,mg/dL,70.0,99.0,ABNORMAL,2026-03-24
SUBJ009,WEEK8,INSULIN,Insulin,23.89,µIU/mL,2.6,24.9,NORMAL,2026-03-24
SUBJ009,WEEK8,CPEPTIDE,C-peptide,3.22,ng/mL,1.1,4.4,NORMAL,2026-03-24
SUBJ009,WEEK8,TC,Total cholesterol,153.94,mg/dL,125.0,200.0,NORMAL,2026-03-24
SUBJ009,WEEK8,LDL,LDL cholesterol,116.96,mg/dL,0.0,100.0,ABNORMAL,2026-03-24
SUBJ009,WEEK8,HDL,HDL cholesterol,43.79,mg/dL,40.0,999.0,NORMAL,2026-03-24
SUBJ009,WEEK8,TG,Triglycerides,183.4,mg/dL,0.0,150.0,ABNORMAL,2026-03-24
SUBJ009,WEEK8,ALT,Alanine aminotransferase,15.19,U/L,7.0,56.0,NORMAL,2026-03-24
SUBJ009,WEEK8,AST,Aspartate aminotransferase,26.72,U/L,10.0,40.0,NORMAL,2026-03-24
SUBJ009,WEEK8,CREAT,Creatinine,0.89,mg/dL,0.6,1.3,NORMAL,2026-03-24
SUBJ009,WEEK8,EGFR,Estimated glomerular filtration rate,81.59,mL/min/1.73m²,60.0,999.0,NORMAL,2026-03-24
SUBJ009,WEEK12,HBA1C,HbA1c,7.87,%,4.0,5.6,ABNORMAL,2026-04-21
SUBJ009,WEEK12,FPG,Fasting plasma glucose,103.74,mg/dL,70.0,99.0,ABNORMAL,2026-04-21
SUBJ009,WEEK12,INSULIN,Insulin,24.62,µIU/mL,2.6,24.9,NORMAL,2026-04-21
SUBJ009,WEEK12,CPEPTIDE,C-peptide,2.91,ng/mL,1.1,4.4,NORMAL,2026-04-21
SUBJ009,WEEK12,TC,Total cholesterol,160.91,mg/dL,125.0,200.0,NORMAL,2026-04-21
SUBJ009,WEEK12,LDL,LDL cholesterol,109.32,mg/dL,0.0,100.0,ABNORMAL,2026-04-21
SUBJ009,WEEK12,HDL,HDL cholesterol,44.26,mg/dL,40.0,999.0,NORMAL,2026-04-21
SUBJ009,WEEK12,TG,Triglycerides,171.24,mg/dL,0.0,150.0,ABNORMAL,2026-04-21
SUBJ009,WEEK12,ALT,Alanine aminotransferase,16.31,U/L,7.0,56.0,NORMAL,2026-04-21
SUBJ009,WEEK12,AST,Aspartate aminotransferase,25.48,U/L,10.0,40.0,NORMAL,2026-04-21
SUBJ009,WEEK12,CREAT,Creatinine,0.99,mg/dL,0.6,1.3,NORMAL,2026-04-21
SUBJ009,WEEK12,EGFR,Estimated glomerular filtration rate,78.53,mL/min/1.73m²,60.0,999.0,NORMAL,2026-04-21
SUBJ010,BASELINE,HBA1C,HbA1c,8.34,%,4.0,5.6,ABNORMAL,2026-01-17
SUBJ010,BASELINE,FPG,Fasting plasma glucose,176.61,mg/dL,70.0,99.0,ABNORMAL,2026-01-17
SUBJ010,BASELINE,INSULIN,Insulin,17.02,µIU/mL,2.6,24.9,NORMAL,2026-01-17
SUBJ010,BASELINE,CPEPTIDE,C-peptide,2.17,ng/mL,1.1,4.4,NORMAL,2026-01-17
SUBJ010,BASELINE,TC,Total cholesterol,178.85,mg/dL,125.0,200.0,NORMAL,2026-01-17
SUBJ010,BASELINE,LDL,LDL cholesterol,139.83,mg/dL,0.0,100.0,ABNORMAL,2026-01-17
SUBJ010,BASELINE,HDL,HDL cholesterol,38.48,mg/dL,40.0,999.0,ABNORMAL,2026-01-17
SUBJ010,BASELINE,TG,Triglycerides,74.0,mg/dL,0.0,150.0,NORMAL,2026-01-17
SUBJ010,BASELINE,ALT,Alanine aminotransferase,49.76,U/L,7.0,56.0,NORMAL,2026-01-17
SUBJ010,BASELINE,AST,Aspartate aminotransferase,30.96,U/L,10.0,40.0,NORMAL,2026-01-17
SUBJ010,BASELINE,CREAT,Creatinine,0.92,mg/dL,0.6,1.3,NORMAL,2026-01-17
SUBJ010,BASELINE,EGFR,Estimated glomerular filtration rate,80.19,mL/min/1.73m²,60.0,999.0,NORMAL,2026-01-17
SUBJ010,WEEK4,HBA1C,HbA1c,7.79,%,4.0,5.6,ABNORMAL,2026-02-14
SUBJ010,WEEK4,FPG,Fasting plasma glucose,159.27,mg/dL,70.0,99.0,ABNORMAL,2026-02-14
SUBJ010,WEEK4,INSULIN,Insulin,18.07,µIU/mL,2.6,24.9,NORMAL,2026-02-14
SUBJ010,WEEK4,CPEPTIDE,C-peptide,2.24,ng/mL,1.1,4.4,NORMAL,2026-02-14
SUBJ010,WEEK4,TC,Total cholesterol,169.78,mg/dL,125.0,200.0,NORMAL,2026-02-14
SUBJ010,WEEK4,LDL,LDL cholesterol,135.94,mg/dL,0.0,100.0,ABNORMAL,2026-02-14
SUBJ010,WEEK4,HDL,HDL cholesterol,35.41,mg/dL,40.0,999.0,ABNORMAL,2026-02-14
SUBJ010,WEEK4,TG,Triglycerides,60.18,mg/dL,0.0,150.0,NORMAL,2026-02-14
SUBJ010,WEEK4,ALT,Alanine aminotransferase,49.78,U/L,7.0,56.0,NORMAL,2026-02-14
SUBJ010,WEEK4,AST,Aspartate aminotransferase,33.31,U/L,10.0,40.0,NORMAL,2026-02-14
SUBJ010,WEEK4,CREAT,Creatinine,0.86,mg/dL,0.6,1.3,NORMAL,2026-02-14
SUBJ010,WEEK4,EGFR,Estimated glomerular filtration rate,74.33,mL/min/1.73m²,60.0,999.0,NORMAL,2026-02-14
SUBJ010,WEEK8,HBA1C,HbA1c,7.42,%,4.0,5.6,ABNORMAL,2026-03-13
SUBJ010,WEEK8,FPG,Fasting plasma glucose,144.65,mg/dL,70.0,99.0,ABNORMAL,2026-03-13
SUBJ010,WEEK8,INSULIN,Insulin,14.68,µIU/mL,2.6,24.9,NORMAL,2026-03-13
SUBJ010,WEEK8,CPEPTIDE,C-peptide,2.45,ng/mL,1.1,4.4,NORMAL,2026-03-13
SUBJ010,WEEK8,TC,Total cholesterol,176.73,mg/dL,125.0,200.0,NORMAL,2026-03-13
SUBJ010,WEEK8,LDL,LDL cholesterol,142.13,mg/dL,0.0,100.0,ABNORMAL,2026-03-13
SUBJ010,WEEK8,HDL,HDL cholesterol,40.38,mg/dL,40.0,999.0,NORMAL,2026-03-13
SUBJ010,WEEK8,TG,Triglycerides,74.09,mg/dL,0.0,150.0,NORMAL,2026-03-13
SUBJ010,WEEK8,ALT,Alanine aminotransferase,48.92,U/L,7.0,56.0,NORMAL,2026-03-13
SUBJ010,WEEK8,AST,Aspartate aminotransferase,29.74,U/L,10.0,40.0,NORMAL,2026-03-13
SUBJ010,WEEK8,CREAT,Creatinine,0.92,mg/dL,0.6,1.3,NORMAL,2026-03-13
SUBJ010,WEEK8,EGFR,Estimated glomerular filtration rate,75.61,mL/min/1.73m²,60.0,999.0,NORMAL,2026-03-13
SUBJ010,WEEK12,HBA1C,HbA1c,7.46,%,4.0,5.6,ABNORMAL,2026-04-12
SUBJ010,WEEK12,FPG,Fasting plasma glucose,124.09,mg/dL,70.0,99.0,ABNORMAL,2026-04-12
SUBJ010,WEEK12,INSULIN,Insulin,16.05,µIU/mL,2.6,24.9,NORMAL,2026-04-12
SUBJ010,WEEK12,CPEPTIDE,C-peptide,2.23,ng/mL,1.1,4.4,NORMAL,2026-04-12
SUBJ010,WEEK12,TC,Total cholesterol,178.55,mg/dL,125.0,200.0,NORMAL,2026-04-12
SUBJ010,WEEK12,LDL,LDL cholesterol,136.77,mg/dL,0.0,100.0,ABNORMAL,2026-04-12
SUBJ010,WEEK12,HDL,HDL cholesterol,38.53,mg/dL,40.0,999.0,ABNORMAL,2026-04-12
SUBJ010,WEEK12,TG,Triglycerides,78.72,mg/dL,0.0,150.0,NORMAL,2026-04-12
SUBJ010,WEEK12,ALT,Alanine aminotransferase,49.81,U/L,7.0,56.0,NORMAL,2026-04-12
SUBJ010,WEEK12,AST,Aspartate aminotransferase,31.32,U/L,10.0,40.0,NORMAL,2026-04-12
SUBJ010,WEEK12,CREAT,Creatinine,0.87,mg/dL,0.6,1.3,NORMAL,2026-04-12
SUBJ010,WEEK12,EGFR,Estimated glomerular filtration rate,75.57,mL/min/1.73m²,60.0,999.0,NORMAL,2026-04-12
SUBJ011,BASELINE,HBA1C,HbA1c,8.87,%,4.0,5.6,ABNORMAL,2026-01-13
SUBJ011,BASELINE,FPG,Fasting plasma glucose,180.04,mg/dL,70.0,99.0,ABNORMAL,2026-01-13
SUBJ011,BASELINE,INSULIN,Insulin,21.6,µIU/mL,2.6,24.9,NORMAL,2026-01-13
SUBJ011,BASELINE,CPEPTIDE,C-peptide,1.63,ng/mL,1.1,4.4,NORMAL,2026-01-13
SUBJ011,BASELINE,TC,Total cholesterol,191.44,mg/dL,125.0,200.0,NORMAL,2026-01-13
SUBJ011,BASELINE,LDL,LDL cholesterol,145.37,mg/dL,0.0,100.0,ABNORMAL,2026-01-13
SUBJ011,BASELINE,HDL,HDL cholesterol,43.05,mg/dL,40.0,999.0,NORMAL,2026-01-13
SUBJ011,BASELINE,TG,Triglycerides,200.35,mg/dL,0.0,150.0,ABNORMAL,2026-01-13
SUBJ011,BASELINE,ALT,Alanine aminotransferase,29.38,U/L,7.0,56.0,NORMAL,2026-01-13
SUBJ011,BASELINE,AST,Aspartate aminotransferase,25.3,U/L,10.0,40.0,NORMAL,2026-01-13
SUBJ011,BASELINE,CREAT,Creatinine,1.47,mg/dL,0.6,1.3,ABNORMAL,2026-01-13
SUBJ011,BASELINE,EGFR,Estimated glomerular filtration rate,88.12,mL/min/1.73m²,60.0,999.0,NORMAL,2026-01-13
SUBJ011,WEEK4,HBA1C,HbA1c,8.49,%,4.0,5.6,ABNORMAL,2026-02-11
SUBJ011,WEEK4,FPG,Fasting plasma glucose,170.24,mg/dL,70.0,99.0,ABNORMAL,2026-02-11
SUBJ011,WEEK4,INSULIN,Insulin,21.59,µIU/mL,2.6,24.9,NORMAL,2026-02-11
SUBJ011,WEEK4,CPEPTIDE,C-peptide,1.49,ng/mL,1.1,4.4,NORMAL,2026-02-11
SUBJ011,WEEK4,TC,Total cholesterol,200.81,mg/dL,125.0,200.0,ABNORMAL,2026-02-11
SUBJ011,WEEK4,LDL,LDL cholesterol,149.72,mg/dL,0.0,100.0,ABNORMAL,2026-02-11
SUBJ011,WEEK4,HDL,HDL cholesterol,40.96,mg/dL,40.0,999.0,NORMAL,2026-02-11
SUBJ011,WEEK4,TG,Triglycerides,206.78,mg/dL,0.0,150.0,ABNORMAL,2026-02-11
SUBJ011,WEEK4,ALT,Alanine aminotransferase,26.93,U/L,7.0,56.0,NORMAL,2026-02-11
SUBJ011,WEEK4,AST,Aspartate aminotransferase,27.7,U/L,10.0,40.0,NORMAL,2026-02-11
SUBJ011,WEEK4,CREAT,Creatinine,1.45,mg/dL,0.6,1.3,ABNORMAL,2026-02-11
SUBJ011,WEEK4,EGFR,Estimated glomerular filtration rate,87.4,mL/min/1.73m²,60.0,999.0,NORMAL,2026-02-11
SUBJ011,WEEK8,HBA1C,HbA1c,8.08,%,4.0,5.6,ABNORMAL,2026-03-12
SUBJ011,WEEK8,FPG,Fasting plasma glucose,155.96,mg/dL,70.0,99.0,ABNORMAL,2026-03-12
SUBJ011,WEEK8,INSULIN,Insulin,20.97,µIU/mL,2.6,24.9,NORMAL,2026-03-12
SUBJ011,WEEK8,CPEPTIDE,C-peptide,1.59,ng/mL,1.1,4.4,NORMAL,2026-03-12
SUBJ011,WEEK8,TC,Total cholesterol,195.05,mg/dL,125.0,200.0,NORMAL,2026-03-12
SUBJ011,WEEK8,LDL,LDL cholesterol,140.09,mg/dL,0.0,100.0,ABNORMAL,2026-03-12
SUBJ011,WEEK8,HDL,HDL cholesterol,44.96,mg/dL,40.0,999.0,NORMAL,2026-03-12
SUBJ011,WEEK8,TG,Triglycerides,194.11,mg/dL,0.0,150.0,ABNORMAL,2026-03-12
SUBJ011,WEEK8,ALT,Alanine aminotransferase,34.73,U/L,7.0,56.0,NORMAL,2026-03-12
SUBJ011,WEEK8,AST,Aspartate aminotransferase,23.43,U/L,10.0,40.0,NORMAL,2026-03-12
SUBJ011,WEEK8,CREAT,Creatinine,1.39,mg/dL,0.6,1.3,ABNORMAL,2026-03-12
SUBJ011,WEEK8,EGFR,Estimated glomerular filtration rate,87.96,mL/min/1.73m²,60.0,999.0,NORMAL,2026-03-12
SUBJ011,WEEK12,HBA1C,HbA1c,8.07,%,4.0,5.6,ABNORMAL,2026-04-06
SUBJ011,WEEK12,FPG,Fasting plasma glucose,141.85,mg/dL,70.0,99.0,ABNORMAL,2026-04-06
SUBJ011,WEEK12,INSULIN,Insulin,20.15,µIU/mL,2.6,24.9,NORMAL,2026-04-06
SUBJ011,WEEK12,CPEPTIDE,C-peptide,1.62,ng/mL,1.1,4.4,NORMAL,2026-04-06
SUBJ011,WEEK12,TC,Total cholesterol,193.29,mg/dL,125.0,200.0,NORMAL,2026-04-06
SUBJ011,WEEK12,LDL,LDL cholesterol,141.53,mg/dL,0.0,100.0,ABNORMAL,2026-04-06
SUBJ011,WEEK12,HDL,HDL cholesterol,42.47,mg/dL,40.0,999.0,NORMAL,2026-04-06
SUBJ011,WEEK12,TG,Triglycerides,180.85,mg/dL,0.0,150.0,ABNORMAL,2026-04-06
SUBJ011,WEEK12,ALT,Alanine aminotransferase,35.2,U/L,7.0,56.0,NORMAL,2026-04-06
SUBJ011,WEEK12,AST,Aspartate aminotransferase,24.95,U/L,10.0,40.0,NORMAL,2026-04-06
SUBJ011,WEEK12,CREAT,Creatinine,1.42,mg/dL,0.6,1.3,ABNORMAL,2026-04-06
SUBJ011,WEEK12,EGFR,Estimated glomerular filtration rate,85.77,mL/min/1.73m²,60.0,999.0,NORMAL,2026-04-06
SUBJ012,BASELINE,HBA1C,HbA1c,7.25,%,4.0,5.6,ABNORMAL,2026-01-11
SUBJ012,BASELINE,FPG,Fasting plasma glucose,167.42,mg/dL,70.0,99.0,ABNORMAL,2026-01-11
SUBJ012,BASELINE,INSULIN,Insulin,8.95,µIU/mL,2.6,24.9,NORMAL,2026-01-11
SUBJ012,BASELINE,CPEPTIDE,C-peptide,2.87,ng/mL,1.1,4.4,NORMAL,2026-01-11
SUBJ012,BASELINE,TC,Total cholesterol,141.22,mg/dL,125.0,200.0,NORMAL,2026-01-11
SUBJ012,BASELINE,LDL,LDL cholesterol,78.94,mg/dL,0.0,100.0,NORMAL,2026-01-11
SUBJ012,BASELINE,HDL,HDL cholesterol,46.05,mg/dL,40.0,999.0,NORMAL,2026-01-11
SUBJ012,BASELINE,TG,Triglycerides,146.48,mg/dL,0.0,150.0,NORMAL,2026-01-11
SUBJ012,BASELINE,ALT,Alanine aminotransferase,35.91,U/L,7.0,56.0,NORMAL,2026-01-11
SUBJ012,BASELINE,AST,Aspartate aminotransferase,12.66,U/L,10.0,40.0,NORMAL,2026-01-11
SUBJ012,BASELINE,CREAT,Creatinine,0.73,mg/dL,0.6,1.3,NORMAL,2026-01-11
SUBJ012,BASELINE,EGFR,Estimated glomerular filtration rate,64.79,mL/min/1.73m²,60.0,999.0,NORMAL,2026-01-11
SUBJ012,WEEK4,HBA1C,HbA1c,6.97,%,4.0,5.6,ABNORMAL,2026-02-09
SUBJ012,WEEK4,FPG,Fasting plasma glucose,157.65,mg/dL,70.0,99.0,ABNORMAL,2026-02-09
SUBJ012,WEEK4,INSULIN,Insulin,7.17,µIU/mL,2.6,24.9,NORMAL,2026-02-09
SUBJ012,WEEK4,CPEPTIDE,C-peptide,2.88,ng/mL,1.1,4.4,NORMAL,2026-02-09
SUBJ012,WEEK4,TC,Total cholesterol,138.85,mg/dL,125.0,200.0,NORMAL,2026-02-09
SUBJ012,WEEK4,LDL,LDL cholesterol,76.74,mg/dL,0.0,100.0,NORMAL,2026-02-09
SUBJ012,WEEK4,HDL,HDL cholesterol,49.38,mg/dL,40.0,999.0,NORMAL,2026-02-09
SUBJ012,WEEK4,TG,Triglycerides,155.87,mg/dL,0.0,150.0,ABNORMAL,2026-02-09
SUBJ012,WEEK4,ALT,Alanine aminotransferase,39.59,U/L,7.0,56.0,NORMAL,2026-02-09
SUBJ012,WEEK4,AST,Aspartate aminotransferase,5.81,U/L,10.0,40.0,ABNORMAL,2026-02-09
SUBJ012,WEEK4,CREAT,Creatinine,0.71,mg/dL,0.6,1.3,NORMAL,2026-02-09
SUBJ012,WEEK4,EGFR,Estimated glomerular filtration rate,60.49,mL/min/1.73m²,60.0,999.0,NORMAL,2026-02-09
SUBJ012,WEEK8,HBA1C,HbA1c,6.74,%,4.0,5.6,ABNORMAL,2026-03-07
SUBJ012,WEEK8,FPG,Fasting plasma glucose,134.47,mg/dL,70.0,99.0,ABNORMAL,2026-03-07
SUBJ012,WEEK8,INSULIN,Insulin,9.32,µIU/mL,2.6,24.9,NORMAL,2026-03-07
SUBJ012,WEEK8,CPEPTIDE,C-peptide,2.79,ng/mL,1.1,4.4,NORMAL,2026-03-07
SUBJ012,WEEK8,TC,Total cholesterol,139.43,mg/dL,125.0,200.0,NORMAL,2026-03-07
SUBJ012,WEEK8,LDL,LDL cholesterol,68.44,mg/dL,0.0,100.0,NORMAL,2026-03-07
SUBJ012,WEEK8,HDL,HDL cholesterol,47.42,mg/dL,40.0,999.0,NORMAL,2026-03-07
SUBJ012,WEEK8,TG,Triglycerides,127.71,mg/dL,0.0,150.0,NORMAL,2026-03-07
SUBJ012,WEEK8,ALT,Alanine aminotransferase,34.14,U/L,7.0,56.0,NORMAL,2026-03-07
SUBJ012,WEEK8,AST,Aspartate aminotransferase,12.77,U/L,10.0,40.0,NORMAL,2026-03-07
SUBJ012,WEEK8,CREAT,Creatinine,0.66,mg/dL,0.6,1.3,NORMAL,2026-03-07
SUBJ012,WEEK8,EGFR,Estimated glomerular filtration rate,64.52,mL/min/1.73m²,60.0,999.0,NORMAL,2026-03-07
SUBJ012,WEEK12,HBA1C,HbA1c,6.34,%,4.0,5.6,ABNORMAL,2026-04-07
SUBJ012,WEEK12,FPG,Fasting plasma glucose,130.51,mg/dL,70.0,99.0,ABNORMAL,2026-04-07
SUBJ012,WEEK12,INSULIN,Insulin,9.89,µIU/mL,2.6,24.9,NORMAL,2026-04-07
SUBJ012,WEEK12,CPEPTIDE,C-peptide,3.11,ng/mL,1.1,4.4,NORMAL,2026-04-07
SUBJ012,WEEK12,TC,Total cholesterol,141.17,mg/dL,125.0,200.0,NORMAL,2026-04-07
SUBJ012,WEEK12,LDL,LDL cholesterol,68.71,mg/dL,0.0,100.0,NORMAL,2026-04-07
SUBJ012,WEEK12,HDL,HDL cholesterol,51.56,mg/dL,40.0,999.0,NORMAL,2026-04-07
SUBJ012,WEEK12,TG,Triglycerides,154.01,mg/dL,0.0,150.0,ABNORMAL,2026-04-07
SUBJ012,WEEK12,ALT,Alanine aminotransferase,33.57,U/L,7.0,56.0,NORMAL,2026-04-07
SUBJ012,WEEK12,AST,Aspartate aminotransferase,10.52,U/L,10.0,40.0,NORMAL,2026-04-07
SUBJ012,WEEK12,CREAT,Creatinine,0.75,mg/dL,0.6,1.3,NORMAL,2026-04-07
SUBJ012,WEEK12,EGFR,Estimated glomerular filtration rate,60.31,mL/min/1.73m²,60.0,999.0,NORMAL,2026-04-07
SUBJ013,BASELINE,HBA1C,HbA1c,8.25,%,4.0,5.6,ABNORMAL,2026-01-24
SUBJ013,BASELINE,FPG,Fasting plasma glucose,195.24,mg/dL,70.0,99.0,ABNORMAL,2026-01-24
SUBJ013,BASELINE,INSULIN,Insulin,17.84,µIU/mL,2.6,24.9,NORMAL,2026-01-24
SUBJ013,BASELINE,CPEPTIDE,C-peptide,2.52,ng/mL,1.1,4.4,NORMAL,2026-01-24
SUBJ013,BASELINE,TC,Total cholesterol,202.87,mg/dL,125.0,200.0,ABNORMAL,2026-01-24
SUBJ013,BASELINE,LDL,LDL cholesterol,131.02,mg/dL,0.0,100.0,ABNORMAL,2026-01-24
SUBJ013,BASELINE,HDL,HDL cholesterol,35.69,mg/dL,40.0,999.0,ABNORMAL,2026-01-24
SUBJ013,BASELINE,TG,Triglycerides,171.14,mg/dL,0.0,150.0,ABNORMAL,2026-01-24
SUBJ013,BASELINE,ALT,Alanine aminotransferase,28.36,U/L,7.0,56.0,NORMAL,2026-01-24
SUBJ013,BASELINE,AST,Aspartate aminotransferase,34.8,U/L,10.0,40.0,NORMAL,2026-01-24
SUBJ013,BASELINE,CREAT,Creatinine,0.89,mg/dL,0.6,1.3,NORMAL,2026-01-24
SUBJ013,BASELINE,EGFR,Estimated glomerular filtration rate,94.77,mL/min/1.73m²,60.0,999.0,NORMAL,2026-01-24
SUBJ013,WEEK4,HBA1C,HbA1c,8.03,%,4.0,5.6,ABNORMAL,2026-02-23
SUBJ013,WEEK4,FPG,Fasting plasma glucose,187.5,mg/dL,70.0,99.0,ABNORMAL,2026-02-23
SUBJ013,WEEK4,INSULIN,Insulin,20.47,µIU/mL,2.6,24.9,NORMAL,2026-02-23
SUBJ013,WEEK4,CPEPTIDE,C-peptide,2.33,ng/mL,1.1,4.4,NORMAL,2026-02-23
SUBJ013,WEEK4,TC,Total cholesterol,209.37,mg/dL,125.0,200.0,ABNORMAL,2026-02-23
SUBJ013,WEEK4,LDL,LDL cholesterol,131.88,mg/dL,0.0,100.0,ABNORMAL,2026-02-23
SUBJ013,WEEK4,HDL,HDL cholesterol,34.54,mg/dL,40.0,999.0,ABNORMAL,2026-02-23
SUBJ013,WEEK4,TG,Triglycerides,164.62,mg/dL,0.0,150.0,ABNORMAL,2026-02-23
SUBJ013,WEEK4,ALT,Alanine aminotransferase,22.91,U/L,7.0,56.0,NORMAL,2026-02-23
SUBJ013,WEEK4,AST,Aspartate aminotransferase,32.54,U/L,10.0,40.0,NORMAL,2026-02-23
SUBJ013,WEEK4,CREAT,Creatinine,0.92,mg/dL,0.6,1.3,NORMAL,2026-02-23
SUBJ013,WEEK4,EGFR,Estimated glomerular filtration rate,98.14,mL/min/1.73m²,60.0,999.0,NORMAL,2026-02-23
SUBJ013,WEEK8,HBA1C,HbA1c,7.74,%,4.0,5.6,ABNORMAL,2026-03-22
SUBJ013,WEEK8,FPG,Fasting plasma glucose,180.77,mg/dL,70.0,99.0,ABNORMAL,2026-03-22
SUBJ013,WEEK8,INSULIN,Insulin,16.93,µIU/mL,2.6,24.9,NORMAL,2026-03-22
SUBJ013,WEEK8,CPEPTIDE,C-peptide,2.66,ng/mL,1.1,4.4,NORMAL,2026-03-22
SUBJ013,WEEK8,TC,Total cholesterol,208.01,mg/dL,125.0,200.0,ABNORMAL,2026-03-22
SUBJ013,WEEK8,LDL,LDL cholesterol,116.48,mg/dL,0.0,100.0,ABNORMAL,2026-03-22
SUBJ013,WEEK8,HDL,HDL cholesterol,35.91,mg/dL,40.0,999.0,ABNORMAL,2026-03-22
SUBJ013,WEEK8,TG,Triglycerides,165.32,mg/dL,0.0,150.0,ABNORMAL,2026-03-22
SUBJ013,WEEK8,ALT,Alanine aminotransferase,21.33,U/L,7.0,56.0,NORMAL,2026-03-22
SUBJ013,WEEK8,AST,Aspartate aminotransferase,36.04,U/L,10.0,40.0,NORMAL,2026-03-22
SUBJ013,WEEK8,CREAT,Creatinine,0.93,mg/dL,0.6,1.3,NORMAL,2026-03-22
SUBJ013,WEEK8,EGFR,Estimated glomerular filtration rate,94.52,mL/min/1.73m²,60.0,999.0,NORMAL,2026-03-22
SUBJ013,WEEK12,HBA1C,HbA1c,7.64,%,4.0,5.6,ABNORMAL,2026-04-16
SUBJ013,WEEK12,FPG,Fasting plasma glucose,173.37,mg/dL,70.0,99.0,ABNORMAL,2026-04-16
SUBJ013,WEEK12,INSULIN,Insulin,16.15,µIU/mL,2.6,24.9,NORMAL,2026-04-16
SUBJ013,WEEK12,CPEPTIDE,C-peptide,2.23,ng/mL,1.1,4.4,NORMAL,2026-04-16
SUBJ013,WEEK12,TC,Total cholesterol,209.01,mg/dL,125.0,200.0,ABNORMAL,2026-04-16
SUBJ013,WEEK12,LDL,LDL cholesterol,130.25,mg/dL,0.0,100.0,ABNORMAL,2026-04-16
SUBJ013,WEEK12,HDL,HDL cholesterol,41.58,mg/dL,40.0,999.0,NORMAL,2026-04-16
SUBJ013,WEEK12,TG,Triglycerides,163.35,mg/dL,0.0,150.0,ABNORMAL,2026-04-16
SUBJ013,WEEK12,ALT,Alanine aminotransferase,27.73,U/L,7.0,56.0,NORMAL,2026-04-16
SUBJ013,WEEK12,AST,Aspartate aminotransferase,29.99,U/L,10.0,40.0,NORMAL,2026-04-16
SUBJ013,WEEK12,CREAT,Creatinine,0.95,mg/dL,0.6,1.3,NORMAL,2026-04-16
SUBJ013,WEEK12,EGFR,Estimated glomerular filtration rate,93.82,mL/min/1.73m²,60.0,999.0,NORMAL,2026-04-16
SUBJ014,BASELINE,HBA1C,HbA1c,8.68,%,4.0,5.6,ABNORMAL,2026-01-11
SUBJ014,BASELINE,FPG,Fasting plasma glucose,156.14,mg/dL,70.0,99.0,ABNORMAL,2026-01-11
SUBJ014,BASELINE,INSULIN,Insulin,7.9,µIU/mL,2.6,24.9,NORMAL,2026-01-11
SUBJ014,BASELINE,CPEPTIDE,C-peptide,2.87,ng/mL,1.1,4.4,NORMAL,2026-01-11
SUBJ014,BASELINE,TC,Total cholesterol,160.78,mg/dL,125.0,200.0,NORMAL,2026-01-11
SUBJ014,BASELINE,LDL,LDL cholesterol,120.34,mg/dL,0.0,100.0,ABNORMAL,2026-01-11
SUBJ014,BASELINE,HDL,HDL cholesterol,53.31,mg/dL,40.0,999.0,NORMAL,2026-01-11
SUBJ014,BASELINE,TG,Triglycerides,214.96,mg/dL,0.0,150.0,ABNORMAL,2026-01-11
SUBJ014,BASELINE,ALT,Alanine aminotransferase,31.8,U/L,7.0,56.0,NORMAL,2026-01-11
SUBJ014,BASELINE,AST,Aspartate aminotransferase,37.43,U/L,10.0,40.0,NORMAL,2026-01-11
SUBJ014,BASELINE,CREAT,Creatinine,0.98,mg/dL,0.6,1.3,NORMAL,2026-01-11
SUBJ014,BASELINE,EGFR,Estimated glomerular filtration rate,71.13,mL/min/1.73m²,60.0,999.0,NORMAL,2026-01-11
SUBJ014,WEEK4,HBA1C,HbA1c,8.2,%,4.0,5.6,ABNORMAL,2026-02-08
SUBJ014,WEEK4,FPG,Fasting plasma glucose,139.28,mg/dL,70.0,99.0,ABNORMAL,2026-02-08
SUBJ014,WEEK4,INSULIN,Insulin,9.45,µIU/mL,2.6,24.9,NORMAL,2026-02-08
SUBJ014,WEEK4,CPEPTIDE,C-peptide,3.14,ng/mL,1.1,4.4,NORMAL,2026-02-08
SUBJ014,WEEK4,TC,Total cholesterol,154.29,mg/dL,125.0,200.0,NORMAL,2026-02-08
SUBJ014,WEEK4,LDL,LDL cholesterol,132.73,mg/dL,0.0,100.0,ABNORMAL,2026-02-08
SUBJ014,WEEK4,HDL,HDL cholesterol,52.61,mg/dL,40.0,999.0,NORMAL,2026-02-08
SUBJ014,WEEK4,TG,Triglycerides,215.49,mg/dL,0.0,150.0,ABNORMAL,2026-02-08
SUBJ014,WEEK4,ALT,Alanine aminotransferase,30.07,U/L,7.0,56.0,NORMAL,2026-02-08
SUBJ014,WEEK4,AST,Aspartate aminotransferase,40.24,U/L,10.0,40.0,ABNORMAL,2026-02-08
SUBJ014,WEEK4,CREAT,Creatinine,1.01,mg/dL,0.6,1.3,NORMAL,2026-02-08
SUBJ014,WEEK4,EGFR,Estimated glomerular filtration rate,74.26,mL/min/1.73m²,60.0,999.0,NORMAL,2026-02-08
SUBJ014,WEEK8,HBA1C,HbA1c,7.98,%,4.0,5.6,ABNORMAL,2026-03-09
SUBJ014,WEEK8,FPG,Fasting plasma glucose,117.14,mg/dL,70.0,99.0,ABNORMAL,2026-03-09
SUBJ014,WEEK8,INSULIN,Insulin,9.37,µIU/mL,2.6,24.9,NORMAL,2026-03-09
SUBJ014,WEEK8,CPEPTIDE,C-peptide,2.86,ng/mL,1.1,4.4,NORMAL,2026-03-09
SUBJ014,WEEK8,TC,Total cholesterol,151.82,mg/dL,125.0,200.0,NORMAL,2026-03-09
SUBJ014,WEEK8,LDL,LDL cholesterol,126.4,mg/dL,0.0,100.0,ABNORMAL,2026-03-09
SUBJ014,WEEK8,HDL,HDL cholesterol,56.18,mg/dL,40.0,999.0,NORMAL,2026-03-09
SUBJ014,WEEK8,TG,Triglycerides,205.66,mg/dL,0.0,150.0,ABNORMAL,2026-03-09
SUBJ014,WEEK8,ALT,Alanine aminotransferase,30.69,U/L,7.0,56.0,NORMAL,2026-03-09
SUBJ014,WEEK8,AST,Aspartate aminotransferase,41.05,U/L,10.0,40.0,ABNORMAL,2026-03-09
SUBJ014,WEEK8,CREAT,Creatinine,1.03,mg/dL,0.6,1.3,NORMAL,2026-03-09
SUBJ014,WEEK8,EGFR,Estimated glomerular filtration rate,76.56,mL/min/1.73m²,60.0,999.0,NORMAL,2026-03-09
SUBJ014,WEEK12,HBA1C,HbA1c,7.84,%,4.0,5.6,ABNORMAL,2026-04-06
SUBJ014,WEEK12,FPG,Fasting plasma glucose,124.56,mg/dL,70.0,99.0,ABNORMAL,2026-04-06
SUBJ014,WEEK12,INSULIN,Insulin,9.16,µIU/mL,2.6,24.9,NORMAL,2026-04-06
SUBJ014,WEEK12,CPEPTIDE,C-peptide,2.9,ng/mL,1.1,4.4,NORMAL,2026-04-06
SUBJ014,WEEK12,TC,Total cholesterol,154.19,mg/dL,125.0,200.0,NORMAL,2026-04-06
SUBJ014,WEEK12,LDL,LDL cholesterol,119.16,mg/dL,0.0,100.0,ABNORMAL,2026-04-06
SUBJ014,WEEK12,HDL,HDL cholesterol,56.5,mg/dL,40.0,999.0,NORMAL,2026-04-06
SUBJ014,WEEK12,TG,Triglycerides,198.97,mg/dL,0.0,150.0,ABNORMAL,2026-04-06
SUBJ014,WEEK12,ALT,Alanine aminotransferase,29.52,U/L,7.0,56.0,NORMAL,2026-04-06
SUBJ014,WEEK12,AST,Aspartate aminotransferase,37.37,U/L,10.0,40.0,NORMAL,2026-04-06
SUBJ014,WEEK12,CREAT,Creatinine,1.05,mg/dL,0.6,1.3,NORMAL,2026-04-06
SUBJ014,WEEK12,EGFR,Estimated glomerular filtration rate,75.8,mL/min/1.73m²,60.0,999.0,NORMAL,2026-04-06
SUBJ015,BASELINE,HBA1C,HbA1c,7.93,%,4.0,5.6,ABNORMAL,2026-01-12
SUBJ015,BASELINE,FPG,Fasting plasma glucose,211.14,mg/dL,70.0,99.0,ABNORMAL,2026-01-12
SUBJ015,BASELINE,INSULIN,Insulin,8.08,µIU/mL,2.6,24.9,NORMAL,2026-01-12
SUBJ015,BASELINE,CPEPTIDE,C-peptide,3.87,ng/mL,1.1,4.4,NORMAL,2026-01-12
SUBJ015,BASELINE,TC,Total cholesterol,168.35,mg/dL,125.0,200.0,NORMAL,2026-01-12
SUBJ015,BASELINE,LDL,LDL cholesterol,118.93,mg/dL,0.0,100.0,ABNORMAL,2026-01-12
SUBJ015,BASELINE,HDL,HDL cholesterol,61.07,mg/dL,40.0,999.0,NORMAL,2026-01-12
SUBJ015,BASELINE,TG,Triglycerides,169.36,mg/dL,0.0,150.0,ABNORMAL,2026-01-12
SUBJ015,BASELINE,ALT,Alanine aminotransferase,51.87,U/L,7.0,56.0,NORMAL,2026-01-12
SUBJ015,BASELINE,AST,Aspartate aminotransferase,25.26,U/L,10.0,40.0,NORMAL,2026-01-12
SUBJ015,BASELINE,CREAT,Creatinine,0.57,mg/dL,0.6,1.3,ABNORMAL,2026-01-12
SUBJ015,BASELINE,EGFR,Estimated glomerular filtration rate,49.15,mL/min/1.73m²,60.0,999.0,ABNORMAL,2026-01-12
SUBJ015,WEEK4,HBA1C,HbA1c,7.71,%,4.0,5.6,ABNORMAL,2026-02-08
SUBJ015,WEEK4,FPG,Fasting plasma glucose,193.09,mg/dL,70.0,99.0,ABNORMAL,2026-02-08
SUBJ015,WEEK4,INSULIN,Insulin,7.21,µIU/mL,2.6,24.9,NORMAL,2026-02-08
SUBJ015,WEEK4,CPEPTIDE,C-peptide,3.81,ng/mL,1.1,4.4,NORMAL,2026-02-08
SUBJ015,WEEK4,TC,Total cholesterol,172.5,mg/dL,125.0,200.0,NORMAL,2026-02-08
SUBJ015,WEEK4,LDL,LDL cholesterol,111.89,mg/dL,0.0,100.0,ABNORMAL,2026-02-08
SUBJ015,WEEK4,HDL,HDL cholesterol,57.99,mg/dL,40.0,999.0,NORMAL,2026-02-08
SUBJ015,WEEK4,TG,Triglycerides,149.59,mg/dL,0.0,150.0,NORMAL,2026-02-08
SUBJ015,WEEK4,ALT,Alanine aminotransferase,52.24,U/L,7.0,56.0,NORMAL,2026-02-08
SUBJ015,WEEK4,AST,Aspartate aminotransferase,26.51,U/L,10.0,40.0,NORMAL,2026-02-08
SUBJ015,WEEK4,CREAT,Creatinine,0.55,mg/dL,0.6,1.3,ABNORMAL,2026-02-08
SUBJ015,WEEK4,EGFR,Estimated glomerular filtration rate,49.09,mL/min/1.73m²,60.0,999.0,ABNORMAL,2026-02-08
SUBJ015,WEEK8,HBA1C,HbA1c,7.36,%,4.0,5.6,ABNORMAL,2026-03-11
SUBJ015,WEEK8,FPG,Fasting plasma glucose,177.67,mg/dL,70.0,99.0,ABNORMAL,2026-03-11
SUBJ015,WEEK8,INSULIN,Insulin,7.62,µIU/mL,2.6,24.9,NORMAL,2026-03-11
SUBJ015,WEEK8,CPEPTIDE,C-peptide,3.41,ng/mL,1.1,4.4,NORMAL,2026-03-11
SUBJ015,WEEK8,TC,Total cholesterol,170.56,mg/dL,125.0,200.0,NORMAL,2026-03-11
SUBJ015,WEEK8,LDL,LDL cholesterol,113.94,mg/dL,0.0,100.0,ABNORMAL,2026-03-11
SUBJ015,WEEK8,HDL,HDL cholesterol,61.78,mg/dL,40.0,999.0,NORMAL,2026-03-11
SUBJ015,WEEK8,TG,Triglycerides,148.1,mg/dL,0.0,150.0,NORMAL,2026-03-11
SUBJ015,WEEK8,ALT,Alanine aminotransferase,49.43,U/L,7.0,56.0,NORMAL,2026-03-11
SUBJ015,WEEK8,AST,Aspartate aminotransferase,23.66,U/L,10.0,40.0,NORMAL,2026-03-11
SUBJ015,WEEK8,CREAT,Creatinine,0.62,mg/dL,0.6,1.3,NORMAL,2026-03-11
SUBJ015,WEEK8,EGFR,Estimated glomerular filtration rate,49.7,mL/min/1.73m²,60.0,999.0,ABNORMAL,2026-03-11
SUBJ015,WEEK12,HBA1C,HbA1c,7.14,%,4.0,5.6,ABNORMAL,2026-04-06
SUBJ015,WEEK12,FPG,Fasting plasma glucose,182.29,mg/dL,70.0,99.0,ABNORMAL,2026-04-06
SUBJ015,WEEK12,INSULIN,Insulin,6.96,µIU/mL,2.6,24.9,NORMAL,2026-04-06
SUBJ015,WEEK12,CPEPTIDE,C-peptide,3.77,ng/mL,1.1,4.4,NORMAL,2026-04-06
SUBJ015,WEEK12,TC,Total cholesterol,176.51,mg/dL,125.0,200.0,NORMAL,2026-04-06
SUBJ015,WEEK12,LDL,LDL cholesterol,116.62,mg/dL,0.0,100.0,ABNORMAL,2026-04-06
SUBJ015,WEEK12,HDL,HDL cholesterol,60.37,mg/dL,40.0,999.0,NORMAL,2026-04-06
SUBJ015,WEEK12,TG,Triglycerides,146.3,mg/dL,0.0,150.0,NORMAL,2026-04-06
SUBJ015,WEEK12,ALT,Alanine aminotransferase,51.84,U/L,7.0,56.0,NORMAL,2026-04-06
SUBJ015,WEEK12,AST,Aspartate aminotransferase,22.96,U/L,10.0,40.0,NORMAL,2026-04-06
SUBJ015,WEEK12,CREAT,Creatinine,0.58,mg/dL,0.6,1.3,ABNORMAL,2026-04-06
SUBJ015,WEEK12,EGFR,Estimated glomerular filtration rate,44.79,mL/min/1.73m²,60.0,999.0,ABNORMAL,2026-04-06
SUBJ016,BASELINE,HBA1C,HbA1c,7.27,%,4.0,5.6,ABNORMAL,2026-01-11
SUBJ016,BASELINE,FPG,Fasting plasma glucose,158.73,mg/dL,70.0,99.0,ABNORMAL,2026-01-11
SUBJ016,BASELINE,INSULIN,Insulin,14.96,µIU/mL,2.6,24.9,NORMAL,2026-01-11
SUBJ016,BASELINE,CPEPTIDE,C-peptide,3.26,ng/mL,1.1,4.4,NORMAL,2026-01-11
SUBJ016,BASELINE,TC,Total cholesterol,193.58,mg/dL,125.0,200.0,NORMAL,2026-01-11
SUBJ016,BASELINE,LDL,LDL cholesterol,115.88,mg/dL,0.0,100.0,ABNORMAL,2026-01-11
SUBJ016,BASELINE,HDL,HDL cholesterol,48.4,mg/dL,40.0,999.0,NORMAL,2026-01-11
SUBJ016,BASELINE,TG,Triglycerides,216.71,mg/dL,0.0,150.0,ABNORMAL,2026-01-11
SUBJ016,BASELINE,ALT,Alanine aminotransferase,34.89,U/L,7.0,56.0,NORMAL,2026-01-11
SUBJ016,BASELINE,AST,Aspartate aminotransferase,34.99,U/L,10.0,40.0,NORMAL,2026-01-11
SUBJ016,BASELINE,CREAT,Creatinine,0.93,mg/dL,0.6,1.3,NORMAL,2026-01-11
SUBJ016,BASELINE,EGFR,Estimated glomerular filtration rate,107.06,mL/min/1.73m²,60.0,999.0,NORMAL,2026-01-11
SUBJ016,WEEK4,HBA1C,HbA1c,7.29,%,4.0,5.6,ABNORMAL,2026-02-10
SUBJ016,WEEK4,FPG,Fasting plasma glucose,153.85,mg/dL,70.0,99.0,ABNORMAL,2026-02-10
SUBJ016,WEEK4,INSULIN,Insulin,14.94,µIU/mL,2.6,24.9,NORMAL,2026-02-10
SUBJ016,WEEK4,CPEPTIDE,C-peptide,3.69,ng/mL,1.1,4.4,NORMAL,2026-02-10
SUBJ016,WEEK4,TC,Total cholesterol,179.52,mg/dL,125.0,200.0,NORMAL,2026-02-10
SUBJ016,WEEK4,LDL,LDL cholesterol,122.06,mg/dL,0.0,100.0,ABNORMAL,2026-02-10
SUBJ016,WEEK4,HDL,HDL cholesterol,44.7,mg/dL,40.0,999.0,NORMAL,2026-02-10
SUBJ016,WEEK4,TG,Triglycerides,225.91,mg/dL,0.0,150.0,ABNORMAL,2026-02-10
SUBJ016,WEEK4,ALT,Alanine aminotransferase,34.08,U/L,7.0,56.0,NORMAL,2026-02-10
SUBJ016,WEEK4,AST,Aspartate aminotransferase,34.88,U/L,10.0,40.0,NORMAL,2026-02-10
SUBJ016,WEEK4,CREAT,Creatinine,0.93,mg/dL,0.6,1.3,NORMAL,2026-02-10
SUBJ016,WEEK4,EGFR,Estimated glomerular filtration rate,104.36,mL/min/1.73m²,60.0,999.0,NORMAL,2026-02-10
SUBJ016,WEEK8,HBA1C,HbA1c,6.8,%,4.0,5.6,ABNORMAL,2026-03-09
SUBJ016,WEEK8,FPG,Fasting plasma glucose,133.58,mg/dL,70.0,99.0,ABNORMAL,2026-03-09
SUBJ016,WEEK8,INSULIN,Insulin,14.26,µIU/mL,2.6,24.9,NORMAL,2026-03-09
SUBJ016,WEEK8,CPEPTIDE,C-peptide,3.66,ng/mL,1.1,4.4,NORMAL,2026-03-09
SUBJ016,WEEK8,TC,Total cholesterol,182.81,mg/dL,125.0,200.0,NORMAL,2026-03-09
SUBJ016,WEEK8,LDL,LDL cholesterol,117.23,mg/dL,0.0,100.0,ABNORMAL,2026-03-09
SUBJ016,WEEK8,HDL,HDL cholesterol,46.72,mg/dL,40.0,999.0,NORMAL,2026-03-09
SUBJ016,WEEK8,TG,Triglycerides,239.27,mg/dL,0.0,150.0,ABNORMAL,2026-03-09
SUBJ016,WEEK8,ALT,Alanine aminotransferase,35.99,U/L,7.0,56.0,NORMAL,2026-03-09
SUBJ016,WEEK8,AST,Aspartate aminotransferase,35.38,U/L,10.0,40.0,NORMAL,2026-03-09
SUBJ016,WEEK8,CREAT,Creatinine,0.95,mg/dL,0.6,1.3,NORMAL,2026-03-09
SUBJ016,WEEK8,EGFR,Estimated glomerular filtration rate,100.36,mL/min/1.73m²,60.0,999.0,NORMAL,2026-03-09
SUBJ016,WEEK12,HBA1C,HbA1c,6.52,%,4.0,5.6,ABNORMAL,2026-04-06
SUBJ016,WEEK12,FPG,Fasting plasma glucose,130.52,mg/dL,70.0,99.0,ABNORMAL,2026-04-06
SUBJ016,WEEK12,INSULIN,Insulin,16.59,µIU/mL,2.6,24.9,NORMAL,2026-04-06
SUBJ016,WEEK12,CPEPTIDE,C-peptide,3.61,ng/mL,1.1,4.4,NORMAL,2026-04-06
SUBJ016,WEEK12,TC,Total cholesterol,182.62,mg/dL,125.0,200.0,NORMAL,2026-04-06
SUBJ016,WEEK12,LDL,LDL cholesterol,116.09,mg/dL,0.0,100.0,ABNORMAL,2026-04-06
SUBJ016,WEEK12,HDL,HDL cholesterol,48.28,mg/dL,40.0,999.0,NORMAL,2026-04-06
SUBJ016,WEEK12,TG,Triglycerides,215.07,mg/dL,0.0,150.0,ABNORMAL,2026-04-06
SUBJ016,WEEK12,ALT,Alanine aminotransferase,37.75,U/L,7.0,56.0,NORMAL,2026-04-06
SUBJ016,WEEK12,AST,Aspartate aminotransferase,33.57,U/L,10.0,40.0,NORMAL,2026-04-06
SUBJ016,WEEK12,CREAT,Creatinine,0.97,mg/dL,0.6,1.3,NORMAL,2026-04-06
SUBJ016,WEEK12,EGFR,Estimated glomerular filtration rate,99.82,mL/min/1.73m²,60.0,999.0,NORMAL,2026-04-06
SUBJ017,BASELINE,HBA1C,HbA1c,8.21,%,4.0,5.6,ABNORMAL,2026-01-31
SUBJ017,BASELINE,FPG,Fasting plasma glucose,206.65,mg/dL,70.0,99.0,ABNORMAL,2026-01-31
SUBJ017,BASELINE,INSULIN,Insulin,13.07,µIU/mL,2.6,24.9,NORMAL,2026-01-31
SUBJ017,BASELINE,CPEPTIDE,C-peptide,3.02,ng/mL,1.1,4.4,NORMAL,2026-01-31
SUBJ017,BASELINE,TC,Total cholesterol,201.28,mg/dL,125.0,200.0,ABNORMAL,2026-01-31
SUBJ017,BASELINE,LDL,LDL cholesterol,120.75,mg/dL,0.0,100.0,ABNORMAL,2026-01-31
SUBJ017,BASELINE,HDL,HDL cholesterol,40.92,mg/dL,40.0,999.0,NORMAL,2026-01-31
SUBJ017,BASELINE,TG,Triglycerides,297.82,mg/dL,0.0,150.0,ABNORMAL,2026-01-31
SUBJ017,BASELINE,ALT,Alanine aminotransferase,17.66,U/L,7.0,56.0,NORMAL,2026-01-31
SUBJ017,BASELINE,AST,Aspartate aminotransferase,20.73,U/L,10.0,40.0,NORMAL,2026-01-31
SUBJ017,BASELINE,CREAT,Creatinine,0.95,mg/dL,0.6,1.3,NORMAL,2026-01-31
SUBJ017,BASELINE,EGFR,Estimated glomerular filtration rate,88.85,mL/min/1.73m²,60.0,999.0,NORMAL,2026-01-31
SUBJ017,WEEK4,HBA1C,HbA1c,7.89,%,4.0,5.6,ABNORMAL,2026-02-27
SUBJ017,WEEK4,FPG,Fasting plasma glucose,193.85,mg/dL,70.0,99.0,ABNORMAL,2026-02-27
SUBJ017,WEEK4,INSULIN,Insulin,11.83,µIU/mL,2.6,24.9,NORMAL,2026-02-27
SUBJ017,WEEK4,CPEPTIDE,C-peptide,3.15,ng/mL,1.1,4.4,NORMAL,2026-02-27
SUBJ017,WEEK4,TC,Total cholesterol,194.31,mg/dL,125.0,200.0,NORMAL,2026-02-27
SUBJ017,WEEK4,LDL,LDL cholesterol,118.65,mg/dL,0.0,100.0,ABNORMAL,2026-02-27
SUBJ017,WEEK4,HDL,HDL cholesterol,37.25,mg/dL,40.0,999.0,ABNORMAL,2026-02-27
SUBJ017,WEEK4,TG,Triglycerides,299.48,mg/dL,0.0,150.0,ABNORMAL,2026-02-27
SUBJ017,WEEK4,ALT,Alanine aminotransferase,23.0,U/L,7.0,56.0,NORMAL,2026-02-27
SUBJ017,WEEK4,AST,Aspartate aminotransferase,24.68,U/L,10.0,40.0,NORMAL,2026-02-27
SUBJ017,WEEK4,CREAT,Creatinine,0.88,mg/dL,0.6,1.3,NORMAL,2026-02-27
SUBJ017,WEEK4,EGFR,Estimated glomerular filtration rate,84.43,mL/min/1.73m²,60.0,999.0,NORMAL,2026-02-27
SUBJ018,BASELINE,HBA1C,HbA1c,8.33,%,4.0,5.6,ABNORMAL,2026-01-28
SUBJ018,BASELINE,FPG,Fasting plasma glucose,186.19,mg/dL,70.0,99.0,ABNORMAL,2026-01-28
SUBJ018,BASELINE,INSULIN,Insulin,23.42,µIU/mL,2.6,24.9,NORMAL,2026-01-28
SUBJ018,BASELINE,CPEPTIDE,C-peptide,2.9,ng/mL,1.1,4.4,NORMAL,2026-01-28
SUBJ018,BASELINE,TC,Total cholesterol,162.43,mg/dL,125.0,200.0,NORMAL,2026-01-28
SUBJ018,BASELINE,LDL,LDL cholesterol,112.81,mg/dL,0.0,100.0,ABNORMAL,2026-01-28
SUBJ018,BASELINE,HDL,HDL cholesterol,41.24,mg/dL,40.0,999.0,NORMAL,2026-01-28
SUBJ018,BASELINE,TG,Triglycerides,209.66,mg/dL,0.0,150.0,ABNORMAL,2026-01-28
SUBJ018,BASELINE,ALT,Alanine aminotransferase,17.33,U/L,7.0,56.0,NORMAL,2026-01-28
SUBJ018,BASELINE,AST,Aspartate aminotransferase,27.93,U/L,10.0,40.0,NORMAL,2026-01-28
SUBJ018,BASELINE,CREAT,Creatinine,1.03,mg/dL,0.6,1.3,NORMAL,2026-01-28
SUBJ018,BASELINE,EGFR,Estimated glomerular filtration rate,63.02,mL/min/1.73m²,60.0,999.0,NORMAL,2026-01-28
SUBJ018,WEEK4,HBA1C,HbA1c,7.84,%,4.0,5.6,ABNORMAL,2026-02-26
SUBJ018,WEEK4,FPG,Fasting plasma glucose,178.3,mg/dL,70.0,99.0,ABNORMAL,2026-02-26
SUBJ018,WEEK4,INSULIN,Insulin,21.89,µIU/mL,2.6,24.9,NORMAL,2026-02-26
SUBJ018,WEEK4,CPEPTIDE,C-peptide,3.04,ng/mL,1.1,4.4,NORMAL,2026-02-26
SUBJ018,WEEK4,TC,Total cholesterol,157.38,mg/dL,125.0,200.0,NORMAL,2026-02-26
SUBJ018,WEEK4,LDL,LDL cholesterol,115.68,mg/dL,0.0,100.0,ABNORMAL,2026-02-26
SUBJ018,WEEK4,HDL,HDL cholesterol,38.24,mg/dL,40.0,999.0,ABNORMAL,2026-02-26
SUBJ018,WEEK4,TG,Triglycerides,204.64,mg/dL,0.0,150.0,ABNORMAL,2026-02-26
SUBJ018,WEEK4,ALT,Alanine aminotransferase,19.61,U/L,7.0,56.0,NORMAL,2026-02-26
SUBJ018,WEEK4,AST,Aspartate aminotransferase,26.17,U/L,10.0,40.0,NORMAL,2026-02-26
SUBJ018,WEEK4,CREAT,Creatinine,1.03,mg/dL,0.6,1.3,NORMAL,2026-02-26
SUBJ018,WEEK4,EGFR,Estimated glomerular filtration rate,59.57,mL/min/1.73m²,60.0,999.0,ABNORMAL,2026-02-26
SUBJ018,WEEK8,HBA1C,HbA1c,7.79,%,4.0,5.6,ABNORMAL,2026-03-27
SUBJ018,WEEK8,FPG,Fasting plasma glucose,173.46,mg/dL,70.0,99.0,ABNORMAL,2026-03-27
SUBJ018,WEEK8,INSULIN,Insulin,20.37,µIU/mL,2.6,24.9,NORMAL,2026-03-27
SUBJ018,WEEK8,CPEPTIDE,C-peptide,3.1,ng/mL,1.1,4.4,NORMAL,2026-03-27
SUBJ018,WEEK8,TC,Total cholesterol,156.08,mg/dL,125.0,200.0,NORMAL,2026-03-27
SUBJ018,WEEK8,LDL,LDL cholesterol,116.08,mg/dL,0.0,100.0,ABNORMAL,2026-03-27
SUBJ018,WEEK8,HDL,HDL cholesterol,40.75,mg/dL,40.0,999.0,NORMAL,2026-03-27
SUBJ018,WEEK8,TG,Triglycerides,202.49,mg/dL,0.0,150.0,ABNORMAL,2026-03-27
SUBJ018,WEEK8,ALT,Alanine aminotransferase,20.61,U/L,7.0,56.0,NORMAL,2026-03-27
SUBJ018,WEEK8,AST,Aspartate aminotransferase,22.76,U/L,10.0,40.0,NORMAL,2026-03-27
SUBJ018,WEEK8,CREAT,Creatinine,1.0,mg/dL,0.6,1.3,NORMAL,2026-03-27
SUBJ018,WEEK8,EGFR,Estimated glomerular filtration rate,59.02,mL/min/1.73m²,60.0,999.0,ABNORMAL,2026-03-27
SUBJ018,WEEK12,HBA1C,HbA1c,7.47,%,4.0,5.6,ABNORMAL,2026-04-20
SUBJ018,WEEK12,FPG,Fasting plasma glucose,160.58,mg/dL,70.0,99.0,ABNORMAL,2026-04-20
SUBJ018,WEEK12,INSULIN,Insulin,20.15,µIU/mL,2.6,24.9,NORMAL,2026-04-20
SUBJ018,WEEK12,CPEPTIDE,C-peptide,3.11,ng/mL,1.1,4.4,NORMAL,2026-04-20
SUBJ018,WEEK12,TC,Total cholesterol,147.57,mg/dL,125.0,200.0,NORMAL,2026-04-20
SUBJ018,WEEK12,LDL,LDL cholesterol,105.91,mg/dL,0.0,100.0,ABNORMAL,2026-04-20
SUBJ018,WEEK12,HDL,HDL cholesterol,41.89,mg/dL,40.0,999.0,NORMAL,2026-04-20
SUBJ018,WEEK12,TG,Triglycerides,199.2,mg/dL,0.0,150.0,ABNORMAL,2026-04-20
SUBJ018,WEEK12,ALT,Alanine aminotransferase,18.87,U/L,7.0,56.0,NORMAL,2026-04-20
SUBJ018,WEEK12,AST,Aspartate aminotransferase,25.71,U/L,10.0,40.0,NORMAL,2026-04-20
SUBJ018,WEEK12,CREAT,Creatinine,0.99,mg/dL,0.6,1.3,NORMAL,2026-04-20
SUBJ018,WEEK12,EGFR,Estimated glomerular filtration rate,60.74,mL/min/1.73m²,60.0,999.0,NORMAL,2026-04-20
SUBJ019,BASELINE,HBA1C,HbA1c,8.11,%,4.0,5.6,ABNORMAL,2026-01-14
SUBJ019,BASELINE,FPG,Fasting plasma glucose,196.18,mg/dL,70.0,99.0,ABNORMAL,2026-01-14
SUBJ019,BASELINE,INSULIN,Insulin,14.0,µIU/mL,2.6,24.9,NORMAL,2026-01-14
SUBJ019,BASELINE,CPEPTIDE,C-peptide,1.66,ng/mL,1.1,4.4,NORMAL,2026-01-14
SUBJ019,BASELINE,TC,Total cholesterol,177.94,mg/dL,125.0,200.0,NORMAL,2026-01-14
SUBJ019,BASELINE,LDL,LDL cholesterol,66.11,mg/dL,0.0,100.0,NORMAL,2026-01-14
SUBJ019,BASELINE,HDL,HDL cholesterol,43.49,mg/dL,40.0,999.0,NORMAL,2026-01-14
SUBJ019,BASELINE,TG,Triglycerides,77.06,mg/dL,0.0,150.0,NORMAL,2026-01-14
SUBJ019,BASELINE,ALT,Alanine aminotransferase,32.29,U/L,7.0,56.0,NORMAL,2026-01-14
SUBJ019,BASELINE,AST,Aspartate aminotransferase,29.75,U/L,10.0,40.0,NORMAL,2026-01-14
SUBJ019,BASELINE,CREAT,Creatinine,1.1,mg/dL,0.6,1.3,NORMAL,2026-01-14
SUBJ019,BASELINE,EGFR,Estimated glomerular filtration rate,80.61,mL/min/1.73m²,60.0,999.0,NORMAL,2026-01-14
SUBJ019,WEEK4,HBA1C,HbA1c,7.9,%,4.0,5.6,ABNORMAL,2026-02-13
SUBJ019,WEEK4,FPG,Fasting plasma glucose,185.79,mg/dL,70.0,99.0,ABNORMAL,2026-02-13
SUBJ019,WEEK4,INSULIN,Insulin,12.93,µIU/mL,2.6,24.9,NORMAL,2026-02-13
SUBJ019,WEEK4,CPEPTIDE,C-peptide,1.93,ng/mL,1.1,4.4,NORMAL,2026-02-13
SUBJ019,WEEK4,TC,Total cholesterol,181.28,mg/dL,125.0,200.0,NORMAL,2026-02-13
SUBJ019,WEEK4,LDL,LDL cholesterol,61.8,mg/dL,0.0,100.0,NORMAL,2026-02-13
SUBJ019,WEEK4,HDL,HDL cholesterol,42.13,mg/dL,40.0,999.0,NORMAL,2026-02-13
SUBJ019,WEEK4,TG,Triglycerides,88.46,mg/dL,0.0,150.0,NORMAL,2026-02-13
SUBJ019,WEEK4,ALT,Alanine aminotransferase,35.38,U/L,7.0,56.0,NORMAL,2026-02-13
SUBJ019,WEEK4,AST,Aspartate aminotransferase,35.32,U/L,10.0,40.0,NORMAL,2026-02-13
SUBJ019,WEEK4,CREAT,Creatinine,1.14,mg/dL,0.6,1.3,NORMAL,2026-02-13
SUBJ019,WEEK4,EGFR,Estimated glomerular filtration rate,79.21,mL/min/1.73m²,60.0,999.0,NORMAL,2026-02-13
SUBJ019,WEEK8,HBA1C,HbA1c,7.75,%,4.0,5.6,ABNORMAL,2026-03-13
SUBJ019,WEEK8,FPG,Fasting plasma glucose,185.98,mg/dL,70.0,99.0,ABNORMAL,2026-03-13
SUBJ019,WEEK8,INSULIN,Insulin,12.62,µIU/mL,2.6,24.9,NORMAL,2026-03-13
SUBJ019,WEEK8,CPEPTIDE,C-peptide,1.46,ng/mL,1.1,4.4,NORMAL,2026-03-13
SUBJ019,WEEK8,TC,Total cholesterol,184.07,mg/dL,125.0,200.0,NORMAL,2026-03-13
SUBJ019,WEEK8,LDL,LDL cholesterol,63.84,mg/dL,0.0,100.0,NORMAL,2026-03-13
SUBJ019,WEEK8,HDL,HDL cholesterol,39.83,mg/dL,40.0,999.0,ABNORMAL,2026-03-13
SUBJ019,WEEK8,TG,Triglycerides,78.65,mg/dL,0.0,150.0,NORMAL,2026-03-13
SUBJ019,WEEK8,ALT,Alanine aminotransferase,34.26,U/L,7.0,56.0,NORMAL,2026-03-13
SUBJ019,WEEK8,AST,Aspartate aminotransferase,33.74,U/L,10.0,40.0,NORMAL,2026-03-13
SUBJ019,WEEK8,CREAT,Creatinine,1.08,mg/dL,0.6,1.3,NORMAL,2026-03-13
SUBJ019,WEEK8,EGFR,Estimated glomerular filtration rate,76.25,mL/min/1.73m²,60.0,999.0,NORMAL,2026-03-13
SUBJ019,WEEK12,HBA1C,HbA1c,7.38,%,4.0,5.6,ABNORMAL,2026-04-10
SUBJ019,WEEK12,FPG,Fasting plasma glucose,168.49,mg/dL,70.0,99.0,ABNORMAL,2026-04-10
SUBJ019,WEEK12,INSULIN,Insulin,14.3,µIU/mL,2.6,24.9,NORMAL,2026-04-10
SUBJ019,WEEK12,CPEPTIDE,C-peptide,1.6,ng/mL,1.1,4.4,NORMAL,2026-04-10
SUBJ019,WEEK12,TC,Total cholesterol,182.34,mg/dL,125.0,200.0,NORMAL,2026-04-10
SUBJ019,WEEK12,LDL,LDL cholesterol,63.48,mg/dL,0.0,100.0,NORMAL,2026-04-10
SUBJ019,WEEK12,HDL,HDL cholesterol,38.04,mg/dL,40.0,999.0,ABNORMAL,2026-04-10
SUBJ019,WEEK12,TG,Triglycerides,84.77,mg/dL,0.0,150.0,NORMAL,2026-04-10
SUBJ019,WEEK12,ALT,Alanine aminotransferase,35.89,U/L,7.0,56.0,NORMAL,2026-04-10
SUBJ019,WEEK12,AST,Aspartate aminotransferase,37.54,U/L,10.0,40.0,NORMAL,2026-04-10
SUBJ019,WEEK12,CREAT,Creatinine,1.11,mg/dL,0.6,1.3,NORMAL,2026-04-10
SUBJ019,WEEK12,EGFR,Estimated glomerular filtration rate,77.18,mL/min/1.73m²,60.0,999.0,NORMAL,2026-04-10
SUBJ020,BASELINE,HBA1C,HbA1c,9.27,%,4.0,5.6,ABNORMAL,2026-01-27
SUBJ020,BASELINE,FPG,Fasting plasma glucose,167.02,mg/dL,70.0,99.0,ABNORMAL,2026-01-27
SUBJ020,BASELINE,INSULIN,Insulin,16.94,µIU/mL,2.6,24.9,NORMAL,2026-01-27
SUBJ020,BASELINE,CPEPTIDE,C-peptide,4.0,ng/mL,1.1,4.4,NORMAL,2026-01-27
SUBJ020,BASELINE,TC,Total cholesterol,204.26,mg/dL,125.0,200.0,ABNORMAL,2026-01-27
SUBJ020,BASELINE,LDL,LDL cholesterol,172.27,mg/dL,0.0,100.0,ABNORMAL,2026-01-27
SUBJ020,BASELINE,HDL,HDL cholesterol,53.01,mg/dL,40.0,999.0,NORMAL,2026-01-27
SUBJ020,BASELINE,TG,Triglycerides,190.98,mg/dL,0.0,150.0,ABNORMAL,2026-01-27
SUBJ020,BASELINE,ALT,Alanine aminotransferase,32.74,U/L,7.0,56.0,NORMAL,2026-01-27
SUBJ020,BASELINE,AST,Aspartate aminotransferase,40.61,U/L,10.0,40.0,ABNORMAL,2026-01-27
SUBJ020,BASELINE,CREAT,Creatinine,0.95,mg/dL,0.6,1.3,NORMAL,2026-01-27
SUBJ020,BASELINE,EGFR,Estimated glomerular filtration rate,90.73,mL/min/1.73m²,60.0,999.0,NORMAL,2026-01-27
SUBJ020,WEEK4,HBA1C,HbA1c,8.91,%,4.0,5.6,ABNORMAL,2026-02-22
SUBJ020,WEEK4,FPG,Fasting plasma glucose,143.35,mg/dL,70.0,99.0,ABNORMAL,2026-02-22
SUBJ020,WEEK4,INSULIN,Insulin,16.9,µIU/mL,2.6,24.9,NORMAL,2026-02-22
SUBJ020,WEEK4,CPEPTIDE,C-peptide,3.86,ng/mL,1.1,4.4,NORMAL,2026-02-22
SUBJ020,WEEK4,TC,Total cholesterol,211.14,mg/dL,125.0,200.0,ABNORMAL,2026-02-22
SUBJ020,WEEK4,LDL,LDL cholesterol,164.18,mg/dL,0.0,100.0,ABNORMAL,2026-02-22
SUBJ020,WEEK4,HDL,HDL cholesterol,54.49,mg/dL,40.0,999.0,NORMAL,2026-02-22
SUBJ020,WEEK4,TG,Triglycerides,174.74,mg/dL,0.0,150.0,ABNORMAL,2026-02-22
SUBJ020,WEEK4,ALT,Alanine aminotransferase,29.83,U/L,7.0,56.0,NORMAL,2026-02-22
SUBJ020,WEEK4,AST,Aspartate aminotransferase,36.51,U/L,10.0,40.0,NORMAL,2026-02-22
SUBJ020,WEEK4,CREAT,Creatinine,0.98,mg/dL,0.6,1.3,NORMAL,2026-02-22
SUBJ020,WEEK4,EGFR,Estimated glomerular filtration rate,89.52,mL/min/1.73m²,60.0,999.0,NORMAL,2026-02-22
SUBJ020,WEEK8,HBA1C,HbA1c,8.61,%,4.0,5.6,ABNORMAL,2026-03-24
SUBJ020,WEEK8,FPG,Fasting plasma glucose,145.79,mg/dL,70.0,99.0,ABNORMAL,2026-03-24
SUBJ020,WEEK8,INSULIN,Insulin,16.5,µIU/mL,2.6,24.9,NORMAL,2026-03-24
SUBJ020,WEEK8,CPEPTIDE,C-peptide,4.02,ng/mL,1.1,4.4,NORMAL,2026-03-24
SUBJ020,WEEK8,TC,Total cholesterol,203.74,mg/dL,125.0,200.0,ABNORMAL,2026-03-24
SUBJ020,WEEK8,LDL,LDL cholesterol,171.04,mg/dL,0.0,100.0,ABNORMAL,2026-03-24
SUBJ020,WEEK8,HDL,HDL cholesterol,50.16,mg/dL,40.0,999.0,NORMAL,2026-03-24
SUBJ020,WEEK8,TG,Triglycerides,177.97,mg/dL,0.0,150.0,ABNORMAL,2026-03-24
SUBJ020,WEEK8,ALT,Alanine aminotransferase,32.51,U/L,7.0,56.0,NORMAL,2026-03-24
SUBJ020,WEEK8,AST,Aspartate aminotransferase,36.4,U/L,10.0,40.0,NORMAL,2026-03-24
SUBJ020,WEEK8,CREAT,Creatinine,1.03,mg/dL,0.6,1.3,NORMAL,2026-03-24
SUBJ020,WEEK8,EGFR,Estimated glomerular filtration rate,88.48,mL/min/1.73m²,60.0,999.0,NORMAL,2026-03-24
SUBJ020,WEEK12,HBA1C,HbA1c,8.4,%,4.0,5.6,ABNORMAL,2026-04-21
SUBJ020,WEEK12,FPG,Fasting plasma glucose,132.56,mg/dL,70.0,99.0,ABNORMAL,2026-04-21
SUBJ020,WEEK12,INSULIN,Insulin,16.04,µIU/mL,2.6,24.9,NORMAL,2026-04-21
SUBJ020,WEEK12,CPEPTIDE,C-peptide,4.16,ng/mL,1.1,4.4,NORMAL,2026-04-21
SUBJ020,WEEK12,TC,Total cholesterol,210.47,mg/dL,125.0,200.0,ABNORMAL,2026-04-21
SUBJ020,WEEK12,LDL,LDL cholesterol,175.32,mg/dL,0.0,100.0,ABNORMAL,2026-04-21
SUBJ020,WEEK12,HDL,HDL cholesterol,54.12,mg/dL,40.0,999.0,NORMAL,2026-04-21
SUBJ020,WEEK12,TG,Triglycerides,187.96,mg/dL,0.0,150.0,ABNORMAL,2026-04-21
SUBJ020,WEEK12,ALT,Alanine aminotransferase,25.94,U/L,7.0,56.0,NORMAL,2026-04-21
SUBJ020,WEEK12,AST,Aspartate aminotransferase,33.79,U/L,10.0,40.0,NORMAL,2026-04-21
SUBJ020,WEEK12,CREAT,Creatinine,0.95,mg/dL,0.6,1.3,NORMAL,2026-04-21
SUBJ020,WEEK12,EGFR,Estimated glomerular filtration rate,86.42,mL/min/1.73m²,60.0,999.0,NORMAL,2026-04-21
SUBJ021,BASELINE,HBA1C,HbA1c,8.2,%,4.0,5.6,ABNORMAL,2026-02-06
SUBJ021,BASELINE,FPG,Fasting plasma glucose,145.61,mg/dL,70.0,99.0,ABNORMAL,2026-02-06
SUBJ021,BASELINE,INSULIN,Insulin,20.86,µIU/mL,2.6,24.9,NORMAL,2026-02-06
SUBJ021,BASELINE,CPEPTIDE,C-peptide,1.88,ng/mL,1.1,4.4,NORMAL,2026-02-06
SUBJ021,BASELINE,TC,Total cholesterol,160.63,mg/dL,125.0,200.0,NORMAL,2026-02-06
SUBJ021,BASELINE,LDL,LDL cholesterol,156.91,mg/dL,0.0,100.0,ABNORMAL,2026-02-06
SUBJ021,BASELINE,HDL,HDL cholesterol,58.63,mg/dL,40.0,999.0,NORMAL,2026-02-06
SUBJ021,BASELINE,TG,Triglycerides,134.3,mg/dL,0.0,150.0,NORMAL,2026-02-06
SUBJ021,BASELINE,ALT,Alanine aminotransferase,28.07,U/L,7.0,56.0,NORMAL,2026-02-06
SUBJ021,BASELINE,AST,Aspartate aminotransferase,20.98,U/L,10.0,40.0,NORMAL,2026-02-06
SUBJ021,BASELINE,CREAT,Creatinine,1.0,mg/dL,0.6,1.3,NORMAL,2026-02-06
SUBJ021,BASELINE,EGFR,Estimated glomerular filtration rate,52.58,mL/min/1.73m²,60.0,999.0,ABNORMAL,2026-02-06
SUBJ021,WEEK4,HBA1C,HbA1c,7.75,%,4.0,5.6,ABNORMAL,2026-03-06
SUBJ021,WEEK4,FPG,Fasting plasma glucose,131.54,mg/dL,70.0,99.0,ABNORMAL,2026-03-06
SUBJ021,WEEK4,INSULIN,Insulin,19.22,µIU/mL,2.6,24.9,NORMAL,2026-03-06
SUBJ021,WEEK4,CPEPTIDE,C-peptide,1.92,ng/mL,1.1,4.4,NORMAL,2026-03-06
SUBJ021,WEEK4,TC,Total cholesterol,166.15,mg/dL,125.0,200.0,NORMAL,2026-03-06
SUBJ021,WEEK4,LDL,LDL cholesterol,154.62,mg/dL,0.0,100.0,ABNORMAL,2026-03-06
SUBJ021,WEEK4,HDL,HDL cholesterol,54.78,mg/dL,40.0,999.0,NORMAL,2026-03-06
SUBJ021,WEEK4,TG,Triglycerides,136.48,mg/dL,0.0,150.0,NORMAL,2026-03-06
SUBJ021,WEEK4,ALT,Alanine aminotransferase,27.92,U/L,7.0,56.0,NORMAL,2026-03-06
SUBJ021,WEEK4,AST,Aspartate aminotransferase,19.66,U/L,10.0,40.0,NORMAL,2026-03-06
SUBJ021,WEEK4,CREAT,Creatinine,0.96,mg/dL,0.6,1.3,NORMAL,2026-03-06
SUBJ021,WEEK4,EGFR,Estimated glomerular filtration rate,46.94,mL/min/1.73m²,60.0,999.0,ABNORMAL,2026-03-06
SUBJ021,WEEK8,HBA1C,HbA1c,7.28,%,4.0,5.6,ABNORMAL,2026-04-04
SUBJ021,WEEK8,FPG,Fasting plasma glucose,115.38,mg/dL,70.0,99.0,ABNORMAL,2026-04-04
SUBJ021,WEEK8,INSULIN,Insulin,21.03,µIU/mL,2.6,24.9,NORMAL,2026-04-04
SUBJ021,WEEK8,CPEPTIDE,C-peptide,1.94,ng/mL,1.1,4.4,NORMAL,2026-04-04
SUBJ021,WEEK8,TC,Total cholesterol,169.16,mg/dL,125.0,200.0,NORMAL,2026-04-04
SUBJ021,WEEK8,LDL,LDL cholesterol,157.5,mg/dL,0.0,100.0,ABNORMAL,2026-04-04
SUBJ021,WEEK8,HDL,HDL cholesterol,59.65,mg/dL,40.0,999.0,NORMAL,2026-04-04
SUBJ021,WEEK8,TG,Triglycerides,137.42,mg/dL,0.0,150.0,NORMAL,2026-04-04
SUBJ021,WEEK8,ALT,Alanine aminotransferase,26.84,U/L,7.0,56.0,NORMAL,2026-04-04
SUBJ021,WEEK8,AST,Aspartate aminotransferase,23.49,U/L,10.0,40.0,NORMAL,2026-04-04
SUBJ021,WEEK8,CREAT,Creatinine,1.04,mg/dL,0.6,1.3,NORMAL,2026-04-04
SUBJ021,WEEK8,EGFR,Estimated glomerular filtration rate,49.71,mL/min/1.73m²,60.0,999.0,ABNORMAL,2026-04-04
SUBJ021,WEEK12,HBA1C,HbA1c,7.19,%,4.0,5.6,ABNORMAL,2026-05-02
SUBJ021,WEEK12,FPG,Fasting plasma glucose,117.68,mg/dL,70.0,99.0,ABNORMAL,2026-05-02
SUBJ021,WEEK12,INSULIN,Insulin,19.89,µIU/mL,2.6,24.9,NORMAL,2026-05-02
SUBJ021,WEEK12,CPEPTIDE,C-peptide,1.84,ng/mL,1.1,4.4,NORMAL,2026-05-02
SUBJ021,WEEK12,TC,Total cholesterol,166.69,mg/dL,125.0,200.0,NORMAL,2026-05-02
SUBJ021,WEEK12,LDL,LDL cholesterol,146.72,mg/dL,0.0,100.0,ABNORMAL,2026-05-02
SUBJ021,WEEK12,HDL,HDL cholesterol,59.34,mg/dL,40.0,999.0,NORMAL,2026-05-02
SUBJ021,WEEK12,TG,Triglycerides,142.49,mg/dL,0.0,150.0,NORMAL,2026-05-02
SUBJ021,WEEK12,ALT,Alanine aminotransferase,32.76,U/L,7.0,56.0,NORMAL,2026-05-02
SUBJ021,WEEK12,AST,Aspartate aminotransferase,21.36,U/L,10.0,40.0,NORMAL,2026-05-02
SUBJ021,WEEK12,CREAT,Creatinine,1.0,mg/dL,0.6,1.3,NORMAL,2026-05-02
SUBJ021,WEEK12,EGFR,Estimated glomerular filtration rate,52.0,mL/min/1.73m²,60.0,999.0,ABNORMAL,2026-05-02
SUBJ022,BASELINE,HBA1C,HbA1c,8.36,%,4.0,5.6,ABNORMAL,2026-01-25
SUBJ022,BASELINE,FPG,Fasting plasma glucose,178.32,mg/dL,70.0,99.0,ABNORMAL,2026-01-25
SUBJ022,BASELINE,INSULIN,Insulin,13.38,µIU/mL,2.6,24.9,NORMAL,2026-01-25
SUBJ022,BASELINE,CPEPTIDE,C-peptide,3.27,ng/mL,1.1,4.4,NORMAL,2026-01-25
SUBJ022,BASELINE,TC,Total cholesterol,177.3,mg/dL,125.0,200.0,NORMAL,2026-01-25
SUBJ022,BASELINE,LDL,LDL cholesterol,149.39,mg/dL,0.0,100.0,ABNORMAL,2026-01-25
SUBJ022,BASELINE,HDL,HDL cholesterol,42.73,mg/dL,40.0,999.0,NORMAL,2026-01-25
SUBJ022,BASELINE,TG,Triglycerides,263.53,mg/dL,0.0,150.0,ABNORMAL,2026-01-25
SUBJ022,BASELINE,ALT,Alanine aminotransferase,41.87,U/L,7.0,56.0,NORMAL,2026-01-25
SUBJ022,BASELINE,AST,Aspartate aminotransferase,20.29,U/L,10.0,40.0,NORMAL,2026-01-25
SUBJ022,BASELINE,CREAT,Creatinine,1.17,mg/dL,0.6,1.3,NORMAL,2026-01-25
SUBJ022,BASELINE,EGFR,Estimated glomerular filtration rate,93.37,mL/min/1.73m²,60.0,999.0,NORMAL,2026-01-25
SUBJ022,WEEK4,HBA1C,HbA1c,8.18,%,4.0,5.6,ABNORMAL,2026-02-22
SUBJ022,WEEK4,FPG,Fasting plasma glucose,175.67,mg/dL,70.0,99.0,ABNORMAL,2026-02-22
SUBJ022,WEEK4,INSULIN,Insulin,12.57,µIU/mL,2.6,24.9,NORMAL,2026-02-22
SUBJ022,WEEK4,CPEPTIDE,C-peptide,3.49,ng/mL,1.1,4.4,NORMAL,2026-02-22
SUBJ022,WEEK4,TC,Total cholesterol,157.71,mg/dL,125.0,200.0,NORMAL,2026-02-22
SUBJ022,WEEK4,LDL,LDL cholesterol,148.73,mg/dL,0.0,100.0,ABNORMAL,2026-02-22
SUBJ022,WEEK4,HDL,HDL cholesterol,45.68,mg/dL,40.0,999.0,NORMAL,2026-02-22
SUBJ022,WEEK4,TG,Triglycerides,244.45,mg/dL,0.0,150.0,ABNORMAL,2026-02-22
SUBJ022,WEEK4,ALT,Alanine aminotransferase,43.27,U/L,7.0,56.0,NORMAL,2026-02-22
SUBJ022,WEEK4,AST,Aspartate aminotransferase,20.81,U/L,10.0,40.0,NORMAL,2026-02-22
SUBJ022,WEEK4,CREAT,Creatinine,1.2,mg/dL,0.6,1.3,NORMAL,2026-02-22
SUBJ022,WEEK4,EGFR,Estimated glomerular filtration rate,92.98,mL/min/1.73m²,60.0,999.0,NORMAL,2026-02-22
SUBJ022,WEEK8,HBA1C,HbA1c,8.06,%,4.0,5.6,ABNORMAL,2026-03-21
SUBJ022,WEEK8,FPG,Fasting plasma glucose,164.06,mg/dL,70.0,99.0,ABNORMAL,2026-03-21
SUBJ022,WEEK8,INSULIN,Insulin,13.57,µIU/mL,2.6,24.9,NORMAL,2026-03-21
SUBJ022,WEEK8,CPEPTIDE,C-peptide,3.42,ng/mL,1.1,4.4,NORMAL,2026-03-21
SUBJ022,WEEK8,TC,Total cholesterol,167.33,mg/dL,125.0,200.0,NORMAL,2026-03-21
SUBJ022,WEEK8,LDL,LDL cholesterol,154.05,mg/dL,0.0,100.0,ABNORMAL,2026-03-21
SUBJ022,WEEK8,HDL,HDL cholesterol,47.99,mg/dL,40.0,999.0,NORMAL,2026-03-21
SUBJ022,WEEK8,TG,Triglycerides,232.31,mg/dL,0.0,150.0,ABNORMAL,2026-03-21
SUBJ022,WEEK8,ALT,Alanine aminotransferase,39.04,U/L,7.0,56.0,NORMAL,2026-03-21
SUBJ022,WEEK8,AST,Aspartate aminotransferase,19.87,U/L,10.0,40.0,NORMAL,2026-03-21
SUBJ022,WEEK8,CREAT,Creatinine,1.2,mg/dL,0.6,1.3,NORMAL,2026-03-21
SUBJ022,WEEK8,EGFR,Estimated glomerular filtration rate,88.88,mL/min/1.73m²,60.0,999.0,NORMAL,2026-03-21
SUBJ022,WEEK12,HBA1C,HbA1c,7.97,%,4.0,5.6,ABNORMAL,2026-04-21
SUBJ022,WEEK12,FPG,Fasting plasma glucose,159.36,mg/dL,70.0,99.0,ABNORMAL,2026-04-21
SUBJ022,WEEK12,INSULIN,Insulin,12.55,µIU/mL,2.6,24.9,NORMAL,2026-04-21
SUBJ022,WEEK12,CPEPTIDE,C-peptide,3.33,ng/mL,1.1,4.4,NORMAL,2026-04-21
SUBJ022,WEEK12,TC,Total cholesterol,168.82,mg/dL,125.0,200.0,NORMAL,2026-04-21
SUBJ022,WEEK12,LDL,LDL cholesterol,147.0,mg/dL,0.0,100.0,ABNORMAL,2026-04-21
SUBJ022,WEEK12,HDL,HDL cholesterol,44.96,mg/dL,40.0,999.0,NORMAL,2026-04-21
SUBJ022,WEEK12,TG,Triglycerides,218.17,mg/dL,0.0,150.0,ABNORMAL,2026-04-21
SUBJ022,WEEK12,ALT,Alanine aminotransferase,39.53,U/L,7.0,56.0,NORMAL,2026-04-21
SUBJ022,WEEK12,AST,Aspartate aminotransferase,25.32,U/L,10.0,40.0,NORMAL,2026-04-21
SUBJ022,WEEK12,CREAT,Creatinine,1.17,mg/dL,0.6,1.3,NORMAL,2026-04-21
SUBJ022,WEEK12,EGFR,Estimated glomerular filtration rate,91.84,mL/min/1.73m²,60.0,999.0,NORMAL,2026-04-21
SUBJ023,BASELINE,HBA1C,HbA1c,8.57,%,4.0,5.6,ABNORMAL,2026-01-24
SUBJ023,BASELINE,FPG,Fasting plasma glucose,164.87,mg/dL,70.0,99.0,ABNORMAL,2026-01-24
SUBJ023,BASELINE,INSULIN,Insulin,28.19,µIU/mL,2.6,24.9,ABNORMAL,2026-01-24
SUBJ023,BASELINE,CPEPTIDE,C-peptide,2.14,ng/mL,1.1,4.4,NORMAL,2026-01-24
SUBJ023,BASELINE,TC,Total cholesterol,229.06,mg/dL,125.0,200.0,ABNORMAL,2026-01-24
SUBJ023,BASELINE,LDL,LDL cholesterol,53.96,mg/dL,0.0,100.0,NORMAL,2026-01-24
SUBJ023,BASELINE,HDL,HDL cholesterol,47.56,mg/dL,40.0,999.0,NORMAL,2026-01-24
SUBJ023,BASELINE,TG,Triglycerides,82.55,mg/dL,0.0,150.0,NORMAL,2026-01-24
SUBJ023,BASELINE,ALT,Alanine aminotransferase,27.45,U/L,7.0,56.0,NORMAL,2026-01-24
SUBJ023,BASELINE,AST,Aspartate aminotransferase,18.41,U/L,10.0,40.0,NORMAL,2026-01-24
SUBJ023,BASELINE,CREAT,Creatinine,0.94,mg/dL,0.6,1.3,NORMAL,2026-01-24
SUBJ023,BASELINE,EGFR,Estimated glomerular filtration rate,90.42,mL/min/1.73m²,60.0,999.0,NORMAL,2026-01-24
SUBJ023,WEEK4,HBA1C,HbA1c,8.23,%,4.0,5.6,ABNORMAL,2026-02-22
SUBJ023,WEEK4,FPG,Fasting plasma glucose,154.15,mg/dL,70.0,99.0,ABNORMAL,2026-02-22
SUBJ023,WEEK4,INSULIN,Insulin,28.59,µIU/mL,2.6,24.9,ABNORMAL,2026-02-22
SUBJ023,WEEK4,CPEPTIDE,C-peptide,2.15,ng/mL,1.1,4.4,NORMAL,2026-02-22
SUBJ023,WEEK4,TC,Total cholesterol,225.23,mg/dL,125.0,200.0,ABNORMAL,2026-02-22
SUBJ023,WEEK4,LDL,LDL cholesterol,55.83,mg/dL,0.0,100.0,NORMAL,2026-02-22
SUBJ023,WEEK4,HDL,HDL cholesterol,49.66,mg/dL,40.0,999.0,NORMAL,2026-02-22
SUBJ023,WEEK4,TG,Triglycerides,80.64,mg/dL,0.0,150.0,NORMAL,2026-02-22
SUBJ023,WEEK4,ALT,Alanine aminotransferase,33.57,U/L,7.0,56.0,NORMAL,2026-02-22
SUBJ023,WEEK4,AST,Aspartate aminotransferase,16.59,U/L,10.0,40.0,NORMAL,2026-02-22
SUBJ023,WEEK4,CREAT,Creatinine,0.88,mg/dL,0.6,1.3,NORMAL,2026-02-22
SUBJ023,WEEK4,EGFR,Estimated glomerular filtration rate,89.69,mL/min/1.73m²,60.0,999.0,NORMAL,2026-02-22
SUBJ023,WEEK8,HBA1C,HbA1c,7.9,%,4.0,5.6,ABNORMAL,2026-03-20
SUBJ023,WEEK8,FPG,Fasting plasma glucose,137.46,mg/dL,70.0,99.0,ABNORMAL,2026-03-20
SUBJ023,WEEK8,INSULIN,Insulin,30.27,µIU/mL,2.6,24.9,ABNORMAL,2026-03-20
SUBJ023,WEEK8,CPEPTIDE,C-peptide,2.06,ng/mL,1.1,4.4,NORMAL,2026-03-20
SUBJ023,WEEK8,TC,Total cholesterol,221.47,mg/dL,125.0,200.0,ABNORMAL,2026-03-20
SUBJ023,WEEK8,LDL,LDL cholesterol,52.5,mg/dL,0.0,100.0,NORMAL,2026-03-20
SUBJ023,WEEK8,HDL,HDL cholesterol,49.98,mg/dL,40.0,999.0,NORMAL,2026-03-20
SUBJ023,WEEK8,TG,Triglycerides,79.63,mg/dL,0.0,150.0,NORMAL,2026-03-20
SUBJ023,WEEK8,ALT,Alanine aminotransferase,38.81,U/L,7.0,56.0,NORMAL,2026-03-20
SUBJ023,WEEK8,AST,Aspartate aminotransferase,21.27,U/L,10.0,40.0,NORMAL,2026-03-20
SUBJ023,WEEK8,CREAT,Creatinine,0.84,mg/dL,0.6,1.3,NORMAL,2026-03-20
SUBJ023,WEEK8,EGFR,Estimated glomerular filtration rate,91.22,mL/min/1.73m²,60.0,999.0,NORMAL,2026-03-20
SUBJ023,WEEK12,HBA1C,HbA1c,7.49,%,4.0,5.6,ABNORMAL,2026-04-20
SUBJ023,WEEK12,FPG,Fasting plasma glucose,132.31,mg/dL,70.0,99.0,ABNORMAL,2026-04-20
SUBJ023,WEEK12,INSULIN,Insulin,27.24,µIU/mL,2.6,24.9,ABNORMAL,2026-04-20
SUBJ023,WEEK12,CPEPTIDE,C-peptide,2.2,ng/mL,1.1,4.4,NORMAL,2026-04-20
SUBJ023,WEEK12,TC,Total cholesterol,224.92,mg/dL,125.0,200.0,ABNORMAL,2026-04-20
SUBJ023,WEEK12,LDL,LDL cholesterol,58.5,mg/dL,0.0,100.0,NORMAL,2026-04-20
SUBJ023,WEEK12,HDL,HDL cholesterol,53.01,mg/dL,40.0,999.0,NORMAL,2026-04-20
SUBJ023,WEEK12,TG,Triglycerides,61.81,mg/dL,0.0,150.0,NORMAL,2026-04-20
SUBJ023,WEEK12,ALT,Alanine aminotransferase,32.64,U/L,7.0,56.0,NORMAL,2026-04-20
SUBJ023,WEEK12,AST,Aspartate aminotransferase,16.89,U/L,10.0,40.0,NORMAL,2026-04-20
SUBJ023,WEEK12,CREAT,Creatinine,0.9,mg/dL,0.6,1.3,NORMAL,2026-04-20
SUBJ023,WEEK12,EGFR,Estimated glomerular filtration rate,90.28,mL/min/1.73m²,60.0,999.0,NORMAL,2026-04-20
SUBJ024,BASELINE,HBA1C,HbA1c,7.99,%,4.0,5.6,ABNORMAL,2026-02-10
SUBJ024,BASELINE,FPG,Fasting plasma glucose,161.23,mg/dL,70.0,99.0,ABNORMAL,2026-02-10
SUBJ024,BASELINE,INSULIN,Insulin,13.81,µIU/mL,2.6,24.9,NORMAL,2026-02-10
SUBJ024,BASELINE,CPEPTIDE,C-peptide,3.71,ng/mL,1.1,4.4,NORMAL,2026-02-10
SUBJ024,BASELINE,TC,Total cholesterol,195.05,mg/dL,125.0,200.0,NORMAL,2026-02-10
SUBJ024,BASELINE,LDL,LDL cholesterol,95.51,mg/dL,0.0,100.0,NORMAL,2026-02-10
SUBJ024,BASELINE,HDL,HDL cholesterol,41.82,mg/dL,40.0,999.0,NORMAL,2026-02-10
SUBJ024,BASELINE,TG,Triglycerides,164.72,mg/dL,0.0,150.0,ABNORMAL,2026-02-10
SUBJ024,BASELINE,ALT,Alanine aminotransferase,33.68,U/L,7.0,56.0,NORMAL,2026-02-10
SUBJ024,BASELINE,AST,Aspartate aminotransferase,18.74,U/L,10.0,40.0,NORMAL,2026-02-10
SUBJ024,BASELINE,CREAT,Creatinine,1.0,mg/dL,0.6,1.3,NORMAL,2026-02-10
SUBJ024,BASELINE,EGFR,Estimated glomerular filtration rate,107.05,mL/min/1.73m²,60.0,999.0,NORMAL,2026-02-10
SUBJ024,WEEK4,HBA1C,HbA1c,7.72,%,4.0,5.6,ABNORMAL,2026-03-11
SUBJ024,WEEK4,FPG,Fasting plasma glucose,155.82,mg/dL,70.0,99.0,ABNORMAL,2026-03-11
SUBJ024,WEEK4,INSULIN,Insulin,16.0,µIU/mL,2.6,24.9,NORMAL,2026-03-11
SUBJ024,WEEK4,CPEPTIDE,C-peptide,3.77,ng/mL,1.1,4.4,NORMAL,2026-03-11
SUBJ024,WEEK4,TC,Total cholesterol,190.69,mg/dL,125.0,200.0,NORMAL,2026-03-11
SUBJ024,WEEK4,LDL,LDL cholesterol,95.9,mg/dL,0.0,100.0,NORMAL,2026-03-11
SUBJ024,WEEK4,HDL,HDL cholesterol,41.67,mg/dL,40.0,999.0,NORMAL,2026-03-11
SUBJ024,WEEK4,TG,Triglycerides,178.76,mg/dL,0.0,150.0,ABNORMAL,2026-03-11
SUBJ024,WEEK4,ALT,Alanine aminotransferase,36.47,U/L,7.0,56.0,NORMAL,2026-03-11
SUBJ024,WEEK4,AST,Aspartate aminotransferase,19.57,U/L,10.0,40.0,NORMAL,2026-03-11
SUBJ024,WEEK4,CREAT,Creatinine,1.03,mg/dL,0.6,1.3,NORMAL,2026-03-11
SUBJ024,WEEK4,EGFR,Estimated glomerular filtration rate,105.35,mL/min/1.73m²,60.0,999.0,NORMAL,2026-03-11
SUBJ024,WEEK8,HBA1C,HbA1c,7.27,%,4.0,5.6,ABNORMAL,2026-04-07
SUBJ024,WEEK8,FPG,Fasting plasma glucose,134.53,mg/dL,70.0,99.0,ABNORMAL,2026-04-07
SUBJ024,WEEK8,INSULIN,Insulin,13.92,µIU/mL,2.6,24.9,NORMAL,2026-04-07
SUBJ024,WEEK8,CPEPTIDE,C-peptide,3.66,ng/mL,1.1,4.4,NORMAL,2026-04-07
SUBJ024,WEEK8,TC,Total cholesterol,187.81,mg/dL,125.0,200.0,NORMAL,2026-04-07
SUBJ024,WEEK8,LDL,LDL cholesterol,90.2,mg/dL,0.0,100.0,NORMAL,2026-04-07
SUBJ024,WEEK8,HDL,HDL cholesterol,44.59,mg/dL,40.0,999.0,NORMAL,2026-04-07
SUBJ024,WEEK8,TG,Triglycerides,170.82,mg/dL,0.0,150.0,ABNORMAL,2026-04-07
SUBJ024,WEEK8,ALT,Alanine aminotransferase,34.96,U/L,7.0,56.0,NORMAL,2026-04-07
SUBJ024,WEEK8,AST,Aspartate aminotransferase,19.72,U/L,10.0,40.0,NORMAL,2026-04-07
SUBJ024,WEEK8,CREAT,Creatinine,0.98,mg/dL,0.6,1.3,NORMAL,2026-04-07
SUBJ024,WEEK8,EGFR,Estimated glomerular filtration rate,104.0,mL/min/1.73m²,60.0,999.0,NORMAL,2026-04-07
SUBJ024,WEEK12,HBA1C,HbA1c,7.05,%,4.0,5.6,ABNORMAL,2026-05-03
SUBJ024,WEEK12,FPG,Fasting plasma glucose,133.96,mg/dL,70.0,99.0,ABNORMAL,2026-05-03
SUBJ024,WEEK12,INSULIN,Insulin,14.81,µIU/mL,2.6,24.9,NORMAL,2026-05-03
SUBJ024,WEEK12,CPEPTIDE,C-peptide,3.66,ng/mL,1.1,4.4,NORMAL,2026-05-03
SUBJ024,WEEK12,TC,Total cholesterol,179.8,mg/dL,125.0,200.0,NORMAL,2026-05-03
SUBJ024,WEEK12,LDL,LDL cholesterol,93.58,mg/dL,0.0,100.0,NORMAL,2026-05-03
SUBJ024,WEEK12,HDL,HDL cholesterol,44.77,mg/dL,40.0,999.0,NORMAL,2026-05-03
SUBJ024,WEEK12,TG,Triglycerides,174.32,mg/dL,0.0,150.0,ABNORMAL,2026-05-03
SUBJ024,WEEK12,ALT,Alanine aminotransferase,32.09,U/L,7.0,56.0,NORMAL,2026-05-03
SUBJ024,WEEK12,AST,Aspartate aminotransferase,21.98,U/L,10.0,40.0,NORMAL,2026-05-03
SUBJ024,WEEK12,CREAT,Creatinine,0.99,mg/dL,0.6,1.3,NORMAL,2026-05-03
SUBJ024,WEEK12,EGFR,Estimated glomerular filtration rate,104.25,mL/min/1.73m²,60.0,999.0,NORMAL,2026-05-03
SUBJ025,BASELINE,HBA1C,HbA1c,8.3,%,4.0,5.6,ABNORMAL,2026-02-08
SUBJ025,BASELINE,FPG,Fasting plasma glucose,176.24,mg/dL,70.0,99.0,ABNORMAL,2026-02-08
SUBJ025,BASELINE,INSULIN,Insulin,16.09,µIU/mL,2.6,24.9,NORMAL,2026-02-08
SUBJ025,BASELINE,CPEPTIDE,C-peptide,3.55,ng/mL,1.1,4.4,NORMAL,2026-02-08
SUBJ025,BASELINE,TC,Total cholesterol,195.5,mg/dL,125.0,200.0,NORMAL,2026-02-08
SUBJ025,BASELINE,LDL,LDL cholesterol,106.02,mg/dL,0.0,100.0,ABNORMAL,2026-02-08
SUBJ025,BASELINE,HDL,HDL cholesterol,46.57,mg/dL,40.0,999.0,NORMAL,2026-02-08
SUBJ025,BASELINE,TG,Triglycerides,241.06,mg/dL,0.0,150.0,ABNORMAL,2026-02-08
SUBJ025,BASELINE,ALT,Alanine aminotransferase,37.35,U/L,7.0,56.0,NORMAL,2026-02-08
SUBJ025,BASELINE,AST,Aspartate aminotransferase,37.65,U/L,10.0,40.0,NORMAL,2026-02-08
SUBJ025,BASELINE,CREAT,Creatinine,0.99,mg/dL,0.6,1.3,NORMAL,2026-02-08
SUBJ025,BASELINE,EGFR,Estimated glomerular filtration rate,107.91,mL/min/1.73m²,60.0,999.0,NORMAL,2026-02-08
SUBJ025,WEEK4,HBA1C,HbA1c,8.06,%,4.0,5.6,ABNORMAL,2026-03-09
SUBJ025,WEEK4,FPG,Fasting plasma glucose,174.19,mg/dL,70.0,99.0,ABNORMAL,2026-03-09
SUBJ025,WEEK4,INSULIN,Insulin,12.9,µIU/mL,2.6,24.9,NORMAL,2026-03-09
SUBJ025,WEEK4,CPEPTIDE,C-peptide,3.24,ng/mL,1.1,4.4,NORMAL,2026-03-09
SUBJ025,WEEK4,TC,Total cholesterol,196.38,mg/dL,125.0,200.0,NORMAL,2026-03-09
SUBJ025,WEEK4,LDL,LDL cholesterol,115.05,mg/dL,0.0,100.0,ABNORMAL,2026-03-09
SUBJ025,WEEK4,HDL,HDL cholesterol,46.77,mg/dL,40.0,999.0,NORMAL,2026-03-09
SUBJ025,WEEK4,TG,Triglycerides,234.62,mg/dL,0.0,150.0,ABNORMAL,2026-03-09
SUBJ025,WEEK4,ALT,Alanine aminotransferase,37.9,U/L,7.0,56.0,NORMAL,2026-03-09
SUBJ025,WEEK4,AST,Aspartate aminotransferase,40.3,U/L,10.0,40.0,ABNORMAL,2026-03-09
SUBJ025,WEEK4,CREAT,Creatinine,0.94,mg/dL,0.6,1.3,NORMAL,2026-03-09
SUBJ025,WEEK4,EGFR,Estimated glomerular filtration rate,101.25,mL/min/1.73m²,60.0,999.0,NORMAL,2026-03-09
SUBJ025,WEEK8,HBA1C,HbA1c,7.75,%,4.0,5.6,ABNORMAL,2026-04-06
SUBJ025,WEEK8,FPG,Fasting plasma glucose,173.08,mg/dL,70.0,99.0,ABNORMAL,2026-04-06
SUBJ025,WEEK8,INSULIN,Insulin,13.48,µIU/mL,2.6,24.9,NORMAL,2026-04-06
SUBJ025,WEEK8,CPEPTIDE,C-peptide,3.17,ng/mL,1.1,4.4,NORMAL,2026-04-06
SUBJ025,WEEK8,TC,Total cholesterol,197.34,mg/dL,125.0,200.0,NORMAL,2026-04-06
SUBJ025,WEEK8,LDL,LDL cholesterol,105.58,mg/dL,0.0,100.0,ABNORMAL,2026-04-06
SUBJ025,WEEK8,HDL,HDL cholesterol,45.98,mg/dL,40.0,999.0,NORMAL,2026-04-06
SUBJ025,WEEK8,TG,Triglycerides,228.86,mg/dL,0.0,150.0,ABNORMAL,2026-04-06
SUBJ025,WEEK8,ALT,Alanine aminotransferase,39.03,U/L,7.0,56.0,NORMAL,2026-04-06
SUBJ025,WEEK8,AST,Aspartate aminotransferase,40.0,U/L,10.0,40.0,NORMAL,2026-04-06
SUBJ025,WEEK8,CREAT,Creatinine,1.01,mg/dL,0.6,1.3,NORMAL,2026-04-06
SUBJ025,WEEK8,EGFR,Estimated glomerular filtration rate,105.3,mL/min/1.73m²,60.0,999.0,NORMAL,2026-04-06
SUBJ025,WEEK12,HBA1C,HbA1c,7.51,%,4.0,5.6,ABNORMAL,2026-05-04
SUBJ025,WEEK12,FPG,Fasting plasma glucose,156.74,mg/dL,70.0,99.0,ABNORMAL,2026-05-04
SUBJ025,WEEK12,INSULIN,Insulin,14.53,µIU/mL,2.6,24.9,NORMAL,2026-05-04
SUBJ025,WEEK12,CPEPTIDE,C-peptide,3.28,ng/mL,1.1,4.4,NORMAL,2026-05-04
SUBJ025,WEEK12,TC,Total cholesterol,190.59,mg/dL,125.0,200.0,NORMAL,2026-05-04
SUBJ025,WEEK12,LDL,LDL cholesterol,112.03,mg/dL,0.0,100.0,ABNORMAL,2026-05-04
SUBJ025,WEEK12,HDL,HDL cholesterol,52.75,mg/dL,40.0,999.0,NORMAL,2026-05-04
SUBJ025,WEEK12,TG,Triglycerides,216.06,mg/dL,0.0,150.0,ABNORMAL,2026-05-04
SUBJ025,WEEK12,ALT,Alanine aminotransferase,43.89,U/L,7.0,56.0,NORMAL,2026-05-04
SUBJ025,WEEK12,AST,Aspartate aminotransferase,38.47,U/L,10.0,40.0,NORMAL,2026-05-04
SUBJ025,WEEK12,CREAT,Creatinine,0.95,mg/dL,0.6,1.3,NORMAL,2026-05-04
SUBJ025,WEEK12,EGFR,Estimated glomerular filtration rate,102.72,mL/min/1.73m²,60.0,999.0,NORMAL,2026-05-04
SUBJ026,BASELINE,HBA1C,HbA1c,8.15,%,4.0,5.6,ABNORMAL,2026-01-15
SUBJ026,BASELINE,FPG,Fasting plasma glucose,141.45,mg/dL,70.0,99.0,ABNORMAL,2026-01-15
SUBJ026,BASELINE,INSULIN,Insulin,19.21,µIU/mL,2.6,24.9,NORMAL,2026-01-15
SUBJ026,BASELINE,CPEPTIDE,C-peptide,2.4,ng/mL,1.1,4.4,NORMAL,2026-01-15
SUBJ026,BASELINE,TC,Total cholesterol,166.74,mg/dL,125.0,200.0,NORMAL,2026-01-15
SUBJ026,BASELINE,LDL,LDL cholesterol,145.3,mg/dL,0.0,100.0,ABNORMAL,2026-01-15
SUBJ026,BASELINE,HDL,HDL cholesterol,46.76,mg/dL,40.0,999.0,NORMAL,2026-01-15
SUBJ026,BASELINE,TG,Triglycerides,253.77,mg/dL,0.0,150.0,ABNORMAL,2026-01-15
SUBJ026,BASELINE,ALT,Alanine aminotransferase,34.74,U/L,7.0,56.0,NORMAL,2026-01-15
SUBJ026,BASELINE,AST,Aspartate aminotransferase,31.44,U/L,10.0,40.0,NORMAL,2026-01-15
SUBJ026,BASELINE,CREAT,Creatinine,0.72,mg/dL,0.6,1.3,NORMAL,2026-01-15
SUBJ026,BASELINE,EGFR,Estimated glomerular filtration rate,80.94,mL/min/1.73m²,60.0,999.0,NORMAL,2026-01-15
SUBJ026,WEEK4,HBA1C,HbA1c,8.16,%,4.0,5.6,ABNORMAL,2026-02-13
SUBJ026,WEEK4,FPG,Fasting plasma glucose,147.09,mg/dL,70.0,99.0,ABNORMAL,2026-02-13
SUBJ026,WEEK4,INSULIN,Insulin,18.05,µIU/mL,2.6,24.9,NORMAL,2026-02-13
SUBJ026,WEEK4,CPEPTIDE,C-peptide,2.27,ng/mL,1.1,4.4,NORMAL,2026-02-13
SUBJ026,WEEK4,TC,Total cholesterol,157.49,mg/dL,125.0,200.0,NORMAL,2026-02-13
SUBJ026,WEEK4,LDL,LDL cholesterol,134.78,mg/dL,0.0,100.0,ABNORMAL,2026-02-13
SUBJ026,WEEK4,HDL,HDL cholesterol,48.32,mg/dL,40.0,999.0,NORMAL,2026-02-13
SUBJ026,WEEK4,TG,Triglycerides,251.0,mg/dL,0.0,150.0,ABNORMAL,2026-02-13
SUBJ026,WEEK4,ALT,Alanine aminotransferase,31.54,U/L,7.0,56.0,NORMAL,2026-02-13
SUBJ026,WEEK4,AST,Aspartate aminotransferase,37.48,U/L,10.0,40.0,NORMAL,2026-02-13
SUBJ026,WEEK4,CREAT,Creatinine,0.66,mg/dL,0.6,1.3,NORMAL,2026-02-13
SUBJ026,WEEK4,EGFR,Estimated glomerular filtration rate,80.68,mL/min/1.73m²,60.0,999.0,NORMAL,2026-02-13
SUBJ027,BASELINE,HBA1C,HbA1c,8.33,%,4.0,5.6,ABNORMAL,2026-02-05
SUBJ027,BASELINE,FPG,Fasting plasma glucose,192.68,mg/dL,70.0,99.0,ABNORMAL,2026-02-05
SUBJ027,BASELINE,INSULIN,Insulin,7.0,µIU/mL,2.6,24.9,NORMAL,2026-02-05
SUBJ027,BASELINE,CPEPTIDE,C-peptide,3.63,ng/mL,1.1,4.4,NORMAL,2026-02-05
SUBJ027,BASELINE,TC,Total cholesterol,220.16,mg/dL,125.0,200.0,ABNORMAL,2026-02-05
SUBJ027,BASELINE,LDL,LDL cholesterol,106.14,mg/dL,0.0,100.0,ABNORMAL,2026-02-05
SUBJ027,BASELINE,HDL,HDL cholesterol,50.71,mg/dL,40.0,999.0,NORMAL,2026-02-05
SUBJ027,BASELINE,TG,Triglycerides,220.75,mg/dL,0.0,150.0,ABNORMAL,2026-02-05
SUBJ027,BASELINE,ALT,Alanine aminotransferase,20.97,U/L,7.0,56.0,NORMAL,2026-02-05
SUBJ027,BASELINE,AST,Aspartate aminotransferase,26.92,U/L,10.0,40.0,NORMAL,2026-02-05
SUBJ027,BASELINE,CREAT,Creatinine,0.77,mg/dL,0.6,1.3,NORMAL,2026-02-05
SUBJ027,BASELINE,EGFR,Estimated glomerular filtration rate,73.06,mL/min/1.73m²,60.0,999.0,NORMAL,2026-02-05
SUBJ027,WEEK4,HBA1C,HbA1c,7.9,%,4.0,5.6,ABNORMAL,2026-03-05
SUBJ027,WEEK4,FPG,Fasting plasma glucose,177.07,mg/dL,70.0,99.0,ABNORMAL,2026-03-05
SUBJ027,WEEK4,INSULIN,Insulin,7.37,µIU/mL,2.6,24.9,NORMAL,2026-03-05
SUBJ027,WEEK4,CPEPTIDE,C-peptide,3.76,ng/mL,1.1,4.4,NORMAL,2026-03-05
SUBJ027,WEEK4,TC,Total cholesterol,214.3,mg/dL,125.0,200.0,ABNORMAL,2026-03-05
SUBJ027,WEEK4,LDL,LDL cholesterol,114.03,mg/dL,0.0,100.0,ABNORMAL,2026-03-05
SUBJ027,WEEK4,HDL,HDL cholesterol,55.2,mg/dL,40.0,999.0,NORMAL,2026-03-05
SUBJ027,WEEK4,TG,Triglycerides,200.03,mg/dL,0.0,150.0,ABNORMAL,2026-03-05
SUBJ027,WEEK4,ALT,Alanine aminotransferase,20.88,U/L,7.0,56.0,NORMAL,2026-03-05
SUBJ027,WEEK4,AST,Aspartate aminotransferase,24.47,U/L,10.0,40.0,NORMAL,2026-03-05
SUBJ027,WEEK4,CREAT,Creatinine,0.81,mg/dL,0.6,1.3,NORMAL,2026-03-05
SUBJ027,WEEK4,EGFR,Estimated glomerular filtration rate,75.31,mL/min/1.73m²,60.0,999.0,NORMAL,2026-03-05
SUBJ027,WEEK8,HBA1C,HbA1c,7.78,%,4.0,5.6,ABNORMAL,2026-04-04
SUBJ027,WEEK8,FPG,Fasting plasma glucose,163.04,mg/dL,70.0,99.0,ABNORMAL,2026-04-04
SUBJ027,WEEK8,INSULIN,Insulin,7.17,µIU/mL,2.6,24.9,NORMAL,2026-04-04
SUBJ027,WEEK8,CPEPTIDE,C-peptide,3.74,ng/mL,1.1,4.4,NORMAL,2026-04-04
SUBJ027,WEEK8,TC,Total cholesterol,211.32,mg/dL,125.0,200.0,ABNORMAL,2026-04-04
SUBJ027,WEEK8,LDL,LDL cholesterol,104.81,mg/dL,0.0,100.0,ABNORMAL,2026-04-04
SUBJ027,WEEK8,HDL,HDL cholesterol,47.66,mg/dL,40.0,999.0,NORMAL,2026-04-04
SUBJ027,WEEK8,TG,Triglycerides,213.79,mg/dL,0.0,150.0,ABNORMAL,2026-04-04
SUBJ027,WEEK8,ALT,Alanine aminotransferase,23.97,U/L,7.0,56.0,NORMAL,2026-04-04
SUBJ027,WEEK8,AST,Aspartate aminotransferase,30.28,U/L,10.0,40.0,NORMAL,2026-04-04
SUBJ027,WEEK8,CREAT,Creatinine,0.8,mg/dL,0.6,1.3,NORMAL,2026-04-04
SUBJ027,WEEK8,EGFR,Estimated glomerular filtration rate,70.48,mL/min/1.73m²,60.0,999.0,NORMAL,2026-04-04
SUBJ027,WEEK12,HBA1C,HbA1c,7.53,%,4.0,5.6,ABNORMAL,2026-05-01
SUBJ027,WEEK12,FPG,Fasting plasma glucose,162.39,mg/dL,70.0,99.0,ABNORMAL,2026-05-01
SUBJ027,WEEK12,INSULIN,Insulin,8.97,µIU/mL,2.6,24.9,NORMAL,2026-05-01
SUBJ027,WEEK12,CPEPTIDE,C-peptide,3.65,ng/mL,1.1,4.4,NORMAL,2026-05-01
SUBJ027,WEEK12,TC,Total cholesterol,207.06,mg/dL,125.0,200.0,ABNORMAL,2026-05-01
SUBJ027,WEEK12,LDL,LDL cholesterol,110.34,mg/dL,0.0,100.0,ABNORMAL,2026-05-01
SUBJ027,WEEK12,HDL,HDL cholesterol,52.01,mg/dL,40.0,999.0,NORMAL,2026-05-01
SUBJ027,WEEK12,TG,Triglycerides,205.28,mg/dL,0.0,150.0,ABNORMAL,2026-05-01
SUBJ027,WEEK12,ALT,Alanine aminotransferase,20.1,U/L,7.0,56.0,NORMAL,2026-05-01
SUBJ027,WEEK12,AST,Aspartate aminotransferase,29.78,U/L,10.0,40.0,NORMAL,2026-05-01
SUBJ027,WEEK12,CREAT,Creatinine,0.8,mg/dL,0.6,1.3,NORMAL,2026-05-01
SUBJ027,WEEK12,EGFR,Estimated glomerular filtration rate,69.29,mL/min/1.73m²,60.0,999.0,NORMAL,2026-05-01
SUBJ028,BASELINE,HBA1C,HbA1c,7.9,%,4.0,5.6,ABNORMAL,2026-01-27
SUBJ028,BASELINE,FPG,Fasting plasma glucose,146.67,mg/dL,70.0,99.0,ABNORMAL,2026-01-27
SUBJ028,BASELINE,INSULIN,Insulin,19.59,µIU/mL,2.6,24.9,NORMAL,2026-01-27
SUBJ028,BASELINE,CPEPTIDE,C-peptide,1.46,ng/mL,1.1,4.4,NORMAL,2026-01-27
SUBJ028,BASELINE,TC,Total cholesterol,221.9,mg/dL,125.0,200.0,ABNORMAL,2026-01-27
SUBJ028,BASELINE,LDL,LDL cholesterol,122.19,mg/dL,0.0,100.0,ABNORMAL,2026-01-27
SUBJ028,BASELINE,HDL,HDL cholesterol,49.94,mg/dL,40.0,999.0,NORMAL,2026-01-27
SUBJ028,BASELINE,TG,Triglycerides,136.9,mg/dL,0.0,150.0,NORMAL,2026-01-27
SUBJ028,BASELINE,ALT,Alanine aminotransferase,14.69,U/L,7.0,56.0,NORMAL,2026-01-27
SUBJ028,BASELINE,AST,Aspartate aminotransferase,30.19,U/L,10.0,40.0,NORMAL,2026-01-27
SUBJ028,BASELINE,CREAT,Creatinine,1.31,mg/dL,0.6,1.3,ABNORMAL,2026-01-27
SUBJ028,BASELINE,EGFR,Estimated glomerular filtration rate,65.09,mL/min/1.73m²,60.0,999.0,NORMAL,2026-01-27
SUBJ028,WEEK4,HBA1C,HbA1c,7.46,%,4.0,5.6,ABNORMAL,2026-02-25
SUBJ028,WEEK4,FPG,Fasting plasma glucose,139.5,mg/dL,70.0,99.0,ABNORMAL,2026-02-25
SUBJ028,WEEK4,INSULIN,Insulin,19.15,µIU/mL,2.6,24.9,NORMAL,2026-02-25
SUBJ028,WEEK4,CPEPTIDE,C-peptide,1.34,ng/mL,1.1,4.4,NORMAL,2026-02-25
SUBJ028,WEEK4,TC,Total cholesterol,203.79,mg/dL,125.0,200.0,ABNORMAL,2026-02-25
SUBJ028,WEEK4,LDL,LDL cholesterol,120.79,mg/dL,0.0,100.0,ABNORMAL,2026-02-25
SUBJ028,WEEK4,HDL,HDL cholesterol,52.51,mg/dL,40.0,999.0,NORMAL,2026-02-25
SUBJ028,WEEK4,TG,Triglycerides,135.67,mg/dL,0.0,150.0,NORMAL,2026-02-25
SUBJ028,WEEK4,ALT,Alanine aminotransferase,23.64,U/L,7.0,56.0,NORMAL,2026-02-25
SUBJ028,WEEK4,AST,Aspartate aminotransferase,29.02,U/L,10.0,40.0,NORMAL,2026-02-25
SUBJ028,WEEK4,CREAT,Creatinine,1.26,mg/dL,0.6,1.3,NORMAL,2026-02-25
SUBJ028,WEEK4,EGFR,Estimated glomerular filtration rate,68.16,mL/min/1.73m²,60.0,999.0,NORMAL,2026-02-25
SUBJ029,BASELINE,HBA1C,HbA1c,9.39,%,4.0,5.6,ABNORMAL,2026-01-18
SUBJ029,BASELINE,FPG,Fasting plasma glucose,173.73,mg/dL,70.0,99.0,ABNORMAL,2026-01-18
SUBJ029,BASELINE,INSULIN,Insulin,24.98,µIU/mL,2.6,24.9,ABNORMAL,2026-01-18
SUBJ029,BASELINE,CPEPTIDE,C-peptide,3.19,ng/mL,1.1,4.4,NORMAL,2026-01-18
SUBJ029,BASELINE,TC,Total cholesterol,122.88,mg/dL,125.0,200.0,ABNORMAL,2026-01-18
SUBJ029,BASELINE,LDL,LDL cholesterol,133.59,mg/dL,0.0,100.0,ABNORMAL,2026-01-18
SUBJ029,BASELINE,HDL,HDL cholesterol,39.72,mg/dL,40.0,999.0,ABNORMAL,2026-01-18
SUBJ029,BASELINE,TG,Triglycerides,230.0,mg/dL,0.0,150.0,ABNORMAL,2026-01-18
SUBJ029,BASELINE,ALT,Alanine aminotransferase,37.87,U/L,7.0,56.0,NORMAL,2026-01-18
SUBJ029,BASELINE,AST,Aspartate aminotransferase,25.52,U/L,10.0,40.0,NORMAL,2026-01-18
SUBJ029,BASELINE,CREAT,Creatinine,1.28,mg/dL,0.6,1.3,NORMAL,2026-01-18
SUBJ029,BASELINE,EGFR,Estimated glomerular filtration rate,110.04,mL/min/1.73m²,60.0,999.0,NORMAL,2026-01-18
SUBJ029,WEEK4,HBA1C,HbA1c,9.42,%,4.0,5.6,ABNORMAL,2026-02-15
SUBJ029,WEEK4,FPG,Fasting plasma glucose,162.34,mg/dL,70.0,99.0,ABNORMAL,2026-02-15
SUBJ029,WEEK4,INSULIN,Insulin,24.12,µIU/mL,2.6,24.9,NORMAL,2026-02-15
SUBJ029,WEEK4,CPEPTIDE,C-peptide,2.87,ng/mL,1.1,4.4,NORMAL,2026-02-15
SUBJ029,WEEK4,TC,Total cholesterol,128.8,mg/dL,125.0,200.0,NORMAL,2026-02-15
SUBJ029,WEEK4,LDL,LDL cholesterol,126.58,mg/dL,0.0,100.0,ABNORMAL,2026-02-15
SUBJ029,WEEK4,HDL,HDL cholesterol,39.8,mg/dL,40.0,999.0,ABNORMAL,2026-02-15
SUBJ029,WEEK4,TG,Triglycerides,217.26,mg/dL,0.0,150.0,ABNORMAL,2026-02-15
SUBJ029,WEEK4,ALT,Alanine aminotransferase,43.04,U/L,7.0,56.0,NORMAL,2026-02-15
SUBJ029,WEEK4,AST,Aspartate aminotransferase,21.84,U/L,10.0,40.0,NORMAL,2026-02-15
SUBJ029,WEEK4,CREAT,Creatinine,1.24,mg/dL,0.6,1.3,NORMAL,2026-02-15
SUBJ029,WEEK4,EGFR,Estimated glomerular filtration rate,105.88,mL/min/1.73m²,60.0,999.0,NORMAL,2026-02-15
SUBJ029,WEEK8,HBA1C,HbA1c,9.34,%,4.0,5.6,ABNORMAL,2026-03-13
SUBJ029,WEEK8,FPG,Fasting plasma glucose,157.31,mg/dL,70.0,99.0,ABNORMAL,2026-03-13
SUBJ029,WEEK8,INSULIN,Insulin,23.42,µIU/mL,2.6,24.9,NORMAL,2026-03-13
SUBJ029,WEEK8,CPEPTIDE,C-peptide,2.94,ng/mL,1.1,4.4,NORMAL,2026-03-13
SUBJ029,WEEK8,TC,Total cholesterol,116.98,mg/dL,125.0,200.0,ABNORMAL,2026-03-13
SUBJ029,WEEK8,LDL,LDL cholesterol,129.87,mg/dL,0.0,100.0,ABNORMAL,2026-03-13
SUBJ029,WEEK8,HDL,HDL cholesterol,40.29,mg/dL,40.0,999.0,NORMAL,2026-03-13
SUBJ029,WEEK8,TG,Triglycerides,229.88,mg/dL,0.0,150.0,ABNORMAL,2026-03-13
SUBJ029,WEEK8,ALT,Alanine aminotransferase,38.39,U/L,7.0,56.0,NORMAL,2026-03-13
SUBJ029,WEEK8,AST,Aspartate aminotransferase,25.19,U/L,10.0,40.0,NORMAL,2026-03-13
SUBJ029,WEEK8,CREAT,Creatinine,1.26,mg/dL,0.6,1.3,NORMAL,2026-03-13
SUBJ029,WEEK8,EGFR,Estimated glomerular filtration rate,105.69,mL/min/1.73m²,60.0,999.0,NORMAL,2026-03-13
SUBJ029,WEEK12,HBA1C,HbA1c,9.24,%,4.0,5.6,ABNORMAL,2026-04-10
SUBJ029,WEEK12,FPG,Fasting plasma glucose,157.95,mg/dL,70.0,99.0,ABNORMAL,2026-04-10
SUBJ029,WEEK12,INSULIN,Insulin,22.72,µIU/mL,2.6,24.9,NORMAL,2026-04-10
SUBJ029,WEEK12,CPEPTIDE,C-peptide,2.82,ng/mL,1.1,4.4,NORMAL,2026-04-10
SUBJ029,WEEK12,TC,Total cholesterol,127.2,mg/dL,125.0,200.0,NORMAL,2026-04-10
SUBJ029,WEEK12,LDL,LDL cholesterol,128.56,mg/dL,0.0,100.0,ABNORMAL,2026-04-10
SUBJ029,WEEK12,HDL,HDL cholesterol,36.34,mg/dL,40.0,999.0,ABNORMAL,2026-04-10
SUBJ029,WEEK12,TG,Triglycerides,215.83,mg/dL,0.0,150.0,ABNORMAL,2026-04-10
SUBJ029,WEEK12,ALT,Alanine aminotransferase,43.89,U/L,7.0,56.0,NORMAL,2026-04-10
SUBJ029,WEEK12,AST,Aspartate aminotransferase,24.42,U/L,10.0,40.0,NORMAL,2026-04-10
SUBJ029,WEEK12,CREAT,Creatinine,1.26,mg/dL,0.6,1.3,NORMAL,2026-04-10
SUBJ029,WEEK12,EGFR,Estimated glomerular filtration rate,107.6,mL/min/1.73m²,60.0,999.0,NORMAL,2026-04-10
SUBJ030,BASELINE,HBA1C,HbA1c,8.58,%,4.0,5.6,ABNORMAL,2026-01-20
SUBJ030,BASELINE,FPG,Fasting plasma glucose,126.23,mg/dL,70.0,99.0,ABNORMAL,2026-01-20
SUBJ030,BASELINE,INSULIN,Insulin,10.45,µIU/mL,2.6,24.9,NORMAL,2026-01-20
SUBJ030,BASELINE,CPEPTIDE,C-peptide,2.38,ng/mL,1.1,4.4,NORMAL,2026-01-20
SUBJ030,BASELINE,TC,Total cholesterol,194.13,mg/dL,125.0,200.0,NORMAL,2026-01-20
SUBJ030,BASELINE,LDL,LDL cholesterol,107.54,mg/dL,0.0,100.0,ABNORMAL,2026-01-20
SUBJ030,BASELINE,HDL,HDL cholesterol,55.51,mg/dL,40.0,999.0,NORMAL,2026-01-20
SUBJ030,BASELINE,TG,Triglycerides,224.75,mg/dL,0.0,150.0,ABNORMAL,2026-01-20
SUBJ030,BASELINE,ALT,Alanine aminotransferase,37.17,U/L,7.0,56.0,NORMAL,2026-01-20
SUBJ030,BASELINE,AST,Aspartate aminotransferase,26.29,U/L,10.0,40.0,NORMAL,2026-01-20
SUBJ030,BASELINE,CREAT,Creatinine,0.82,mg/dL,0.6,1.3,NORMAL,2026-01-20
SUBJ030,BASELINE,EGFR,Estimated glomerular filtration rate,97.2,mL/min/1.73m²,60.0,999.0,NORMAL,2026-01-20
SUBJ030,WEEK4,HBA1C,HbA1c,8.44,%,4.0,5.6,ABNORMAL,2026-02-15
SUBJ030,WEEK4,FPG,Fasting plasma glucose,132.7,mg/dL,70.0,99.0,ABNORMAL,2026-02-15
SUBJ030,WEEK4,INSULIN,Insulin,8.74,µIU/mL,2.6,24.9,NORMAL,2026-02-15
SUBJ030,WEEK4,CPEPTIDE,C-peptide,2.57,ng/mL,1.1,4.4,NORMAL,2026-02-15
SUBJ030,WEEK4,TC,Total cholesterol,196.48,mg/dL,125.0,200.0,NORMAL,2026-02-15
SUBJ030,WEEK4,LDL,LDL cholesterol,102.95,mg/dL,0.0,100.0,ABNORMAL,2026-02-15
SUBJ030,WEEK4,HDL,HDL cholesterol,57.41,mg/dL,40.0,999.0,NORMAL,2026-02-15
SUBJ030,WEEK4,TG,Triglycerides,214.53,mg/dL,0.0,150.0,ABNORMAL,2026-02-15
SUBJ030,WEEK4,ALT,Alanine aminotransferase,36.15,U/L,7.0,56.0,NORMAL,2026-02-15
SUBJ030,WEEK4,AST,Aspartate aminotransferase,26.81,U/L,10.0,40.0,NORMAL,2026-02-15
SUBJ030,WEEK4,CREAT,Creatinine,0.8,mg/dL,0.6,1.3,NORMAL,2026-02-15
SUBJ030,WEEK4,EGFR,Estimated glomerular filtration rate,94.18,mL/min/1.73m²,60.0,999.0,NORMAL,2026-02-15
SUBJ030,WEEK8,HBA1C,HbA1c,8.51,%,4.0,5.6,ABNORMAL,2026-03-15
SUBJ030,WEEK8,FPG,Fasting plasma glucose,111.21,mg/dL,70.0,99.0,ABNORMAL,2026-03-15
SUBJ030,WEEK8,INSULIN,Insulin,6.57,µIU/mL,2.6,24.9,NORMAL,2026-03-15
SUBJ030,WEEK8,CPEPTIDE,C-peptide,2.32,ng/mL,1.1,4.4,NORMAL,2026-03-15
SUBJ030,WEEK8,TC,Total cholesterol,194.66,mg/dL,125.0,200.0,NORMAL,2026-03-15
SUBJ030,WEEK8,LDL,LDL cholesterol,99.26,mg/dL,0.0,100.0,NORMAL,2026-03-15
SUBJ030,WEEK8,HDL,HDL cholesterol,55.58,mg/dL,40.0,999.0,NORMAL,2026-03-15
SUBJ030,WEEK8,TG,Triglycerides,206.73,mg/dL,0.0,150.0,ABNORMAL,2026-03-15
SUBJ030,WEEK8,ALT,Alanine aminotransferase,33.76,U/L,7.0,56.0,NORMAL,2026-03-15
SUBJ030,WEEK8,AST,Aspartate aminotransferase,30.66,U/L,10.0,40.0,NORMAL,2026-03-15
SUBJ030,WEEK8,CREAT,Creatinine,0.76,mg/dL,0.6,1.3,NORMAL,2026-03-15
SUBJ030,WEEK8,EGFR,Estimated glomerular filtration rate,95.19,mL/min/1.73m²,60.0,999.0,NORMAL,2026-03-15
SUBJ030,WEEK12,HBA1C,HbA1c,8.31,%,4.0,5.6,ABNORMAL,2026-04-14
SUBJ030,WEEK12,FPG,Fasting plasma glucose,116.49,mg/dL,70.0,99.0,ABNORMAL,2026-04-14
SUBJ030,WEEK12,INSULIN,Insulin,7.03,µIU/mL,2.6,24.9,NORMAL,2026-04-14
SUBJ030,WEEK12,CPEPTIDE,C-peptide,2.27,ng/mL,1.1,4.4,NORMAL,2026-04-14
SUBJ030,WEEK12,TC,Total cholesterol,184.14,mg/dL,125.0,200.0,NORMAL,2026-04-14
SUBJ030,WEEK12,LDL,LDL cholesterol,103.61,mg/dL,0.0,100.0,ABNORMAL,2026-04-14
SUBJ030,WEEK12,HDL,HDL cholesterol,59.34,mg/dL,40.0,999.0,NORMAL,2026-04-14
SUBJ030,WEEK12,TG,Triglycerides,195.48,mg/dL,0.0,150.0,ABNORMAL,2026-04-14
SUBJ030,WEEK12,ALT,Alanine aminotransferase,33.47,U/L,7.0,56.0,NORMAL,2026-04-14
SUBJ030,WEEK12,AST,Aspartate aminotransferase,29.32,U/L,10.0,40.0,NORMAL,2026-04-14
SUBJ030,WEEK12,CREAT,Creatinine,0.84,mg/dL,0.6,1.3,NORMAL,2026-04-14
SUBJ030,WEEK12,EGFR,Estimated glomerular filtration rate,93.45,mL/min/1.73m²,60.0,999.0,NORMAL,2026-04-14
SUBJ031,BASELINE,HBA1C,HbA1c,7.45,%,4.0,5.6,ABNORMAL,2026-02-07
SUBJ031,BASELINE,FPG,Fasting plasma glucose,151.22,mg/dL,70.0,99.0,ABNORMAL,2026-02-07
SUBJ031,BASELINE,INSULIN,Insulin,9.71,µIU/mL,2.6,24.9,NORMAL,2026-02-07
SUBJ031,BASELINE,CPEPTIDE,C-peptide,2.75,ng/mL,1.1,4.4,NORMAL,2026-02-07
SUBJ031,BASELINE,TC,Total cholesterol,176.67,mg/dL,125.0,200.0,NORMAL,2026-02-07
SUBJ031,BASELINE,LDL,LDL cholesterol,121.87,mg/dL,0.0,100.0,ABNORMAL,2026-02-07
SUBJ031,BASELINE,HDL,HDL cholesterol,51.81,mg/dL,40.0,999.0,NORMAL,2026-02-07
SUBJ031,BASELINE,TG,Triglycerides,202.91,mg/dL,0.0,150.0,ABNORMAL,2026-02-07
SUBJ031,BASELINE,ALT,Alanine aminotransferase,29.84,U/L,7.0,56.0,NORMAL,2026-02-07
SUBJ031,BASELINE,AST,Aspartate aminotransferase,27.01,U/L,10.0,40.0,NORMAL,2026-02-07
SUBJ031,BASELINE,CREAT,Creatinine,0.78,mg/dL,0.6,1.3,NORMAL,2026-02-07
SUBJ031,BASELINE,EGFR,Estimated glomerular filtration rate,67.46,mL/min/1.73m²,60.0,999.0,NORMAL,2026-02-07
SUBJ031,WEEK4,HBA1C,HbA1c,7.09,%,4.0,5.6,ABNORMAL,2026-03-05
SUBJ031,WEEK4,FPG,Fasting plasma glucose,145.81,mg/dL,70.0,99.0,ABNORMAL,2026-03-05
SUBJ031,WEEK4,INSULIN,Insulin,8.3,µIU/mL,2.6,24.9,NORMAL,2026-03-05
SUBJ031,WEEK4,CPEPTIDE,C-peptide,3.13,ng/mL,1.1,4.4,NORMAL,2026-03-05
SUBJ031,WEEK4,TC,Total cholesterol,185.05,mg/dL,125.0,200.0,NORMAL,2026-03-05
SUBJ031,WEEK4,LDL,LDL cholesterol,121.28,mg/dL,0.0,100.0,ABNORMAL,2026-03-05
SUBJ031,WEEK4,HDL,HDL cholesterol,56.27,mg/dL,40.0,999.0,NORMAL,2026-03-05
SUBJ031,WEEK4,TG,Triglycerides,200.62,mg/dL,0.0,150.0,ABNORMAL,2026-03-05
SUBJ031,WEEK4,ALT,Alanine aminotransferase,32.22,U/L,7.0,56.0,NORMAL,2026-03-05
SUBJ031,WEEK4,AST,Aspartate aminotransferase,24.59,U/L,10.0,40.0,NORMAL,2026-03-05
SUBJ031,WEEK4,CREAT,Creatinine,0.77,mg/dL,0.6,1.3,NORMAL,2026-03-05
SUBJ031,WEEK4,EGFR,Estimated glomerular filtration rate,66.8,mL/min/1.73m²,60.0,999.0,NORMAL,2026-03-05
SUBJ031,WEEK8,HBA1C,HbA1c,6.87,%,4.0,5.6,ABNORMAL,2026-04-02
SUBJ031,WEEK8,FPG,Fasting plasma glucose,124.08,mg/dL,70.0,99.0,ABNORMAL,2026-04-02
SUBJ031,WEEK8,INSULIN,Insulin,7.94,µIU/mL,2.6,24.9,NORMAL,2026-04-02
SUBJ031,WEEK8,CPEPTIDE,C-peptide,2.86,ng/mL,1.1,4.4,NORMAL,2026-04-02
SUBJ031,WEEK8,TC,Total cholesterol,182.32,mg/dL,125.0,200.0,NORMAL,2026-04-02
SUBJ031,WEEK8,LDL,LDL cholesterol,129.38,mg/dL,0.0,100.0,ABNORMAL,2026-04-02
SUBJ031,WEEK8,HDL,HDL cholesterol,53.01,mg/dL,40.0,999.0,NORMAL,2026-04-02
SUBJ031,WEEK8,TG,Triglycerides,202.13,mg/dL,0.0,150.0,ABNORMAL,2026-04-02
SUBJ031,WEEK8,ALT,Alanine aminotransferase,30.15,U/L,7.0,56.0,NORMAL,2026-04-02
SUBJ031,WEEK8,AST,Aspartate aminotransferase,25.35,U/L,10.0,40.0,NORMAL,2026-04-02
SUBJ031,WEEK8,CREAT,Creatinine,0.76,mg/dL,0.6,1.3,NORMAL,2026-04-02
SUBJ031,WEEK8,EGFR,Estimated glomerular filtration rate,64.7,mL/min/1.73m²,60.0,999.0,NORMAL,2026-04-02
SUBJ031,WEEK12,HBA1C,HbA1c,6.59,%,4.0,5.6,ABNORMAL,2026-05-03
SUBJ031,WEEK12,FPG,Fasting plasma glucose,120.34,mg/dL,70.0,99.0,ABNORMAL,2026-05-03
SUBJ031,WEEK12,INSULIN,Insulin,8.32,µIU/mL,2.6,24.9,NORMAL,2026-05-03
SUBJ031,WEEK12,CPEPTIDE,C-peptide,2.76,ng/mL,1.1,4.4,NORMAL,2026-05-03
SUBJ031,WEEK12,TC,Total cholesterol,175.96,mg/dL,125.0,200.0,NORMAL,2026-05-03
SUBJ031,WEEK12,LDL,LDL cholesterol,132.36,mg/dL,0.0,100.0,ABNORMAL,2026-05-03
SUBJ031,WEEK12,HDL,HDL cholesterol,50.35,mg/dL,40.0,999.0,NORMAL,2026-05-03
SUBJ031,WEEK12,TG,Triglycerides,197.05,mg/dL,0.0,150.0,ABNORMAL,2026-05-03
SUBJ031,WEEK12,ALT,Alanine aminotransferase,35.63,U/L,7.0,56.0,NORMAL,2026-05-03
SUBJ031,WEEK12,AST,Aspartate aminotransferase,26.15,U/L,10.0,40.0,NORMAL,2026-05-03
SUBJ031,WEEK12,CREAT,Creatinine,0.74,mg/dL,0.6,1.3,NORMAL,2026-05-03
SUBJ031,WEEK12,EGFR,Estimated glomerular filtration rate,61.55,mL/min/1.73m²,60.0,999.0,NORMAL,2026-05-03
SUBJ032,BASELINE,HBA1C,HbA1c,7.67,%,4.0,5.6,ABNORMAL,2026-01-24
SUBJ032,BASELINE,FPG,Fasting plasma glucose,176.11,mg/dL,70.0,99.0,ABNORMAL,2026-01-24
SUBJ032,BASELINE,INSULIN,Insulin,10.76,µIU/mL,2.6,24.9,NORMAL,2026-01-24
SUBJ032,BASELINE,CPEPTIDE,C-peptide,2.44,ng/mL,1.1,4.4,NORMAL,2026-01-24
SUBJ032,BASELINE,TC,Total cholesterol,193.33,mg/dL,125.0,200.0,NORMAL,2026-01-24
SUBJ032,BASELINE,LDL,LDL cholesterol,137.97,mg/dL,0.0,100.0,ABNORMAL,2026-01-24
SUBJ032,BASELINE,HDL,HDL cholesterol,39.4,mg/dL,40.0,999.0,ABNORMAL,2026-01-24
SUBJ032,BASELINE,TG,Triglycerides,119.18,mg/dL,0.0,150.0,NORMAL,2026-01-24
SUBJ032,BASELINE,ALT,Alanine aminotransferase,38.42,U/L,7.0,56.0,NORMAL,2026-01-24
SUBJ032,BASELINE,AST,Aspartate aminotransferase,9.43,U/L,10.0,40.0,ABNORMAL,2026-01-24
SUBJ032,BASELINE,CREAT,Creatinine,1.08,mg/dL,0.6,1.3,NORMAL,2026-01-24
SUBJ032,BASELINE,EGFR,Estimated glomerular filtration rate,75.63,mL/min/1.73m²,60.0,999.0,NORMAL,2026-01-24
SUBJ032,WEEK4,HBA1C,HbA1c,7.31,%,4.0,5.6,ABNORMAL,2026-02-21
SUBJ032,WEEK4,FPG,Fasting plasma glucose,167.39,mg/dL,70.0,99.0,ABNORMAL,2026-02-21
SUBJ032,WEEK4,INSULIN,Insulin,9.16,µIU/mL,2.6,24.9,NORMAL,2026-02-21
SUBJ032,WEEK4,CPEPTIDE,C-peptide,2.19,ng/mL,1.1,4.4,NORMAL,2026-02-21
SUBJ032,WEEK4,TC,Total cholesterol,185.92,mg/dL,125.0,200.0,NORMAL,2026-02-21
SUBJ032,WEEK4,LDL,LDL cholesterol,138.94,mg/dL,0.0,100.0,ABNORMAL,2026-02-21
SUBJ032,WEEK4,HDL,HDL cholesterol,35.44,mg/dL,40.0,999.0,ABNORMAL,2026-02-21
SUBJ032,WEEK4,TG,Triglycerides,87.64,mg/dL,0.0,150.0,NORMAL,2026-02-21
SUBJ032,WEEK4,ALT,Alanine aminotransferase,34.34,U/L,7.0,56.0,NORMAL,2026-02-21
SUBJ032,WEEK4,AST,Aspartate aminotransferase,10.89,U/L,10.0,40.0,NORMAL,2026-02-21
SUBJ032,WEEK4,CREAT,Creatinine,1.11,mg/dL,0.6,1.3,NORMAL,2026-02-21
SUBJ032,WEEK4,EGFR,Estimated glomerular filtration rate,76.61,mL/min/1.73m²,60.0,999.0,NORMAL,2026-02-21
SUBJ032,WEEK8,HBA1C,HbA1c,7.43,%,4.0,5.6,ABNORMAL,2026-03-22
SUBJ032,WEEK8,FPG,Fasting plasma glucose,148.22,mg/dL,70.0,99.0,ABNORMAL,2026-03-22
SUBJ032,WEEK8,INSULIN,Insulin,7.05,µIU/mL,2.6,24.9,NORMAL,2026-03-22
SUBJ032,WEEK8,CPEPTIDE,C-peptide,2.36,ng/mL,1.1,4.4,NORMAL,2026-03-22
SUBJ032,WEEK8,TC,Total cholesterol,179.95,mg/dL,125.0,200.0,NORMAL,2026-03-22
SUBJ032,WEEK8,LDL,LDL cholesterol,132.73,mg/dL,0.0,100.0,ABNORMAL,2026-03-22
SUBJ032,WEEK8,HDL,HDL cholesterol,38.18,mg/dL,40.0,999.0,ABNORMAL,2026-03-22
SUBJ032,WEEK8,TG,Triglycerides,106.9,mg/dL,0.0,150.0,NORMAL,2026-03-22
SUBJ032,WEEK8,ALT,Alanine aminotransferase,40.68,U/L,7.0,56.0,NORMAL,2026-03-22
SUBJ032,WEEK8,AST,Aspartate aminotransferase,11.64,U/L,10.0,40.0,NORMAL,2026-03-22
SUBJ032,WEEK8,CREAT,Creatinine,1.14,mg/dL,0.6,1.3,NORMAL,2026-03-22
SUBJ032,WEEK8,EGFR,Estimated glomerular filtration rate,74.54,mL/min/1.73m²,60.0,999.0,NORMAL,2026-03-22
SUBJ032,WEEK12,HBA1C,HbA1c,6.98,%,4.0,5.6,ABNORMAL,2026-04-19
SUBJ032,WEEK12,FPG,Fasting plasma glucose,142.32,mg/dL,70.0,99.0,ABNORMAL,2026-04-19
SUBJ032,WEEK12,INSULIN,Insulin,9.14,µIU/mL,2.6,24.9,NORMAL,2026-04-19
SUBJ032,WEEK12,CPEPTIDE,C-peptide,2.38,ng/mL,1.1,4.4,NORMAL,2026-04-19
SUBJ032,WEEK12,TC,Total cholesterol,187.88,mg/dL,125.0,200.0,NORMAL,2026-04-19
SUBJ032,WEEK12,LDL,LDL cholesterol,134.86,mg/dL,0.0,100.0,ABNORMAL,2026-04-19
SUBJ032,WEEK12,HDL,HDL cholesterol,39.72,mg/dL,40.0,999.0,ABNORMAL,2026-04-19
SUBJ032,WEEK12,TG,Triglycerides,94.02,mg/dL,0.0,150.0,NORMAL,2026-04-19
SUBJ032,WEEK12,ALT,Alanine aminotransferase,39.4,U/L,7.0,56.0,NORMAL,2026-04-19
SUBJ032,WEEK12,AST,Aspartate aminotransferase,17.08,U/L,10.0,40.0,NORMAL,2026-04-19
SUBJ032,WEEK12,CREAT,Creatinine,1.08,mg/dL,0.6,1.3,NORMAL,2026-04-19
SUBJ032,WEEK12,EGFR,Estimated glomerular filtration rate,73.46,mL/min/1.73m²,60.0,999.0,NORMAL,2026-04-19
SUBJ033,BASELINE,HBA1C,HbA1c,9.2,%,4.0,5.6,ABNORMAL,2026-01-20
SUBJ033,BASELINE,FPG,Fasting plasma glucose,144.79,mg/dL,70.0,99.0,ABNORMAL,2026-01-20
SUBJ033,BASELINE,INSULIN,Insulin,16.3,µIU/mL,2.6,24.9,NORMAL,2026-01-20
SUBJ033,BASELINE,CPEPTIDE,C-peptide,2.34,ng/mL,1.1,4.4,NORMAL,2026-01-20
SUBJ033,BASELINE,TC,Total cholesterol,169.24,mg/dL,125.0,200.0,NORMAL,2026-01-20
SUBJ033,BASELINE,LDL,LDL cholesterol,80.92,mg/dL,0.0,100.0,NORMAL,2026-01-20
SUBJ033,BASELINE,HDL,HDL cholesterol,34.33,mg/dL,40.0,999.0,ABNORMAL,2026-01-20
SUBJ033,BASELINE,TG,Triglycerides,230.94,mg/dL,0.0,150.0,ABNORMAL,2026-01-20
SUBJ033,BASELINE,ALT,Alanine aminotransferase,40.64,U/L,7.0,56.0,NORMAL,2026-01-20
SUBJ033,BASELINE,AST,Aspartate aminotransferase,30.08,U/L,10.0,40.0,NORMAL,2026-01-20
SUBJ033,BASELINE,CREAT,Creatinine,0.94,mg/dL,0.6,1.3,NORMAL,2026-01-20
SUBJ033,BASELINE,EGFR,Estimated glomerular filtration rate,68.21,mL/min/1.73m²,60.0,999.0,NORMAL,2026-01-20
SUBJ033,WEEK4,HBA1C,HbA1c,9.18,%,4.0,5.6,ABNORMAL,2026-02-17
SUBJ033,WEEK4,FPG,Fasting plasma glucose,144.86,mg/dL,70.0,99.0,ABNORMAL,2026-02-17
SUBJ033,WEEK4,INSULIN,Insulin,16.29,µIU/mL,2.6,24.9,NORMAL,2026-02-17
SUBJ033,WEEK4,CPEPTIDE,C-peptide,2.71,ng/mL,1.1,4.4,NORMAL,2026-02-17
SUBJ033,WEEK4,TC,Total cholesterol,172.73,mg/dL,125.0,200.0,NORMAL,2026-02-17
SUBJ033,WEEK4,LDL,LDL cholesterol,82.0,mg/dL,0.0,100.0,NORMAL,2026-02-17
SUBJ033,WEEK4,HDL,HDL cholesterol,30.77,mg/dL,40.0,999.0,ABNORMAL,2026-02-17
SUBJ033,WEEK4,TG,Triglycerides,223.95,mg/dL,0.0,150.0,ABNORMAL,2026-02-17
SUBJ033,WEEK4,ALT,Alanine aminotransferase,38.75,U/L,7.0,56.0,NORMAL,2026-02-17
SUBJ033,WEEK4,AST,Aspartate aminotransferase,23.8,U/L,10.0,40.0,NORMAL,2026-02-17
SUBJ033,WEEK4,CREAT,Creatinine,0.91,mg/dL,0.6,1.3,NORMAL,2026-02-17
SUBJ033,WEEK4,EGFR,Estimated glomerular filtration rate,67.09,mL/min/1.73m²,60.0,999.0,NORMAL,2026-02-17
SUBJ033,WEEK8,HBA1C,HbA1c,9.02,%,4.0,5.6,ABNORMAL,2026-03-15
SUBJ033,WEEK8,FPG,Fasting plasma glucose,130.58,mg/dL,70.0,99.0,ABNORMAL,2026-03-15
SUBJ033,WEEK8,INSULIN,Insulin,16.36,µIU/mL,2.6,24.9,NORMAL,2026-03-15
SUBJ033,WEEK8,CPEPTIDE,C-peptide,2.57,ng/mL,1.1,4.4,NORMAL,2026-03-15
SUBJ033,WEEK8,TC,Total cholesterol,161.98,mg/dL,125.0,200.0,NORMAL,2026-03-15
SUBJ033,WEEK8,LDL,LDL cholesterol,77.76,mg/dL,0.0,100.0,NORMAL,2026-03-15
SUBJ033,WEEK8,HDL,HDL cholesterol,34.99,mg/dL,40.0,999.0,ABNORMAL,2026-03-15
SUBJ033,WEEK8,TG,Triglycerides,221.4,mg/dL,0.0,150.0,ABNORMAL,2026-03-15
SUBJ033,WEEK8,ALT,Alanine aminotransferase,39.6,U/L,7.0,56.0,NORMAL,2026-03-15
SUBJ033,WEEK8,AST,Aspartate aminotransferase,26.23,U/L,10.0,40.0,NORMAL,2026-03-15
SUBJ033,WEEK8,CREAT,Creatinine,0.93,mg/dL,0.6,1.3,NORMAL,2026-03-15
SUBJ033,WEEK8,EGFR,Estimated glomerular filtration rate,66.9,mL/min/1.73m²,60.0,999.0,NORMAL,2026-03-15
SUBJ033,WEEK12,HBA1C,HbA1c,8.84,%,4.0,5.6,ABNORMAL,2026-04-15
SUBJ033,WEEK12,FPG,Fasting plasma glucose,132.75,mg/dL,70.0,99.0,ABNORMAL,2026-04-15
SUBJ033,WEEK12,INSULIN,Insulin,13.5,µIU/mL,2.6,24.9,NORMAL,2026-04-15
SUBJ033,WEEK12,CPEPTIDE,C-peptide,2.51,ng/mL,1.1,4.4,NORMAL,2026-04-15
SUBJ033,WEEK12,TC,Total cholesterol,160.78,mg/dL,125.0,200.0,NORMAL,2026-04-15
SUBJ033,WEEK12,LDL,LDL cholesterol,86.01,mg/dL,0.0,100.0,NORMAL,2026-04-15
SUBJ033,WEEK12,HDL,HDL cholesterol,33.26,mg/dL,40.0,999.0,ABNORMAL,2026-04-15
SUBJ033,WEEK12,TG,Triglycerides,222.33,mg/dL,0.0,150.0,ABNORMAL,2026-04-15
SUBJ033,WEEK12,ALT,Alanine aminotransferase,38.07,U/L,7.0,56.0,NORMAL,2026-04-15
SUBJ033,WEEK12,AST,Aspartate aminotransferase,26.67,U/L,10.0,40.0,NORMAL,2026-04-15
SUBJ033,WEEK12,CREAT,Creatinine,0.91,mg/dL,0.6,1.3,NORMAL,2026-04-15
SUBJ033,WEEK12,EGFR,Estimated glomerular filtration rate,69.25,mL/min/1.73m²,60.0,999.0,NORMAL,2026-04-15
SUBJ034,BASELINE,HBA1C,HbA1c,8.95,%,4.0,5.6,ABNORMAL,2026-02-09
SUBJ034,BASELINE,FPG,Fasting plasma glucose,228.58,mg/dL,70.0,99.0,ABNORMAL,2026-02-09
SUBJ034,BASELINE,INSULIN,Insulin,14.65,µIU/mL,2.6,24.9,NORMAL,2026-02-09
SUBJ034,BASELINE,CPEPTIDE,C-peptide,3.03,ng/mL,1.1,4.4,NORMAL,2026-02-09
SUBJ034,BASELINE,TC,Total cholesterol,255.15,mg/dL,125.0,200.0,ABNORMAL,2026-02-09
SUBJ034,BASELINE,LDL,LDL cholesterol,114.2,mg/dL,0.0,100.0,ABNORMAL,2026-02-09
SUBJ034,BASELINE,HDL,HDL cholesterol,41.81,mg/dL,40.0,999.0,NORMAL,2026-02-09
SUBJ034,BASELINE,TG,Triglycerides,154.0,mg/dL,0.0,150.0,ABNORMAL,2026-02-09
SUBJ034,BASELINE,ALT,Alanine aminotransferase,29.44,U/L,7.0,56.0,NORMAL,2026-02-09
SUBJ034,BASELINE,AST,Aspartate aminotransferase,26.74,U/L,10.0,40.0,NORMAL,2026-02-09
SUBJ034,BASELINE,CREAT,Creatinine,1.17,mg/dL,0.6,1.3,NORMAL,2026-02-09
SUBJ034,BASELINE,EGFR,Estimated glomerular filtration rate,102.36,mL/min/1.73m²,60.0,999.0,NORMAL,2026-02-09
SUBJ034,WEEK4,HBA1C,HbA1c,8.62,%,4.0,5.6,ABNORMAL,2026-03-07
SUBJ034,WEEK4,FPG,Fasting plasma glucose,215.09,mg/dL,70.0,99.0,ABNORMAL,2026-03-07
SUBJ034,WEEK4,INSULIN,Insulin,15.48,µIU/mL,2.6,24.9,NORMAL,2026-03-07
SUBJ034,WEEK4,CPEPTIDE,C-peptide,2.87,ng/mL,1.1,4.4,NORMAL,2026-03-07
SUBJ034,WEEK4,TC,Total cholesterol,248.95,mg/dL,125.0,200.0,ABNORMAL,2026-03-07
SUBJ034,WEEK4,LDL,LDL cholesterol,119.65,mg/dL,0.0,100.0,ABNORMAL,2026-03-07
SUBJ034,WEEK4,HDL,HDL cholesterol,36.94,mg/dL,40.0,999.0,ABNORMAL,2026-03-07
SUBJ034,WEEK4,TG,Triglycerides,160.3,mg/dL,0.0,150.0,ABNORMAL,2026-03-07
SUBJ034,WEEK4,ALT,Alanine aminotransferase,25.86,U/L,7.0,56.0,NORMAL,2026-03-07
SUBJ034,WEEK4,AST,Aspartate aminotransferase,26.12,U/L,10.0,40.0,NORMAL,2026-03-07
SUBJ034,WEEK4,CREAT,Creatinine,1.18,mg/dL,0.6,1.3,NORMAL,2026-03-07
SUBJ034,WEEK4,EGFR,Estimated glomerular filtration rate,96.77,mL/min/1.73m²,60.0,999.0,NORMAL,2026-03-07
SUBJ034,WEEK8,HBA1C,HbA1c,8.49,%,4.0,5.6,ABNORMAL,2026-04-08
SUBJ034,WEEK8,FPG,Fasting plasma glucose,211.98,mg/dL,70.0,99.0,ABNORMAL,2026-04-08
SUBJ034,WEEK8,INSULIN,Insulin,14.58,µIU/mL,2.6,24.9,NORMAL,2026-04-08
SUBJ034,WEEK8,CPEPTIDE,C-peptide,3.09,ng/mL,1.1,4.4,NORMAL,2026-04-08
SUBJ034,WEEK8,TC,Total cholesterol,256.95,mg/dL,125.0,200.0,ABNORMAL,2026-04-08
SUBJ034,WEEK8,LDL,LDL cholesterol,115.37,mg/dL,0.0,100.0,ABNORMAL,2026-04-08
SUBJ034,WEEK8,HDL,HDL cholesterol,42.87,mg/dL,40.0,999.0,NORMAL,2026-04-08
SUBJ034,WEEK8,TG,Triglycerides,147.74,mg/dL,0.0,150.0,NORMAL,2026-04-08
SUBJ034,WEEK8,ALT,Alanine aminotransferase,28.38,U/L,7.0,56.0,NORMAL,2026-04-08
SUBJ034,WEEK8,AST,Aspartate aminotransferase,27.55,U/L,10.0,40.0,NORMAL,2026-04-08
SUBJ034,WEEK8,CREAT,Creatinine,1.26,mg/dL,0.6,1.3,NORMAL,2026-04-08
SUBJ034,WEEK8,EGFR,Estimated glomerular filtration rate,101.14,mL/min/1.73m²,60.0,999.0,NORMAL,2026-04-08
SUBJ035,BASELINE,HBA1C,HbA1c,8.83,%,4.0,5.6,ABNORMAL,2026-01-18
SUBJ035,BASELINE,FPG,Fasting plasma glucose,149.84,mg/dL,70.0,99.0,ABNORMAL,2026-01-18
SUBJ035,BASELINE,INSULIN,Insulin,6.95,µIU/mL,2.6,24.9,NORMAL,2026-01-18
SUBJ035,BASELINE,CPEPTIDE,C-peptide,2.0,ng/mL,1.1,4.4,NORMAL,2026-01-18
SUBJ035,BASELINE,TC,Total cholesterol,200.48,mg/dL,125.0,200.0,ABNORMAL,2026-01-18
SUBJ035,BASELINE,LDL,LDL cholesterol,122.21,mg/dL,0.0,100.0,ABNORMAL,2026-01-18
SUBJ035,BASELINE,HDL,HDL cholesterol,42.74,mg/dL,40.0,999.0,NORMAL,2026-01-18
SUBJ035,BASELINE,TG,Triglycerides,152.71,mg/dL,0.0,150.0,ABNORMAL,2026-01-18
SUBJ035,BASELINE,ALT,Alanine aminotransferase,40.38,U/L,7.0,56.0,NORMAL,2026-01-18
SUBJ035,BASELINE,AST,Aspartate aminotransferase,30.4,U/L,10.0,40.0,NORMAL,2026-01-18
SUBJ035,BASELINE,CREAT,Creatinine,0.95,mg/dL,0.6,1.3,NORMAL,2026-01-18
SUBJ035,BASELINE,EGFR,Estimated glomerular filtration rate,51.56,mL/min/1.73m²,60.0,999.0,ABNORMAL,2026-01-18
SUBJ035,WEEK4,HBA1C,HbA1c,8.55,%,4.0,5.6,ABNORMAL,2026-02-14
SUBJ035,WEEK4,FPG,Fasting plasma glucose,152.72,mg/dL,70.0,99.0,ABNORMAL,2026-02-14
SUBJ035,WEEK4,INSULIN,Insulin,8.21,µIU/mL,2.6,24.9,NORMAL,2026-02-14
SUBJ035,WEEK4,CPEPTIDE,C-peptide,1.97,ng/mL,1.1,4.4,NORMAL,2026-02-14
SUBJ035,WEEK4,TC,Total cholesterol,183.49,mg/dL,125.0,200.0,NORMAL,2026-02-14
SUBJ035,WEEK4,LDL,LDL cholesterol,114.47,mg/dL,0.0,100.0,ABNORMAL,2026-02-14
SUBJ035,WEEK4,HDL,HDL cholesterol,37.32,mg/dL,40.0,999.0,ABNORMAL,2026-02-14
SUBJ035,WEEK4,TG,Triglycerides,149.18,mg/dL,0.0,150.0,NORMAL,2026-02-14
SUBJ035,WEEK4,ALT,Alanine aminotransferase,38.36,U/L,7.0,56.0,NORMAL,2026-02-14
SUBJ035,WEEK4,AST,Aspartate aminotransferase,29.04,U/L,10.0,40.0,NORMAL,2026-02-14
SUBJ035,WEEK4,CREAT,Creatinine,0.93,mg/dL,0.6,1.3,NORMAL,2026-02-14
SUBJ035,WEEK4,EGFR,Estimated glomerular filtration rate,53.76,mL/min/1.73m²,60.0,999.0,ABNORMAL,2026-02-14
SUBJ035,WEEK8,HBA1C,HbA1c,8.08,%,4.0,5.6,ABNORMAL,2026-03-16
SUBJ035,WEEK8,FPG,Fasting plasma glucose,141.77,mg/dL,70.0,99.0,ABNORMAL,2026-03-16
SUBJ035,WEEK8,INSULIN,Insulin,7.49,µIU/mL,2.6,24.9,NORMAL,2026-03-16
SUBJ035,WEEK8,CPEPTIDE,C-peptide,2.08,ng/mL,1.1,4.4,NORMAL,2026-03-16
SUBJ035,WEEK8,TC,Total cholesterol,190.27,mg/dL,125.0,200.0,NORMAL,2026-03-16
SUBJ035,WEEK8,LDL,LDL cholesterol,109.17,mg/dL,0.0,100.0,ABNORMAL,2026-03-16
SUBJ035,WEEK8,HDL,HDL cholesterol,39.42,mg/dL,40.0,999.0,ABNORMAL,2026-03-16
SUBJ035,WEEK8,TG,Triglycerides,155.46,mg/dL,0.0,150.0,ABNORMAL,2026-03-16
SUBJ035,WEEK8,ALT,Alanine aminotransferase,43.34,U/L,7.0,56.0,NORMAL,2026-03-16
SUBJ035,WEEK8,AST,Aspartate aminotransferase,26.87,U/L,10.0,40.0,NORMAL,2026-03-16
SUBJ035,WEEK8,CREAT,Creatinine,0.89,mg/dL,0.6,1.3,NORMAL,2026-03-16
SUBJ035,WEEK8,EGFR,Estimated glomerular filtration rate,49.8,mL/min/1.73m²,60.0,999.0,ABNORMAL,2026-03-16
SUBJ035,WEEK12,HBA1C,HbA1c,7.86,%,4.0,5.6,ABNORMAL,2026-04-10
SUBJ035,WEEK12,FPG,Fasting plasma glucose,124.33,mg/dL,70.0,99.0,ABNORMAL,2026-04-10
SUBJ035,WEEK12,INSULIN,Insulin,7.69,µIU/mL,2.6,24.9,NORMAL,2026-04-10
SUBJ035,WEEK12,CPEPTIDE,C-peptide,1.99,ng/mL,1.1,4.4,NORMAL,2026-04-10
SUBJ035,WEEK12,TC,Total cholesterol,191.94,mg/dL,125.0,200.0,NORMAL,2026-04-10
SUBJ035,WEEK12,LDL,LDL cholesterol,109.85,mg/dL,0.0,100.0,ABNORMAL,2026-04-10
SUBJ035,WEEK12,HDL,HDL cholesterol,42.79,mg/dL,40.0,999.0,NORMAL,2026-04-10
SUBJ035,WEEK12,TG,Triglycerides,151.84,mg/dL,0.0,150.0,ABNORMAL,2026-04-10
SUBJ035,WEEK12,ALT,Alanine aminotransferase,37.98,U/L,7.0,56.0,NORMAL,2026-04-10
SUBJ035,WEEK12,AST,Aspartate aminotransferase,32.38,U/L,10.0,40.0,NORMAL,2026-04-10
SUBJ035,WEEK12,CREAT,Creatinine,0.86,mg/dL,0.6,1.3,NORMAL,2026-04-10
SUBJ035,WEEK12,EGFR,Estimated glomerular filtration rate,51.06,mL/min/1.73m²,60.0,999.0,ABNORMAL,2026-04-10
SUBJ036,BASELINE,HBA1C,HbA1c,7.35,%,4.0,5.6,ABNORMAL,2026-01-30
SUBJ036,BASELINE,FPG,Fasting plasma glucose,140.91,mg/dL,70.0,99.0,ABNORMAL,2026-01-30
SUBJ036,BASELINE,INSULIN,Insulin,15.55,µIU/mL,2.6,24.9,NORMAL,2026-01-30
SUBJ036,BASELINE,CPEPTIDE,C-peptide,3.12,ng/mL,1.1,4.4,NORMAL,2026-01-30
SUBJ036,BASELINE,TC,Total cholesterol,154.29,mg/dL,125.0,200.0,NORMAL,2026-01-30
SUBJ036,BASELINE,LDL,LDL cholesterol,120.78,mg/dL,0.0,100.0,ABNORMAL,2026-01-30
SUBJ036,BASELINE,HDL,HDL cholesterol,41.59,mg/dL,40.0,999.0,NORMAL,2026-01-30
SUBJ036,BASELINE,TG,Triglycerides,82.98,mg/dL,0.0,150.0,NORMAL,2026-01-30
SUBJ036,BASELINE,ALT,Alanine aminotransferase,32.17,U/L,7.0,56.0,NORMAL,2026-01-30
SUBJ036,BASELINE,AST,Aspartate aminotransferase,31.69,U/L,10.0,40.0,NORMAL,2026-01-30
SUBJ036,BASELINE,CREAT,Creatinine,0.74,mg/dL,0.6,1.3,NORMAL,2026-01-30
SUBJ036,BASELINE,EGFR,Estimated glomerular filtration rate,102.84,mL/min/1.73m²,60.0,999.0,NORMAL,2026-01-30
SUBJ036,WEEK4,HBA1C,HbA1c,7.25,%,4.0,5.6,ABNORMAL,2026-02-25
SUBJ036,WEEK4,FPG,Fasting plasma glucose,132.22,mg/dL,70.0,99.0,ABNORMAL,2026-02-25
SUBJ036,WEEK4,INSULIN,Insulin,16.29,µIU/mL,2.6,24.9,NORMAL,2026-02-25
SUBJ036,WEEK4,CPEPTIDE,C-peptide,2.89,ng/mL,1.1,4.4,NORMAL,2026-02-25
SUBJ036,WEEK4,TC,Total cholesterol,156.79,mg/dL,125.0,200.0,NORMAL,2026-02-25
SUBJ036,WEEK4,LDL,LDL cholesterol,114.41,mg/dL,0.0,100.0,ABNORMAL,2026-02-25
SUBJ036,WEEK4,HDL,HDL cholesterol,41.8,mg/dL,40.0,999.0,NORMAL,2026-02-25
SUBJ036,WEEK4,TG,Triglycerides,54.61,mg/dL,0.0,150.0,NORMAL,2026-02-25
SUBJ036,WEEK4,ALT,Alanine aminotransferase,33.78,U/L,7.0,56.0,NORMAL,2026-02-25
SUBJ036,WEEK4,AST,Aspartate aminotransferase,30.83,U/L,10.0,40.0,NORMAL,2026-02-25
SUBJ036,WEEK4,CREAT,Creatinine,0.69,mg/dL,0.6,1.3,NORMAL,2026-02-25
SUBJ036,WEEK4,EGFR,Estimated glomerular filtration rate,99.04,mL/min/1.73m²,60.0,999.0,NORMAL,2026-02-25
SUBJ036,WEEK8,HBA1C,HbA1c,7.38,%,4.0,5.6,ABNORMAL,2026-03-28
SUBJ036,WEEK8,FPG,Fasting plasma glucose,120.72,mg/dL,70.0,99.0,ABNORMAL,2026-03-28
SUBJ036,WEEK8,INSULIN,Insulin,16.48,µIU/mL,2.6,24.9,NORMAL,2026-03-28
SUBJ036,WEEK8,CPEPTIDE,C-peptide,3.02,ng/mL,1.1,4.4,NORMAL,2026-03-28
SUBJ036,WEEK8,TC,Total cholesterol,157.6,mg/dL,125.0,200.0,NORMAL,2026-03-28
SUBJ036,WEEK8,LDL,LDL cholesterol,113.31,mg/dL,0.0,100.0,ABNORMAL,2026-03-28
SUBJ036,WEEK8,HDL,HDL cholesterol,41.41,mg/dL,40.0,999.0,NORMAL,2026-03-28
SUBJ036,WEEK8,TG,Triglycerides,66.87,mg/dL,0.0,150.0,NORMAL,2026-03-28
SUBJ036,WEEK8,ALT,Alanine aminotransferase,31.16,U/L,7.0,56.0,NORMAL,2026-03-28
SUBJ036,WEEK8,AST,Aspartate aminotransferase,32.23,U/L,10.0,40.0,NORMAL,2026-03-28
SUBJ036,WEEK8,CREAT,Creatinine,0.7,mg/dL,0.6,1.3,NORMAL,2026-03-28
SUBJ036,WEEK8,EGFR,Estimated glomerular filtration rate,101.56,mL/min/1.73m²,60.0,999.0,NORMAL,2026-03-28
SUBJ036,WEEK12,HBA1C,HbA1c,6.89,%,4.0,5.6,ABNORMAL,2026-04-26
SUBJ036,WEEK12,FPG,Fasting plasma glucose,128.66,mg/dL,70.0,99.0,ABNORMAL,2026-04-26
SUBJ036,WEEK12,INSULIN,Insulin,16.58,µIU/mL,2.6,24.9,NORMAL,2026-04-26
SUBJ036,WEEK12,CPEPTIDE,C-peptide,2.91,ng/mL,1.1,4.4,NORMAL,2026-04-26
SUBJ036,WEEK12,TC,Total cholesterol,154.82,mg/dL,125.0,200.0,NORMAL,2026-04-26
SUBJ036,WEEK12,LDL,LDL cholesterol,109.44,mg/dL,0.0,100.0,ABNORMAL,2026-04-26
SUBJ036,WEEK12,HDL,HDL cholesterol,47.16,mg/dL,40.0,999.0,NORMAL,2026-04-26
SUBJ036,WEEK12,TG,Triglycerides,63.81,mg/dL,0.0,150.0,NORMAL,2026-04-26
SUBJ036,WEEK12,ALT,Alanine aminotransferase,26.46,U/L,7.0,56.0,NORMAL,2026-04-26
SUBJ036,WEEK12,AST,Aspartate aminotransferase,28.89,U/L,10.0,40.0,NORMAL,2026-04-26
SUBJ036,WEEK12,CREAT,Creatinine,0.73,mg/dL,0.6,1.3,NORMAL,2026-04-26
SUBJ036,WEEK12,EGFR,Estimated glomerular filtration rate,101.85,mL/min/1.73m²,60.0,999.0,NORMAL,2026-04-26
SUBJ037,BASELINE,HBA1C,HbA1c,8.28,%,4.0,5.6,ABNORMAL,2026-01-27
SUBJ037,BASELINE,FPG,Fasting plasma glucose,159.85,mg/dL,70.0,99.0,ABNORMAL,2026-01-27
SUBJ037,BASELINE,INSULIN,Insulin,14.63,µIU/mL,2.6,24.9,NORMAL,2026-01-27
SUBJ037,BASELINE,CPEPTIDE,C-peptide,3.32,ng/mL,1.1,4.4,NORMAL,2026-01-27
SUBJ037,BASELINE,TC,Total cholesterol,217.32,mg/dL,125.0,200.0,ABNORMAL,2026-01-27
SUBJ037,BASELINE,LDL,LDL cholesterol,117.03,mg/dL,0.0,100.0,ABNORMAL,2026-01-27
SUBJ037,BASELINE,HDL,HDL cholesterol,49.54,mg/dL,40.0,999.0,NORMAL,2026-01-27
SUBJ037,BASELINE,TG,Triglycerides,173.29,mg/dL,0.0,150.0,ABNORMAL,2026-01-27
SUBJ037,BASELINE,ALT,Alanine aminotransferase,29.4,U/L,7.0,56.0,NORMAL,2026-01-27
SUBJ037,BASELINE,AST,Aspartate aminotransferase,20.56,U/L,10.0,40.0,NORMAL,2026-01-27
SUBJ037,BASELINE,CREAT,Creatinine,1.06,mg/dL,0.6,1.3,NORMAL,2026-01-27
SUBJ037,BASELINE,EGFR,Estimated glomerular filtration rate,92.43,mL/min/1.73m²,60.0,999.0,NORMAL,2026-01-27
SUBJ037,WEEK4,HBA1C,HbA1c,8.09,%,4.0,5.6,ABNORMAL,2026-02-26
SUBJ037,WEEK4,FPG,Fasting plasma glucose,162.12,mg/dL,70.0,99.0,ABNORMAL,2026-02-26
SUBJ037,WEEK4,INSULIN,Insulin,14.72,µIU/mL,2.6,24.9,NORMAL,2026-02-26
SUBJ037,WEEK4,CPEPTIDE,C-peptide,3.37,ng/mL,1.1,4.4,NORMAL,2026-02-26
SUBJ037,WEEK4,TC,Total cholesterol,213.62,mg/dL,125.0,200.0,ABNORMAL,2026-02-26
SUBJ037,WEEK4,LDL,LDL cholesterol,118.18,mg/dL,0.0,100.0,ABNORMAL,2026-02-26
SUBJ037,WEEK4,HDL,HDL cholesterol,51.27,mg/dL,40.0,999.0,NORMAL,2026-02-26
SUBJ037,WEEK4,TG,Triglycerides,166.75,mg/dL,0.0,150.0,ABNORMAL,2026-02-26
SUBJ037,WEEK4,ALT,Alanine aminotransferase,31.8,U/L,7.0,56.0,NORMAL,2026-02-26
SUBJ037,WEEK4,AST,Aspartate aminotransferase,17.98,U/L,10.0,40.0,NORMAL,2026-02-26
SUBJ037,WEEK4,CREAT,Creatinine,1.11,mg/dL,0.6,1.3,NORMAL,2026-02-26
SUBJ037,WEEK4,EGFR,Estimated glomerular filtration rate,90.61,mL/min/1.73m²,60.0,999.0,NORMAL,2026-02-26
SUBJ037,WEEK8,HBA1C,HbA1c,8.18,%,4.0,5.6,ABNORMAL,2026-03-22
SUBJ037,WEEK8,FPG,Fasting plasma glucose,151.63,mg/dL,70.0,99.0,ABNORMAL,2026-03-22
SUBJ037,WEEK8,INSULIN,Insulin,15.91,µIU/mL,2.6,24.9,NORMAL,2026-03-22
SUBJ037,WEEK8,CPEPTIDE,C-peptide,3.5,ng/mL,1.1,4.4,NORMAL,2026-03-22
SUBJ037,WEEK8,TC,Total cholesterol,221.74,mg/dL,125.0,200.0,ABNORMAL,2026-03-22
SUBJ037,WEEK8,LDL,LDL cholesterol,115.68,mg/dL,0.0,100.0,ABNORMAL,2026-03-22
SUBJ037,WEEK8,HDL,HDL cholesterol,50.72,mg/dL,40.0,999.0,NORMAL,2026-03-22
SUBJ037,WEEK8,TG,Triglycerides,161.79,mg/dL,0.0,150.0,ABNORMAL,2026-03-22
SUBJ037,WEEK8,ALT,Alanine aminotransferase,37.55,U/L,7.0,56.0,NORMAL,2026-03-22
SUBJ037,WEEK8,AST,Aspartate aminotransferase,17.05,U/L,10.0,40.0,NORMAL,2026-03-22
SUBJ037,WEEK8,CREAT,Creatinine,1.03,mg/dL,0.6,1.3,NORMAL,2026-03-22
SUBJ037,WEEK8,EGFR,Estimated glomerular filtration rate,88.84,mL/min/1.73m²,60.0,999.0,NORMAL,2026-03-22
SUBJ037,WEEK12,HBA1C,HbA1c,8.08,%,4.0,5.6,ABNORMAL,2026-04-20
SUBJ037,WEEK12,FPG,Fasting plasma glucose,161.47,mg/dL,70.0,99.0,ABNORMAL,2026-04-20
SUBJ037,WEEK12,INSULIN,Insulin,13.31,µIU/mL,2.6,24.9,NORMAL,2026-04-20
SUBJ037,WEEK12,CPEPTIDE,C-peptide,3.25,ng/mL,1.1,4.4,NORMAL,2026-04-20
SUBJ037,WEEK12,TC,Total cholesterol,218.55,mg/dL,125.0,200.0,ABNORMAL,2026-04-20
SUBJ037,WEEK12,LDL,LDL cholesterol,114.68,mg/dL,0.0,100.0,ABNORMAL,2026-04-20
SUBJ037,WEEK12,HDL,HDL cholesterol,49.7,mg/dL,40.0,999.0,NORMAL,2026-04-20
SUBJ037,WEEK12,TG,Triglycerides,157.05,mg/dL,0.0,150.0,ABNORMAL,2026-04-20
SUBJ037,WEEK12,ALT,Alanine aminotransferase,35.28,U/L,7.0,56.0,NORMAL,2026-04-20
SUBJ037,WEEK12,AST,Aspartate aminotransferase,17.87,U/L,10.0,40.0,NORMAL,2026-04-20
SUBJ037,WEEK12,CREAT,Creatinine,0.99,mg/dL,0.6,1.3,NORMAL,2026-04-20
SUBJ037,WEEK12,EGFR,Estimated glomerular filtration rate,88.97,mL/min/1.73m²,60.0,999.0,NORMAL,2026-04-20
SUBJ038,BASELINE,HBA1C,HbA1c,7.44,%,4.0,5.6,ABNORMAL,2026-01-21
SUBJ038,BASELINE,FPG,Fasting plasma glucose,170.16,mg/dL,70.0,99.0,ABNORMAL,2026-01-21
SUBJ038,BASELINE,INSULIN,Insulin,12.97,µIU/mL,2.6,24.9,NORMAL,2026-01-21
SUBJ038,BASELINE,CPEPTIDE,C-peptide,3.21,ng/mL,1.1,4.4,NORMAL,2026-01-21
SUBJ038,BASELINE,TC,Total cholesterol,163.77,mg/dL,125.0,200.0,NORMAL,2026-01-21
SUBJ038,BASELINE,LDL,LDL cholesterol,140.48,mg/dL,0.0,100.0,ABNORMAL,2026-01-21
SUBJ038,BASELINE,HDL,HDL cholesterol,52.23,mg/dL,40.0,999.0,NORMAL,2026-01-21
SUBJ038,BASELINE,TG,Triglycerides,142.6,mg/dL,0.0,150.0,NORMAL,2026-01-21
SUBJ038,BASELINE,ALT,Alanine aminotransferase,17.56,U/L,7.0,56.0,NORMAL,2026-01-21
SUBJ038,BASELINE,AST,Aspartate aminotransferase,21.75,U/L,10.0,40.0,NORMAL,2026-01-21
SUBJ038,BASELINE,CREAT,Creatinine,0.83,mg/dL,0.6,1.3,NORMAL,2026-01-21
SUBJ038,BASELINE,EGFR,Estimated glomerular filtration rate,65.6,mL/min/1.73m²,60.0,999.0,NORMAL,2026-01-21
SUBJ038,WEEK4,HBA1C,HbA1c,7.27,%,4.0,5.6,ABNORMAL,2026-02-16
SUBJ038,WEEK4,FPG,Fasting plasma glucose,156.46,mg/dL,70.0,99.0,ABNORMAL,2026-02-16
SUBJ038,WEEK4,INSULIN,Insulin,13.25,µIU/mL,2.6,24.9,NORMAL,2026-02-16
SUBJ038,WEEK4,CPEPTIDE,C-peptide,3.38,ng/mL,1.1,4.4,NORMAL,2026-02-16
SUBJ038,WEEK4,TC,Total cholesterol,160.87,mg/dL,125.0,200.0,NORMAL,2026-02-16
SUBJ038,WEEK4,LDL,LDL cholesterol,134.31,mg/dL,0.0,100.0,ABNORMAL,2026-02-16
SUBJ038,WEEK4,HDL,HDL cholesterol,54.7,mg/dL,40.0,999.0,NORMAL,2026-02-16
SUBJ038,WEEK4,TG,Triglycerides,141.02,mg/dL,0.0,150.0,NORMAL,2026-02-16
SUBJ038,WEEK4,ALT,Alanine aminotransferase,22.52,U/L,7.0,56.0,NORMAL,2026-02-16
SUBJ038,WEEK4,AST,Aspartate aminotransferase,26.8,U/L,10.0,40.0,NORMAL,2026-02-16
SUBJ038,WEEK4,CREAT,Creatinine,0.78,mg/dL,0.6,1.3,NORMAL,2026-02-16
SUBJ038,WEEK4,EGFR,Estimated glomerular filtration rate,66.77,mL/min/1.73m²,60.0,999.0,NORMAL,2026-02-16
SUBJ038,WEEK8,HBA1C,HbA1c,7.09,%,4.0,5.6,ABNORMAL,2026-03-20
SUBJ038,WEEK8,FPG,Fasting plasma glucose,143.71,mg/dL,70.0,99.0,ABNORMAL,2026-03-20
SUBJ038,WEEK8,INSULIN,Insulin,10.46,µIU/mL,2.6,24.9,NORMAL,2026-03-20
SUBJ038,WEEK8,CPEPTIDE,C-peptide,3.31,ng/mL,1.1,4.4,NORMAL,2026-03-20
SUBJ038,WEEK8,TC,Total cholesterol,171.82,mg/dL,125.0,200.0,NORMAL,2026-03-20
SUBJ038,WEEK8,LDL,LDL cholesterol,135.35,mg/dL,0.0,100.0,ABNORMAL,2026-03-20
SUBJ038,WEEK8,HDL,HDL cholesterol,55.28,mg/dL,40.0,999.0,NORMAL,2026-03-20
SUBJ038,WEEK8,TG,Triglycerides,129.1,mg/dL,0.0,150.0,NORMAL,2026-03-20
SUBJ038,WEEK8,ALT,Alanine aminotransferase,27.41,U/L,7.0,56.0,NORMAL,2026-03-20
SUBJ038,WEEK8,AST,Aspartate aminotransferase,21.87,U/L,10.0,40.0,NORMAL,2026-03-20
SUBJ038,WEEK8,CREAT,Creatinine,0.82,mg/dL,0.6,1.3,NORMAL,2026-03-20
SUBJ038,WEEK8,EGFR,Estimated glomerular filtration rate,63.79,mL/min/1.73m²,60.0,999.0,NORMAL,2026-03-20
SUBJ038,WEEK12,HBA1C,HbA1c,6.78,%,4.0,5.6,ABNORMAL,2026-04-15
SUBJ038,WEEK12,FPG,Fasting plasma glucose,125.22,mg/dL,70.0,99.0,ABNORMAL,2026-04-15
SUBJ038,WEEK12,INSULIN,Insulin,10.5,µIU/mL,2.6,24.9,NORMAL,2026-04-15
SUBJ038,WEEK12,CPEPTIDE,C-peptide,3.58,ng/mL,1.1,4.4,NORMAL,2026-04-15
SUBJ038,WEEK12,TC,Total cholesterol,158.0,mg/dL,125.0,200.0,NORMAL,2026-04-15
SUBJ038,WEEK12,LDL,LDL cholesterol,133.88,mg/dL,0.0,100.0,ABNORMAL,2026-04-15
SUBJ038,WEEK12,HDL,HDL cholesterol,54.75,mg/dL,40.0,999.0,NORMAL,2026-04-15
SUBJ038,WEEK12,TG,Triglycerides,127.86,mg/dL,0.0,150.0,NORMAL,2026-04-15
SUBJ038,WEEK12,ALT,Alanine aminotransferase,24.1,U/L,7.0,56.0,NORMAL,2026-04-15
SUBJ038,WEEK12,AST,Aspartate aminotransferase,22.3,U/L,10.0,40.0,NORMAL,2026-04-15
SUBJ038,WEEK12,CREAT,Creatinine,0.86,mg/dL,0.6,1.3,NORMAL,2026-04-15
SUBJ038,WEEK12,EGFR,Estimated glomerular filtration rate,59.4,mL/min/1.73m²,60.0,999.0,ABNORMAL,2026-04-15
SUBJ039,BASELINE,HBA1C,HbA1c,8.19,%,4.0,5.6,ABNORMAL,2026-01-18
SUBJ039,BASELINE,FPG,Fasting plasma glucose,162.16,mg/dL,70.0,99.0,ABNORMAL,2026-01-18
SUBJ039,BASELINE,INSULIN,Insulin,9.41,µIU/mL,2.6,24.9,NORMAL,2026-01-18
SUBJ039,BASELINE,CPEPTIDE,C-peptide,3.23,ng/mL,1.1,4.4,NORMAL,2026-01-18
SUBJ039,BASELINE,TC,Total cholesterol,197.8,mg/dL,125.0,200.0,NORMAL,2026-01-18
SUBJ039,BASELINE,LDL,LDL cholesterol,95.93,mg/dL,0.0,100.0,NORMAL,2026-01-18
SUBJ039,BASELINE,HDL,HDL cholesterol,38.86,mg/dL,40.0,999.0,ABNORMAL,2026-01-18
SUBJ039,BASELINE,TG,Triglycerides,183.74,mg/dL,0.0,150.0,ABNORMAL,2026-01-18
SUBJ039,BASELINE,ALT,Alanine aminotransferase,29.46,U/L,7.0,56.0,NORMAL,2026-01-18
SUBJ039,BASELINE,AST,Aspartate aminotransferase,17.91,U/L,10.0,40.0,NORMAL,2026-01-18
SUBJ039,BASELINE,CREAT,Creatinine,0.98,mg/dL,0.6,1.3,NORMAL,2026-01-18
SUBJ039,BASELINE,EGFR,Estimated glomerular filtration rate,101.99,mL/min/1.73m²,60.0,999.0,NORMAL,2026-01-18
SUBJ039,WEEK4,HBA1C,HbA1c,8.02,%,4.0,5.6,ABNORMAL,2026-02-15
SUBJ039,WEEK4,FPG,Fasting plasma glucose,146.85,mg/dL,70.0,99.0,ABNORMAL,2026-02-15
SUBJ039,WEEK4,INSULIN,Insulin,7.99,µIU/mL,2.6,24.9,NORMAL,2026-02-15
SUBJ039,WEEK4,CPEPTIDE,C-peptide,3.32,ng/mL,1.1,4.4,NORMAL,2026-02-15
SUBJ039,WEEK4,TC,Total cholesterol,201.4,mg/dL,125.0,200.0,ABNORMAL,2026-02-15
SUBJ039,WEEK4,LDL,LDL cholesterol,88.84,mg/dL,0.0,100.0,NORMAL,2026-02-15
SUBJ039,WEEK4,HDL,HDL cholesterol,39.04,mg/dL,40.0,999.0,ABNORMAL,2026-02-15
SUBJ039,WEEK4,TG,Triglycerides,183.22,mg/dL,0.0,150.0,ABNORMAL,2026-02-15
SUBJ039,WEEK4,ALT,Alanine aminotransferase,28.92,U/L,7.0,56.0,NORMAL,2026-02-15
SUBJ039,WEEK4,AST,Aspartate aminotransferase,21.1,U/L,10.0,40.0,NORMAL,2026-02-15
SUBJ039,WEEK4,CREAT,Creatinine,0.95,mg/dL,0.6,1.3,NORMAL,2026-02-15
SUBJ039,WEEK4,EGFR,Estimated glomerular filtration rate,98.32,mL/min/1.73m²,60.0,999.0,NORMAL,2026-02-15
SUBJ039,WEEK8,HBA1C,HbA1c,7.82,%,4.0,5.6,ABNORMAL,2026-03-14
SUBJ039,WEEK8,FPG,Fasting plasma glucose,139.79,mg/dL,70.0,99.0,ABNORMAL,2026-03-14
SUBJ039,WEEK8,INSULIN,Insulin,8.16,µIU/mL,2.6,24.9,NORMAL,2026-03-14
SUBJ039,WEEK8,CPEPTIDE,C-peptide,3.09,ng/mL,1.1,4.4,NORMAL,2026-03-14
SUBJ039,WEEK8,TC,Total cholesterol,198.3,mg/dL,125.0,200.0,NORMAL,2026-03-14
SUBJ039,WEEK8,LDL,LDL cholesterol,73.95,mg/dL,0.0,100.0,NORMAL,2026-03-14
SUBJ039,WEEK8,HDL,HDL cholesterol,40.43,mg/dL,40.0,999.0,NORMAL,2026-03-14
SUBJ039,WEEK8,TG,Triglycerides,163.47,mg/dL,0.0,150.0,ABNORMAL,2026-03-14
SUBJ039,WEEK8,ALT,Alanine aminotransferase,27.21,U/L,7.0,56.0,NORMAL,2026-03-14
SUBJ039,WEEK8,AST,Aspartate aminotransferase,21.96,U/L,10.0,40.0,NORMAL,2026-03-14
SUBJ039,WEEK8,CREAT,Creatinine,0.96,mg/dL,0.6,1.3,NORMAL,2026-03-14
SUBJ039,WEEK8,EGFR,Estimated glomerular filtration rate,104.12,mL/min/1.73m²,60.0,999.0,NORMAL,2026-03-14
SUBJ039,WEEK12,HBA1C,HbA1c,7.57,%,4.0,5.6,ABNORMAL,2026-04-11
SUBJ039,WEEK12,FPG,Fasting plasma glucose,131.77,mg/dL,70.0,99.0,ABNORMAL,2026-04-11
SUBJ039,WEEK12,INSULIN,Insulin,8.69,µIU/mL,2.6,24.9,NORMAL,2026-04-11
SUBJ039,WEEK12,CPEPTIDE,C-peptide,2.98,ng/mL,1.1,4.4,NORMAL,2026-04-11
SUBJ039,WEEK12,TC,Total cholesterol,193.56,mg/dL,125.0,200.0,NORMAL,2026-04-11
SUBJ039,WEEK12,LDL,LDL cholesterol,78.31,mg/dL,0.0,100.0,NORMAL,2026-04-11
SUBJ039,WEEK12,HDL,HDL cholesterol,41.74,mg/dL,40.0,999.0,NORMAL,2026-04-11
SUBJ039,WEEK12,TG,Triglycerides,195.07,mg/dL,0.0,150.0,ABNORMAL,2026-04-11
SUBJ039,WEEK12,ALT,Alanine aminotransferase,34.55,U/L,7.0,56.0,NORMAL,2026-04-11
SUBJ039,WEEK12,AST,Aspartate aminotransferase,20.08,U/L,10.0,40.0,NORMAL,2026-04-11
SUBJ039,WEEK12,CREAT,Creatinine,0.96,mg/dL,0.6,1.3,NORMAL,2026-04-11
SUBJ039,WEEK12,EGFR,Estimated glomerular filtration rate,95.68,mL/min/1.73m²,60.0,999.0,NORMAL,2026-04-11
SUBJ040,BASELINE,HBA1C,HbA1c,8.52,%,4.0,5.6,ABNORMAL,2026-01-23
SUBJ040,BASELINE,FPG,Fasting plasma glucose,175.26,mg/dL,70.0,99.0,ABNORMAL,2026-01-23
SUBJ040,BASELINE,INSULIN,Insulin,20.29,µIU/mL,2.6,24.9,NORMAL,2026-01-23
SUBJ040,BASELINE,CPEPTIDE,C-peptide,2.49,ng/mL,1.1,4.4,NORMAL,2026-01-23
SUBJ040,BASELINE,TC,Total cholesterol,173.44,mg/dL,125.0,200.0,NORMAL,2026-01-23
SUBJ040,BASELINE,LDL,LDL cholesterol,91.06,mg/dL,0.0,100.0,NORMAL,2026-01-23
SUBJ040,BASELINE,HDL,HDL cholesterol,42.54,mg/dL,40.0,999.0,NORMAL,2026-01-23
SUBJ040,BASELINE,TG,Triglycerides,89.18,mg/dL,0.0,150.0,NORMAL,2026-01-23
SUBJ040,BASELINE,ALT,Alanine aminotransferase,13.9,U/L,7.0,56.0,NORMAL,2026-01-23
SUBJ040,BASELINE,AST,Aspartate aminotransferase,26.51,U/L,10.0,40.0,NORMAL,2026-01-23
SUBJ040,BASELINE,CREAT,Creatinine,1.03,mg/dL,0.6,1.3,NORMAL,2026-01-23
SUBJ040,BASELINE,EGFR,Estimated glomerular filtration rate,116.2,mL/min/1.73m²,60.0,999.0,NORMAL,2026-01-23
SUBJ040,WEEK4,HBA1C,HbA1c,8.53,%,4.0,5.6,ABNORMAL,2026-02-20
SUBJ040,WEEK4,FPG,Fasting plasma glucose,173.75,mg/dL,70.0,99.0,ABNORMAL,2026-02-20
SUBJ040,WEEK4,INSULIN,Insulin,20.18,µIU/mL,2.6,24.9,NORMAL,2026-02-20
SUBJ040,WEEK4,CPEPTIDE,C-peptide,2.64,ng/mL,1.1,4.4,NORMAL,2026-02-20
SUBJ040,WEEK4,TC,Total cholesterol,178.5,mg/dL,125.0,200.0,NORMAL,2026-02-20
SUBJ040,WEEK4,LDL,LDL cholesterol,84.75,mg/dL,0.0,100.0,NORMAL,2026-02-20
SUBJ040,WEEK4,HDL,HDL cholesterol,46.21,mg/dL,40.0,999.0,NORMAL,2026-02-20
SUBJ040,WEEK4,TG,Triglycerides,82.35,mg/dL,0.0,150.0,NORMAL,2026-02-20
SUBJ040,WEEK4,ALT,Alanine aminotransferase,15.18,U/L,7.0,56.0,NORMAL,2026-02-20
SUBJ040,WEEK4,AST,Aspartate aminotransferase,24.63,U/L,10.0,40.0,NORMAL,2026-02-20
SUBJ040,WEEK4,CREAT,Creatinine,0.98,mg/dL,0.6,1.3,NORMAL,2026-02-20
SUBJ040,WEEK4,EGFR,Estimated glomerular filtration rate,116.94,mL/min/1.73m²,60.0,999.0,NORMAL,2026-02-20
SUBJ040,WEEK8,HBA1C,HbA1c,8.19,%,4.0,5.6,ABNORMAL,2026-03-18
SUBJ040,WEEK8,FPG,Fasting plasma glucose,173.83,mg/dL,70.0,99.0,ABNORMAL,2026-03-18
SUBJ040,WEEK8,INSULIN,Insulin,19.83,µIU/mL,2.6,24.9,NORMAL,2026-03-18
SUBJ040,WEEK8,CPEPTIDE,C-peptide,2.71,ng/mL,1.1,4.4,NORMAL,2026-03-18
SUBJ040,WEEK8,TC,Total cholesterol,170.71,mg/dL,125.0,200.0,NORMAL,2026-03-18
SUBJ040,WEEK8,LDL,LDL cholesterol,84.08,mg/dL,0.0,100.0,NORMAL,2026-03-18
SUBJ040,WEEK8,HDL,HDL cholesterol,47.4,mg/dL,40.0,999.0,NORMAL,2026-03-18
SUBJ040,WEEK8,TG,Triglycerides,86.97,mg/dL,0.0,150.0,NORMAL,2026-03-18
SUBJ040,WEEK8,ALT,Alanine aminotransferase,12.82,U/L,7.0,56.0,NORMAL,2026-03-18
SUBJ040,WEEK8,AST,Aspartate aminotransferase,26.37,U/L,10.0,40.0,NORMAL,2026-03-18
SUBJ040,WEEK8,CREAT,Creatinine,0.97,mg/dL,0.6,1.3,NORMAL,2026-03-18
SUBJ040,WEEK8,EGFR,Estimated glomerular filtration rate,113.19,mL/min/1.73m²,60.0,999.0,NORMAL,2026-03-18
SUBJ040,WEEK12,HBA1C,HbA1c,8.21,%,4.0,5.6,ABNORMAL,2026-04-17
SUBJ040,WEEK12,FPG,Fasting plasma glucose,160.66,mg/dL,70.0,99.0,ABNORMAL,2026-04-17
SUBJ040,WEEK12,INSULIN,Insulin,19.12,µIU/mL,2.6,24.9,NORMAL,2026-04-17
SUBJ040,WEEK12,CPEPTIDE,C-peptide,2.69,ng/mL,1.1,4.4,NORMAL,2026-04-17
SUBJ040,WEEK12,TC,Total cholesterol,165.42,mg/dL,125.0,200.0,NORMAL,2026-04-17
SUBJ040,WEEK12,LDL,LDL cholesterol,84.41,mg/dL,0.0,100.0,NORMAL,2026-04-17
SUBJ040,WEEK12,HDL,HDL cholesterol,46.78,mg/dL,40.0,999.0,NORMAL,2026-04-17
SUBJ040,WEEK12,TG,Triglycerides,92.8,mg/dL,0.0,150.0,NORMAL,2026-04-17
SUBJ040,WEEK12,ALT,Alanine aminotransferase,12.95,U/L,7.0,56.0,NORMAL,2026-04-17
SUBJ040,WEEK12,AST,Aspartate aminotransferase,26.88,U/L,10.0,40.0,NORMAL,2026-04-17
SUBJ040,WEEK12,CREAT,Creatinine,0.99,mg/dL,0.6,1.3,NORMAL,2026-04-17
SUBJ040,WEEK12,EGFR,Estimated glomerular filtration rate,112.87,mL/min/1.73m²,60.0,999.0,NORMAL,2026-04-17
SUBJ041,BASELINE,HBA1C,HbA1c,8.41,%,4.0,5.6,ABNORMAL,2026-01-17
SUBJ041,BASELINE,FPG,Fasting plasma glucose,154.58,mg/dL,70.0,99.0,ABNORMAL,2026-01-17
SUBJ041,BASELINE,INSULIN,Insulin,14.09,µIU/mL,2.6,24.9,NORMAL,2026-01-17
SUBJ041,BASELINE,CPEPTIDE,C-peptide,2.02,ng/mL,1.1,4.4,NORMAL,2026-01-17
SUBJ041,BASELINE,TC,Total cholesterol,218.05,mg/dL,125.0,200.0,ABNORMAL,2026-01-17
SUBJ041,BASELINE,LDL,LDL cholesterol,88.26,mg/dL,0.0,100.0,NORMAL,2026-01-17
SUBJ041,BASELINE,HDL,HDL cholesterol,48.83,mg/dL,40.0,999.0,NORMAL,2026-01-17
SUBJ041,BASELINE,TG,Triglycerides,152.39,mg/dL,0.0,150.0,ABNORMAL,2026-01-17
SUBJ041,BASELINE,ALT,Alanine aminotransferase,36.47,U/L,7.0,56.0,NORMAL,2026-01-17
SUBJ041,BASELINE,AST,Aspartate aminotransferase,22.29,U/L,10.0,40.0,NORMAL,2026-01-17
SUBJ041,BASELINE,CREAT,Creatinine,0.99,mg/dL,0.6,1.3,NORMAL,2026-01-17
SUBJ041,BASELINE,EGFR,Estimated glomerular filtration rate,90.9,mL/min/1.73m²,60.0,999.0,NORMAL,2026-01-17
SUBJ041,WEEK4,HBA1C,HbA1c,8.34,%,4.0,5.6,ABNORMAL,2026-02-12
SUBJ041,WEEK4,FPG,Fasting plasma glucose,140.15,mg/dL,70.0,99.0,ABNORMAL,2026-02-12
SUBJ041,WEEK4,INSULIN,Insulin,13.22,µIU/mL,2.6,24.9,NORMAL,2026-02-12
SUBJ041,WEEK4,CPEPTIDE,C-peptide,2.15,ng/mL,1.1,4.4,NORMAL,2026-02-12
SUBJ041,WEEK4,TC,Total cholesterol,205.96,mg/dL,125.0,200.0,ABNORMAL,2026-02-12
SUBJ041,WEEK4,LDL,LDL cholesterol,93.82,mg/dL,0.0,100.0,NORMAL,2026-02-12
SUBJ041,WEEK4,HDL,HDL cholesterol,46.17,mg/dL,40.0,999.0,NORMAL,2026-02-12
SUBJ041,WEEK4,TG,Triglycerides,129.24,mg/dL,0.0,150.0,NORMAL,2026-02-12
SUBJ041,WEEK4,ALT,Alanine aminotransferase,35.89,U/L,7.0,56.0,NORMAL,2026-02-12
SUBJ041,WEEK4,AST,Aspartate aminotransferase,22.22,U/L,10.0,40.0,NORMAL,2026-02-12
SUBJ041,WEEK4,CREAT,Creatinine,0.97,mg/dL,0.6,1.3,NORMAL,2026-02-12
SUBJ041,WEEK4,EGFR,Estimated glomerular filtration rate,88.41,mL/min/1.73m²,60.0,999.0,NORMAL,2026-02-12
SUBJ041,WEEK8,HBA1C,HbA1c,7.98,%,4.0,5.6,ABNORMAL,2026-03-12
SUBJ041,WEEK8,FPG,Fasting plasma glucose,138.45,mg/dL,70.0,99.0,ABNORMAL,2026-03-12
SUBJ041,WEEK8,INSULIN,Insulin,13.75,µIU/mL,2.6,24.9,NORMAL,2026-03-12
SUBJ041,WEEK8,CPEPTIDE,C-peptide,2.28,ng/mL,1.1,4.4,NORMAL,2026-03-12
SUBJ041,WEEK8,TC,Total cholesterol,205.67,mg/dL,125.0,200.0,ABNORMAL,2026-03-12
SUBJ041,WEEK8,LDL,LDL cholesterol,92.01,mg/dL,0.0,100.0,NORMAL,2026-03-12
SUBJ041,WEEK8,HDL,HDL cholesterol,48.23,mg/dL,40.0,999.0,NORMAL,2026-03-12
SUBJ041,WEEK8,TG,Triglycerides,137.21,mg/dL,0.0,150.0,NORMAL,2026-03-12
SUBJ041,WEEK8,ALT,Alanine aminotransferase,32.67,U/L,7.0,56.0,NORMAL,2026-03-12
SUBJ041,WEEK8,AST,Aspartate aminotransferase,21.34,U/L,10.0,40.0,NORMAL,2026-03-12
SUBJ041,WEEK8,CREAT,Creatinine,1.0,mg/dL,0.6,1.3,NORMAL,2026-03-12
SUBJ041,WEEK8,EGFR,Estimated glomerular filtration rate,87.4,mL/min/1.73m²,60.0,999.0,NORMAL,2026-03-12
SUBJ041,WEEK12,HBA1C,HbA1c,8.03,%,4.0,5.6,ABNORMAL,2026-04-13
SUBJ041,WEEK12,FPG,Fasting plasma glucose,127.95,mg/dL,70.0,99.0,ABNORMAL,2026-04-13
SUBJ041,WEEK12,INSULIN,Insulin,12.97,µIU/mL,2.6,24.9,NORMAL,2026-04-13
SUBJ041,WEEK12,CPEPTIDE,C-peptide,2.0,ng/mL,1.1,4.4,NORMAL,2026-04-13
SUBJ041,WEEK12,TC,Total cholesterol,215.98,mg/dL,125.0,200.0,ABNORMAL,2026-04-13
SUBJ041,WEEK12,LDL,LDL cholesterol,76.45,mg/dL,0.0,100.0,NORMAL,2026-04-13
SUBJ041,WEEK12,HDL,HDL cholesterol,45.26,mg/dL,40.0,999.0,NORMAL,2026-04-13
SUBJ041,WEEK12,TG,Triglycerides,126.12,mg/dL,0.0,150.0,NORMAL,2026-04-13
SUBJ041,WEEK12,ALT,Alanine aminotransferase,34.91,U/L,7.0,56.0,NORMAL,2026-04-13
SUBJ041,WEEK12,AST,Aspartate aminotransferase,25.68,U/L,10.0,40.0,NORMAL,2026-04-13
SUBJ041,WEEK12,CREAT,Creatinine,1.04,mg/dL,0.6,1.3,NORMAL,2026-04-13
SUBJ041,WEEK12,EGFR,Estimated glomerular filtration rate,85.21,mL/min/1.73m²,60.0,999.0,NORMAL,2026-04-13
SUBJ042,BASELINE,HBA1C,HbA1c,8.1,%,4.0,5.6,ABNORMAL,2026-01-13
SUBJ042,BASELINE,FPG,Fasting plasma glucose,164.15,mg/dL,70.0,99.0,ABNORMAL,2026-01-13
SUBJ042,BASELINE,INSULIN,Insulin,13.07,µIU/mL,2.6,24.9,NORMAL,2026-01-13
SUBJ042,BASELINE,CPEPTIDE,C-peptide,2.51,ng/mL,1.1,4.4,NORMAL,2026-01-13
SUBJ042,BASELINE,TC,Total cholesterol,243.65,mg/dL,125.0,200.0,ABNORMAL,2026-01-13
SUBJ042,BASELINE,LDL,LDL cholesterol,104.58,mg/dL,0.0,100.0,ABNORMAL,2026-01-13
SUBJ042,BASELINE,HDL,HDL cholesterol,42.78,mg/dL,40.0,999.0,NORMAL,2026-01-13
SUBJ042,BASELINE,TG,Triglycerides,113.26,mg/dL,0.0,150.0,NORMAL,2026-01-13
SUBJ042,BASELINE,ALT,Alanine aminotransferase,27.73,U/L,7.0,56.0,NORMAL,2026-01-13
SUBJ042,BASELINE,AST,Aspartate aminotransferase,38.84,U/L,10.0,40.0,NORMAL,2026-01-13
SUBJ042,BASELINE,CREAT,Creatinine,0.71,mg/dL,0.6,1.3,NORMAL,2026-01-13
SUBJ042,BASELINE,EGFR,Estimated glomerular filtration rate,86.6,mL/min/1.73m²,60.0,999.0,NORMAL,2026-01-13
SUBJ042,WEEK4,HBA1C,HbA1c,8.1,%,4.0,5.6,ABNORMAL,2026-02-10
SUBJ042,WEEK4,FPG,Fasting plasma glucose,159.12,mg/dL,70.0,99.0,ABNORMAL,2026-02-10
SUBJ042,WEEK4,INSULIN,Insulin,14.15,µIU/mL,2.6,24.9,NORMAL,2026-02-10
SUBJ042,WEEK4,CPEPTIDE,C-peptide,2.4,ng/mL,1.1,4.4,NORMAL,2026-02-10
SUBJ042,WEEK4,TC,Total cholesterol,247.17,mg/dL,125.0,200.0,ABNORMAL,2026-02-10
SUBJ042,WEEK4,LDL,LDL cholesterol,100.59,mg/dL,0.0,100.0,ABNORMAL,2026-02-10
SUBJ042,WEEK4,HDL,HDL cholesterol,41.64,mg/dL,40.0,999.0,NORMAL,2026-02-10
SUBJ042,WEEK4,TG,Triglycerides,142.67,mg/dL,0.0,150.0,NORMAL,2026-02-10
SUBJ042,WEEK4,ALT,Alanine aminotransferase,25.99,U/L,7.0,56.0,NORMAL,2026-02-10
SUBJ042,WEEK4,AST,Aspartate aminotransferase,37.41,U/L,10.0,40.0,NORMAL,2026-02-10
SUBJ042,WEEK4,CREAT,Creatinine,0.71,mg/dL,0.6,1.3,NORMAL,2026-02-10
SUBJ042,WEEK4,EGFR,Estimated glomerular filtration rate,90.79,mL/min/1.73m²,60.0,999.0,NORMAL,2026-02-10
SUBJ042,WEEK8,HBA1C,HbA1c,8.17,%,4.0,5.6,ABNORMAL,2026-03-11
SUBJ042,WEEK8,FPG,Fasting plasma glucose,147.04,mg/dL,70.0,99.0,ABNORMAL,2026-03-11
SUBJ042,WEEK8,INSULIN,Insulin,12.66,µIU/mL,2.6,24.9,NORMAL,2026-03-11
SUBJ042,WEEK8,CPEPTIDE,C-peptide,2.27,ng/mL,1.1,4.4,NORMAL,2026-03-11
SUBJ042,WEEK8,TC,Total cholesterol,250.81,mg/dL,125.0,200.0,ABNORMAL,2026-03-11
SUBJ042,WEEK8,LDL,LDL cholesterol,105.81,mg/dL,0.0,100.0,ABNORMAL,2026-03-11
SUBJ042,WEEK8,HDL,HDL cholesterol,41.04,mg/dL,40.0,999.0,NORMAL,2026-03-11
SUBJ042,WEEK8,TG,Triglycerides,152.77,mg/dL,0.0,150.0,ABNORMAL,2026-03-11
SUBJ042,WEEK8,ALT,Alanine aminotransferase,26.83,U/L,7.0,56.0,NORMAL,2026-03-11
SUBJ042,WEEK8,AST,Aspartate aminotransferase,41.35,U/L,10.0,40.0,ABNORMAL,2026-03-11
SUBJ042,WEEK8,CREAT,Creatinine,0.78,mg/dL,0.6,1.3,NORMAL,2026-03-11
SUBJ042,WEEK8,EGFR,Estimated glomerular filtration rate,89.75,mL/min/1.73m²,60.0,999.0,NORMAL,2026-03-11
SUBJ042,WEEK12,HBA1C,HbA1c,7.91,%,4.0,5.6,ABNORMAL,2026-04-09
SUBJ042,WEEK12,FPG,Fasting plasma glucose,151.04,mg/dL,70.0,99.0,ABNORMAL,2026-04-09
SUBJ042,WEEK12,INSULIN,Insulin,12.9,µIU/mL,2.6,24.9,NORMAL,2026-04-09
SUBJ042,WEEK12,CPEPTIDE,C-peptide,2.4,ng/mL,1.1,4.4,NORMAL,2026-04-09
SUBJ042,WEEK12,TC,Total cholesterol,234.1,mg/dL,125.0,200.0,ABNORMAL,2026-04-09
SUBJ042,WEEK12,LDL,LDL cholesterol,103.9,mg/dL,0.0,100.0,ABNORMAL,2026-04-09
SUBJ042,WEEK12,HDL,HDL cholesterol,43.81,mg/dL,40.0,999.0,NORMAL,2026-04-09
SUBJ042,WEEK12,TG,Triglycerides,104.96,mg/dL,0.0,150.0,NORMAL,2026-04-09
SUBJ042,WEEK12,ALT,Alanine aminotransferase,20.04,U/L,7.0,56.0,NORMAL,2026-04-09
SUBJ042,WEEK12,AST,Aspartate aminotransferase,40.64,U/L,10.0,40.0,ABNORMAL,2026-04-09
SUBJ042,WEEK12,CREAT,Creatinine,0.77,mg/dL,0.6,1.3,NORMAL,2026-04-09
SUBJ042,WEEK12,EGFR,Estimated glomerular filtration rate,90.22,mL/min/1.73m²,60.0,999.0,NORMAL,2026-04-09
SUBJ043,BASELINE,HBA1C,HbA1c,6.99,%,4.0,5.6,ABNORMAL,2026-01-14
SUBJ043,BASELINE,FPG,Fasting plasma glucose,194.81,mg/dL,70.0,99.0,ABNORMAL,2026-01-14
SUBJ043,BASELINE,INSULIN,Insulin,13.73,µIU/mL,2.6,24.9,NORMAL,2026-01-14
SUBJ043,BASELINE,CPEPTIDE,C-peptide,3.78,ng/mL,1.1,4.4,NORMAL,2026-01-14
SUBJ043,BASELINE,TC,Total cholesterol,163.89,mg/dL,125.0,200.0,NORMAL,2026-01-14
SUBJ043,BASELINE,LDL,LDL cholesterol,103.76,mg/dL,0.0,100.0,ABNORMAL,2026-01-14
SUBJ043,BASELINE,HDL,HDL cholesterol,38.24,mg/dL,40.0,999.0,ABNORMAL,2026-01-14
SUBJ043,BASELINE,TG,Triglycerides,157.14,mg/dL,0.0,150.0,ABNORMAL,2026-01-14
SUBJ043,BASELINE,ALT,Alanine aminotransferase,40.83,U/L,7.0,56.0,NORMAL,2026-01-14
SUBJ043,BASELINE,AST,Aspartate aminotransferase,28.35,U/L,10.0,40.0,NORMAL,2026-01-14
SUBJ043,BASELINE,CREAT,Creatinine,0.93,mg/dL,0.6,1.3,NORMAL,2026-01-14
SUBJ043,BASELINE,EGFR,Estimated glomerular filtration rate,92.48,mL/min/1.73m²,60.0,999.0,NORMAL,2026-01-14
SUBJ043,WEEK4,HBA1C,HbA1c,6.85,%,4.0,5.6,ABNORMAL,2026-02-11
SUBJ043,WEEK4,FPG,Fasting plasma glucose,178.59,mg/dL,70.0,99.0,ABNORMAL,2026-02-11
SUBJ043,WEEK4,INSULIN,Insulin,13.89,µIU/mL,2.6,24.9,NORMAL,2026-02-11
SUBJ043,WEEK4,CPEPTIDE,C-peptide,3.53,ng/mL,1.1,4.4,NORMAL,2026-02-11
SUBJ043,WEEK4,TC,Total cholesterol,165.08,mg/dL,125.0,200.0,NORMAL,2026-02-11
SUBJ043,WEEK4,LDL,LDL cholesterol,105.05,mg/dL,0.0,100.0,ABNORMAL,2026-02-11
SUBJ043,WEEK4,HDL,HDL cholesterol,39.7,mg/dL,40.0,999.0,ABNORMAL,2026-02-11
SUBJ043,WEEK4,TG,Triglycerides,161.87,mg/dL,0.0,150.0,ABNORMAL,2026-02-11
SUBJ043,WEEK4,ALT,Alanine aminotransferase,36.52,U/L,7.0,56.0,NORMAL,2026-02-11
SUBJ043,WEEK4,AST,Aspartate aminotransferase,26.04,U/L,10.0,40.0,NORMAL,2026-02-11
SUBJ043,WEEK4,CREAT,Creatinine,0.97,mg/dL,0.6,1.3,NORMAL,2026-02-11
SUBJ043,WEEK4,EGFR,Estimated glomerular filtration rate,91.54,mL/min/1.73m²,60.0,999.0,NORMAL,2026-02-11
SUBJ043,WEEK8,HBA1C,HbA1c,6.6,%,4.0,5.6,ABNORMAL,2026-03-10
SUBJ043,WEEK8,FPG,Fasting plasma glucose,180.2,mg/dL,70.0,99.0,ABNORMAL,2026-03-10
SUBJ043,WEEK8,INSULIN,Insulin,10.8,µIU/mL,2.6,24.9,NORMAL,2026-03-10
SUBJ043,WEEK8,CPEPTIDE,C-peptide,3.65,ng/mL,1.1,4.4,NORMAL,2026-03-10
SUBJ043,WEEK8,TC,Total cholesterol,153.76,mg/dL,125.0,200.0,NORMAL,2026-03-10
SUBJ043,WEEK8,LDL,LDL cholesterol,101.24,mg/dL,0.0,100.0,ABNORMAL,2026-03-10
SUBJ043,WEEK8,HDL,HDL cholesterol,38.86,mg/dL,40.0,999.0,ABNORMAL,2026-03-10
SUBJ043,WEEK8,TG,Triglycerides,152.61,mg/dL,0.0,150.0,ABNORMAL,2026-03-10
SUBJ043,WEEK8,ALT,Alanine aminotransferase,39.32,U/L,7.0,56.0,NORMAL,2026-03-10
SUBJ043,WEEK8,AST,Aspartate aminotransferase,30.61,U/L,10.0,40.0,NORMAL,2026-03-10
SUBJ043,WEEK8,CREAT,Creatinine,0.94,mg/dL,0.6,1.3,NORMAL,2026-03-10
SUBJ043,WEEK8,EGFR,Estimated glomerular filtration rate,91.45,mL/min/1.73m²,60.0,999.0,NORMAL,2026-03-10
SUBJ043,WEEK12,HBA1C,HbA1c,6.44,%,4.0,5.6,ABNORMAL,2026-04-08
SUBJ043,WEEK12,FPG,Fasting plasma glucose,161.55,mg/dL,70.0,99.0,ABNORMAL,2026-04-08
SUBJ043,WEEK12,INSULIN,Insulin,14.21,µIU/mL,2.6,24.9,NORMAL,2026-04-08
SUBJ043,WEEK12,CPEPTIDE,C-peptide,3.7,ng/mL,1.1,4.4,NORMAL,2026-04-08
SUBJ043,WEEK12,TC,Total cholesterol,174.84,mg/dL,125.0,200.0,NORMAL,2026-04-08
SUBJ043,WEEK12,LDL,LDL cholesterol,103.87,mg/dL,0.0,100.0,ABNORMAL,2026-04-08
SUBJ043,WEEK12,HDL,HDL cholesterol,40.4,mg/dL,40.0,999.0,NORMAL,2026-04-08
SUBJ043,WEEK12,TG,Triglycerides,160.98,mg/dL,0.0,150.0,ABNORMAL,2026-04-08
SUBJ043,WEEK12,ALT,Alanine aminotransferase,33.93,U/L,7.0,56.0,NORMAL,2026-04-08
SUBJ043,WEEK12,AST,Aspartate aminotransferase,28.89,U/L,10.0,40.0,NORMAL,2026-04-08
SUBJ043,WEEK12,CREAT,Creatinine,0.89,mg/dL,0.6,1.3,NORMAL,2026-04-08
SUBJ043,WEEK12,EGFR,Estimated glomerular filtration rate,88.87,mL/min/1.73m²,60.0,999.0,NORMAL,2026-04-08
SUBJ044,BASELINE,HBA1C,HbA1c,8.61,%,4.0,5.6,ABNORMAL,2026-01-10
SUBJ044,BASELINE,FPG,Fasting plasma glucose,163.72,mg/dL,70.0,99.0,ABNORMAL,2026-01-10
SUBJ044,BASELINE,INSULIN,Insulin,23.66,µIU/mL,2.6,24.9,NORMAL,2026-01-10
SUBJ044,BASELINE,CPEPTIDE,C-peptide,2.57,ng/mL,1.1,4.4,NORMAL,2026-01-10
SUBJ044,BASELINE,TC,Total cholesterol,193.89,mg/dL,125.0,200.0,NORMAL,2026-01-10
SUBJ044,BASELINE,LDL,LDL cholesterol,137.65,mg/dL,0.0,100.0,ABNORMAL,2026-01-10
SUBJ044,BASELINE,HDL,HDL cholesterol,49.99,mg/dL,40.0,999.0,NORMAL,2026-01-10
SUBJ044,BASELINE,TG,Triglycerides,50.96,mg/dL,0.0,150.0,NORMAL,2026-01-10
SUBJ044,BASELINE,ALT,Alanine aminotransferase,8.86,U/L,7.0,56.0,NORMAL,2026-01-10
SUBJ044,BASELINE,AST,Aspartate aminotransferase,16.12,U/L,10.0,40.0,NORMAL,2026-01-10
SUBJ044,BASELINE,CREAT,Creatinine,1.22,mg/dL,0.6,1.3,NORMAL,2026-01-10
SUBJ044,BASELINE,EGFR,Estimated glomerular filtration rate,91.55,mL/min/1.73m²,60.0,999.0,NORMAL,2026-01-10
SUBJ044,WEEK4,HBA1C,HbA1c,8.45,%,4.0,5.6,ABNORMAL,2026-02-06
SUBJ044,WEEK4,FPG,Fasting plasma glucose,156.4,mg/dL,70.0,99.0,ABNORMAL,2026-02-06
SUBJ044,WEEK4,INSULIN,Insulin,21.81,µIU/mL,2.6,24.9,NORMAL,2026-02-06
SUBJ044,WEEK4,CPEPTIDE,C-peptide,2.34,ng/mL,1.1,4.4,NORMAL,2026-02-06
SUBJ044,WEEK4,TC,Total cholesterol,190.14,mg/dL,125.0,200.0,NORMAL,2026-02-06
SUBJ044,WEEK4,LDL,LDL cholesterol,137.7,mg/dL,0.0,100.0,ABNORMAL,2026-02-06
SUBJ044,WEEK4,HDL,HDL cholesterol,49.36,mg/dL,40.0,999.0,NORMAL,2026-02-06
SUBJ044,WEEK4,TG,Triglycerides,66.78,mg/dL,0.0,150.0,NORMAL,2026-02-06
SUBJ044,WEEK4,ALT,Alanine aminotransferase,10.39,U/L,7.0,56.0,NORMAL,2026-02-06
SUBJ044,WEEK4,AST,Aspartate aminotransferase,18.23,U/L,10.0,40.0,NORMAL,2026-02-06
SUBJ044,WEEK4,CREAT,Creatinine,1.22,mg/dL,0.6,1.3,NORMAL,2026-02-06
SUBJ044,WEEK4,EGFR,Estimated glomerular filtration rate,86.05,mL/min/1.73m²,60.0,999.0,NORMAL,2026-02-06
SUBJ044,WEEK8,HBA1C,HbA1c,8.24,%,4.0,5.6,ABNORMAL,2026-03-06
SUBJ044,WEEK8,FPG,Fasting plasma glucose,139.54,mg/dL,70.0,99.0,ABNORMAL,2026-03-06
SUBJ044,WEEK8,INSULIN,Insulin,22.23,µIU/mL,2.6,24.9,NORMAL,2026-03-06
SUBJ044,WEEK8,CPEPTIDE,C-peptide,2.32,ng/mL,1.1,4.4,NORMAL,2026-03-06
SUBJ044,WEEK8,TC,Total cholesterol,187.99,mg/dL,125.0,200.0,NORMAL,2026-03-06
SUBJ044,WEEK8,LDL,LDL cholesterol,133.55,mg/dL,0.0,100.0,ABNORMAL,2026-03-06
SUBJ044,WEEK8,HDL,HDL cholesterol,51.28,mg/dL,40.0,999.0,NORMAL,2026-03-06
SUBJ044,WEEK8,TG,Triglycerides,55.21,mg/dL,0.0,150.0,NORMAL,2026-03-06
SUBJ044,WEEK8,ALT,Alanine aminotransferase,5.35,U/L,7.0,56.0,ABNORMAL,2026-03-06
SUBJ044,WEEK8,AST,Aspartate aminotransferase,20.5,U/L,10.0,40.0,NORMAL,2026-03-06
SUBJ044,WEEK8,CREAT,Creatinine,1.14,mg/dL,0.6,1.3,NORMAL,2026-03-06
SUBJ044,WEEK8,EGFR,Estimated glomerular filtration rate,89.02,mL/min/1.73m²,60.0,999.0,NORMAL,2026-03-06
SUBJ044,WEEK12,HBA1C,HbA1c,7.97,%,4.0,5.6,ABNORMAL,2026-04-06
SUBJ044,WEEK12,FPG,Fasting plasma glucose,133.59,mg/dL,70.0,99.0,ABNORMAL,2026-04-06
SUBJ044,WEEK12,INSULIN,Insulin,23.61,µIU/mL,2.6,24.9,NORMAL,2026-04-06
SUBJ044,WEEK12,CPEPTIDE,C-peptide,2.58,ng/mL,1.1,4.4,NORMAL,2026-04-06
SUBJ044,WEEK12,TC,Total cholesterol,188.05,mg/dL,125.0,200.0,NORMAL,2026-04-06
SUBJ044,WEEK12,LDL,LDL cholesterol,137.2,mg/dL,0.0,100.0,ABNORMAL,2026-04-06
SUBJ044,WEEK12,HDL,HDL cholesterol,50.31,mg/dL,40.0,999.0,NORMAL,2026-04-06
SUBJ044,WEEK12,TG,Triglycerides,54.94,mg/dL,0.0,150.0,NORMAL,2026-04-06
SUBJ044,WEEK12,ALT,Alanine aminotransferase,7.61,U/L,7.0,56.0,NORMAL,2026-04-06
SUBJ044,WEEK12,AST,Aspartate aminotransferase,18.79,U/L,10.0,40.0,NORMAL,2026-04-06
SUBJ044,WEEK12,CREAT,Creatinine,1.18,mg/dL,0.6,1.3,NORMAL,2026-04-06
SUBJ044,WEEK12,EGFR,Estimated glomerular filtration rate,82.17,mL/min/1.73m²,60.0,999.0,NORMAL,2026-04-06
SUBJ045,BASELINE,HBA1C,HbA1c,7.69,%,4.0,5.6,ABNORMAL,2026-02-02
SUBJ045,BASELINE,FPG,Fasting plasma glucose,109.6,mg/dL,70.0,99.0,ABNORMAL,2026-02-02
SUBJ045,BASELINE,INSULIN,Insulin,5.71,µIU/mL,2.6,24.9,NORMAL,2026-02-02
SUBJ045,BASELINE,CPEPTIDE,C-peptide,2.72,ng/mL,1.1,4.4,NORMAL,2026-02-02
SUBJ045,BASELINE,TC,Total cholesterol,166.61,mg/dL,125.0,200.0,NORMAL,2026-02-02
SUBJ045,BASELINE,LDL,LDL cholesterol,83.77,mg/dL,0.0,100.0,NORMAL,2026-02-02
SUBJ045,BASELINE,HDL,HDL cholesterol,33.87,mg/dL,40.0,999.0,ABNORMAL,2026-02-02
SUBJ045,BASELINE,TG,Triglycerides,125.15,mg/dL,0.0,150.0,NORMAL,2026-02-02
SUBJ045,BASELINE,ALT,Alanine aminotransferase,36.0,U/L,7.0,56.0,NORMAL,2026-02-02
SUBJ045,BASELINE,AST,Aspartate aminotransferase,31.28,U/L,10.0,40.0,NORMAL,2026-02-02
SUBJ045,BASELINE,CREAT,Creatinine,0.79,mg/dL,0.6,1.3,NORMAL,2026-02-02
SUBJ045,BASELINE,EGFR,Estimated glomerular filtration rate,68.55,mL/min/1.73m²,60.0,999.0,NORMAL,2026-02-02
SUBJ045,WEEK4,HBA1C,HbA1c,7.7,%,4.0,5.6,ABNORMAL,2026-03-03
SUBJ045,WEEK4,FPG,Fasting plasma glucose,102.14,mg/dL,70.0,99.0,ABNORMAL,2026-03-03
SUBJ045,WEEK4,INSULIN,Insulin,5.92,µIU/mL,2.6,24.9,NORMAL,2026-03-03
SUBJ045,WEEK4,CPEPTIDE,C-peptide,2.88,ng/mL,1.1,4.4,NORMAL,2026-03-03
SUBJ045,WEEK4,TC,Total cholesterol,170.74,mg/dL,125.0,200.0,NORMAL,2026-03-03
SUBJ045,WEEK4,LDL,LDL cholesterol,86.9,mg/dL,0.0,100.0,NORMAL,2026-03-03
SUBJ045,WEEK4,HDL,HDL cholesterol,38.31,mg/dL,40.0,999.0,ABNORMAL,2026-03-03
SUBJ045,WEEK4,TG,Triglycerides,127.76,mg/dL,0.0,150.0,NORMAL,2026-03-03
SUBJ045,WEEK4,ALT,Alanine aminotransferase,39.84,U/L,7.0,56.0,NORMAL,2026-03-03
SUBJ045,WEEK4,AST,Aspartate aminotransferase,26.77,U/L,10.0,40.0,NORMAL,2026-03-03
SUBJ045,WEEK4,CREAT,Creatinine,0.89,mg/dL,0.6,1.3,NORMAL,2026-03-03
SUBJ045,WEEK4,EGFR,Estimated glomerular filtration rate,66.45,mL/min/1.73m²,60.0,999.0,NORMAL,2026-03-03
SUBJ045,WEEK8,HBA1C,HbA1c,7.55,%,4.0,5.6,ABNORMAL,2026-03-31
SUBJ045,WEEK8,FPG,Fasting plasma glucose,97.47,mg/dL,70.0,99.0,NORMAL,2026-03-31
SUBJ045,WEEK8,INSULIN,Insulin,4.93,µIU/mL,2.6,24.9,NORMAL,2026-03-31
SUBJ045,WEEK8,CPEPTIDE,C-peptide,2.67,ng/mL,1.1,4.4,NORMAL,2026-03-31
SUBJ045,WEEK8,TC,Total cholesterol,168.79,mg/dL,125.0,200.0,NORMAL,2026-03-31
SUBJ045,WEEK8,LDL,LDL cholesterol,78.87,mg/dL,0.0,100.0,NORMAL,2026-03-31
SUBJ045,WEEK8,HDL,HDL cholesterol,33.87,mg/dL,40.0,999.0,ABNORMAL,2026-03-31
SUBJ045,WEEK8,TG,Triglycerides,114.47,mg/dL,0.0,150.0,NORMAL,2026-03-31
SUBJ045,WEEK8,ALT,Alanine aminotransferase,34.94,U/L,7.0,56.0,NORMAL,2026-03-31
SUBJ045,WEEK8,AST,Aspartate aminotransferase,25.18,U/L,10.0,40.0,NORMAL,2026-03-31
SUBJ045,WEEK8,CREAT,Creatinine,0.84,mg/dL,0.6,1.3,NORMAL,2026-03-31
SUBJ045,WEEK8,EGFR,Estimated glomerular filtration rate,69.43,mL/min/1.73m²,60.0,999.0,NORMAL,2026-03-31
SUBJ045,WEEK12,HBA1C,HbA1c,7.4,%,4.0,5.6,ABNORMAL,2026-04-26
SUBJ045,WEEK12,FPG,Fasting plasma glucose,98.86,mg/dL,70.0,99.0,NORMAL,2026-04-26
SUBJ045,WEEK12,INSULIN,Insulin,3.95,µIU/mL,2.6,24.9,NORMAL,2026-04-26
SUBJ045,WEEK12,CPEPTIDE,C-peptide,2.85,ng/mL,1.1,4.4,NORMAL,2026-04-26
SUBJ045,WEEK12,TC,Total cholesterol,157.36,mg/dL,125.0,200.0,NORMAL,2026-04-26
SUBJ045,WEEK12,LDL,LDL cholesterol,71.91,mg/dL,0.0,100.0,NORMAL,2026-04-26
SUBJ045,WEEK12,HDL,HDL cholesterol,34.34,mg/dL,40.0,999.0,ABNORMAL,2026-04-26
SUBJ045,WEEK12,TG,Triglycerides,105.01,mg/dL,0.0,150.0,NORMAL,2026-04-26
SUBJ045,WEEK12,ALT,Alanine aminotransferase,40.99,U/L,7.0,56.0,NORMAL,2026-04-26
SUBJ045,WEEK12,AST,Aspartate aminotransferase,28.84,U/L,10.0,40.0,NORMAL,2026-04-26
SUBJ045,WEEK12,CREAT,Creatinine,0.87,mg/dL,0.6,1.3,NORMAL,2026-04-26
SUBJ045,WEEK12,EGFR,Estimated glomerular filtration rate,66.44,mL/min/1.73m²,60.0,999.0,NORMAL,2026-04-26
SUBJ046,BASELINE,HBA1C,HbA1c,8.85,%,4.0,5.6,ABNORMAL,2026-02-13
SUBJ046,BASELINE,FPG,Fasting plasma glucose,177.03,mg/dL,70.0,99.0,ABNORMAL,2026-02-13
SUBJ046,BASELINE,INSULIN,Insulin,22.2,µIU/mL,2.6,24.9,NORMAL,2026-02-13
SUBJ046,BASELINE,CPEPTIDE,C-peptide,2.7,ng/mL,1.1,4.4,NORMAL,2026-02-13
SUBJ046,BASELINE,TC,Total cholesterol,208.67,mg/dL,125.0,200.0,ABNORMAL,2026-02-13
SUBJ046,BASELINE,LDL,LDL cholesterol,170.88,mg/dL,0.0,100.0,ABNORMAL,2026-02-13
SUBJ046,BASELINE,HDL,HDL cholesterol,53.89,mg/dL,40.0,999.0,NORMAL,2026-02-13
SUBJ046,BASELINE,TG,Triglycerides,76.28,mg/dL,0.0,150.0,NORMAL,2026-02-13
SUBJ046,BASELINE,ALT,Alanine aminotransferase,26.08,U/L,7.0,56.0,NORMAL,2026-02-13
SUBJ046,BASELINE,AST,Aspartate aminotransferase,17.07,U/L,10.0,40.0,NORMAL,2026-02-13
SUBJ046,BASELINE,CREAT,Creatinine,1.1,mg/dL,0.6,1.3,NORMAL,2026-02-13
SUBJ046,BASELINE,EGFR,Estimated glomerular filtration rate,85.61,mL/min/1.73m²,60.0,999.0,NORMAL,2026-02-13
SUBJ046,WEEK4,HBA1C,HbA1c,9.09,%,4.0,5.6,ABNORMAL,2026-03-13
SUBJ046,WEEK4,FPG,Fasting plasma glucose,172.08,mg/dL,70.0,99.0,ABNORMAL,2026-03-13
SUBJ046,WEEK4,INSULIN,Insulin,22.31,µIU/mL,2.6,24.9,NORMAL,2026-03-13
SUBJ046,WEEK4,CPEPTIDE,C-peptide,2.75,ng/mL,1.1,4.4,NORMAL,2026-03-13
SUBJ046,WEEK4,TC,Total cholesterol,205.86,mg/dL,125.0,200.0,ABNORMAL,2026-03-13
SUBJ046,WEEK4,LDL,LDL cholesterol,149.13,mg/dL,0.0,100.0,ABNORMAL,2026-03-13
SUBJ046,WEEK4,HDL,HDL cholesterol,54.02,mg/dL,40.0,999.0,NORMAL,2026-03-13
SUBJ046,WEEK4,TG,Triglycerides,65.27,mg/dL,0.0,150.0,NORMAL,2026-03-13
SUBJ046,WEEK4,ALT,Alanine aminotransferase,24.3,U/L,7.0,56.0,NORMAL,2026-03-13
SUBJ046,WEEK4,AST,Aspartate aminotransferase,17.92,U/L,10.0,40.0,NORMAL,2026-03-13
SUBJ046,WEEK4,CREAT,Creatinine,1.11,mg/dL,0.6,1.3,NORMAL,2026-03-13
SUBJ046,WEEK4,EGFR,Estimated glomerular filtration rate,87.44,mL/min/1.73m²,60.0,999.0,NORMAL,2026-03-13
SUBJ046,WEEK8,HBA1C,HbA1c,8.86,%,4.0,5.6,ABNORMAL,2026-04-10
SUBJ046,WEEK8,FPG,Fasting plasma glucose,181.74,mg/dL,70.0,99.0,ABNORMAL,2026-04-10
SUBJ046,WEEK8,INSULIN,Insulin,23.03,µIU/mL,2.6,24.9,NORMAL,2026-04-10
SUBJ046,WEEK8,CPEPTIDE,C-peptide,2.69,ng/mL,1.1,4.4,NORMAL,2026-04-10
SUBJ046,WEEK8,TC,Total cholesterol,204.2,mg/dL,125.0,200.0,ABNORMAL,2026-04-10
SUBJ046,WEEK8,LDL,LDL cholesterol,161.79,mg/dL,0.0,100.0,ABNORMAL,2026-04-10
SUBJ046,WEEK8,HDL,HDL cholesterol,53.76,mg/dL,40.0,999.0,NORMAL,2026-04-10
SUBJ046,WEEK8,TG,Triglycerides,73.53,mg/dL,0.0,150.0,NORMAL,2026-04-10
SUBJ046,WEEK8,ALT,Alanine aminotransferase,22.46,U/L,7.0,56.0,NORMAL,2026-04-10
SUBJ046,WEEK8,AST,Aspartate aminotransferase,17.58,U/L,10.0,40.0,NORMAL,2026-04-10
SUBJ046,WEEK8,CREAT,Creatinine,1.12,mg/dL,0.6,1.3,NORMAL,2026-04-10
SUBJ046,WEEK8,EGFR,Estimated glomerular filtration rate,86.38,mL/min/1.73m²,60.0,999.0,NORMAL,2026-04-10
SUBJ046,WEEK12,HBA1C,HbA1c,8.78,%,4.0,5.6,ABNORMAL,2026-05-07
SUBJ046,WEEK12,FPG,Fasting plasma glucose,170.84,mg/dL,70.0,99.0,ABNORMAL,2026-05-07
SUBJ046,WEEK12,INSULIN,Insulin,19.94,µIU/mL,2.6,24.9,NORMAL,2026-05-07
SUBJ046,WEEK12,CPEPTIDE,C-peptide,2.77,ng/mL,1.1,4.4,NORMAL,2026-05-07
SUBJ046,WEEK12,TC,Total cholesterol,199.38,mg/dL,125.0,200.0,NORMAL,2026-05-07
SUBJ046,WEEK12,LDL,LDL cholesterol,153.18,mg/dL,0.0,100.0,ABNORMAL,2026-05-07
SUBJ046,WEEK12,HDL,HDL cholesterol,51.7,mg/dL,40.0,999.0,NORMAL,2026-05-07
SUBJ046,WEEK12,TG,Triglycerides,71.83,mg/dL,0.0,150.0,NORMAL,2026-05-07
SUBJ046,WEEK12,ALT,Alanine aminotransferase,19.33,U/L,7.0,56.0,NORMAL,2026-05-07
SUBJ046,WEEK12,AST,Aspartate aminotransferase,16.61,U/L,10.0,40.0,NORMAL,2026-05-07
SUBJ046,WEEK12,CREAT,Creatinine,1.14,mg/dL,0.6,1.3,NORMAL,2026-05-07
SUBJ046,WEEK12,EGFR,Estimated glomerular filtration rate,84.7,mL/min/1.73m²,60.0,999.0,NORMAL,2026-05-07
SUBJ047,BASELINE,HBA1C,HbA1c,8.45,%,4.0,5.6,ABNORMAL,2026-01-29
SUBJ047,BASELINE,FPG,Fasting plasma glucose,163.06,mg/dL,70.0,99.0,ABNORMAL,2026-01-29
SUBJ047,BASELINE,INSULIN,Insulin,22.22,µIU/mL,2.6,24.9,NORMAL,2026-01-29
SUBJ047,BASELINE,CPEPTIDE,C-peptide,2.95,ng/mL,1.1,4.4,NORMAL,2026-01-29
SUBJ047,BASELINE,TC,Total cholesterol,169.92,mg/dL,125.0,200.0,NORMAL,2026-01-29
SUBJ047,BASELINE,LDL,LDL cholesterol,97.55,mg/dL,0.0,100.0,NORMAL,2026-01-29
SUBJ047,BASELINE,HDL,HDL cholesterol,46.28,mg/dL,40.0,999.0,NORMAL,2026-01-29
SUBJ047,BASELINE,TG,Triglycerides,108.41,mg/dL,0.0,150.0,NORMAL,2026-01-29
SUBJ047,BASELINE,ALT,Alanine aminotransferase,15.28,U/L,7.0,56.0,NORMAL,2026-01-29
SUBJ047,BASELINE,AST,Aspartate aminotransferase,30.97,U/L,10.0,40.0,NORMAL,2026-01-29
SUBJ047,BASELINE,CREAT,Creatinine,0.8,mg/dL,0.6,1.3,NORMAL,2026-01-29
SUBJ047,BASELINE,EGFR,Estimated glomerular filtration rate,73.85,mL/min/1.73m²,60.0,999.0,NORMAL,2026-01-29
SUBJ047,WEEK4,HBA1C,HbA1c,8.27,%,4.0,5.6,ABNORMAL,2026-02-25
SUBJ047,WEEK4,FPG,Fasting plasma glucose,152.5,mg/dL,70.0,99.0,ABNORMAL,2026-02-25
SUBJ047,WEEK4,INSULIN,Insulin,21.35,µIU/mL,2.6,24.9,NORMAL,2026-02-25
SUBJ047,WEEK4,CPEPTIDE,C-peptide,3.01,ng/mL,1.1,4.4,NORMAL,2026-02-25
SUBJ047,WEEK4,TC,Total cholesterol,168.3,mg/dL,125.0,200.0,NORMAL,2026-02-25
SUBJ047,WEEK4,LDL,LDL cholesterol,104.93,mg/dL,0.0,100.0,ABNORMAL,2026-02-25
SUBJ047,WEEK4,HDL,HDL cholesterol,48.94,mg/dL,40.0,999.0,NORMAL,2026-02-25
SUBJ047,WEEK4,TG,Triglycerides,127.93,mg/dL,0.0,150.0,NORMAL,2026-02-25
SUBJ047,WEEK4,ALT,Alanine aminotransferase,15.3,U/L,7.0,56.0,NORMAL,2026-02-25
SUBJ047,WEEK4,AST,Aspartate aminotransferase,27.16,U/L,10.0,40.0,NORMAL,2026-02-25
SUBJ047,WEEK4,CREAT,Creatinine,0.75,mg/dL,0.6,1.3,NORMAL,2026-02-25
SUBJ047,WEEK4,EGFR,Estimated glomerular filtration rate,73.27,mL/min/1.73m²,60.0,999.0,NORMAL,2026-02-25
SUBJ047,WEEK8,HBA1C,HbA1c,8.09,%,4.0,5.6,ABNORMAL,2026-03-25
SUBJ047,WEEK8,FPG,Fasting plasma glucose,141.52,mg/dL,70.0,99.0,ABNORMAL,2026-03-25
SUBJ047,WEEK8,INSULIN,Insulin,18.75,µIU/mL,2.6,24.9,NORMAL,2026-03-25
SUBJ047,WEEK8,CPEPTIDE,C-peptide,2.94,ng/mL,1.1,4.4,NORMAL,2026-03-25
SUBJ047,WEEK8,TC,Total cholesterol,170.35,mg/dL,125.0,200.0,NORMAL,2026-03-25
SUBJ047,WEEK8,LDL,LDL cholesterol,96.31,mg/dL,0.0,100.0,NORMAL,2026-03-25
SUBJ047,WEEK8,HDL,HDL cholesterol,48.58,mg/dL,40.0,999.0,NORMAL,2026-03-25
SUBJ047,WEEK8,TG,Triglycerides,98.72,mg/dL,0.0,150.0,NORMAL,2026-03-25
SUBJ047,WEEK8,ALT,Alanine aminotransferase,15.72,U/L,7.0,56.0,NORMAL,2026-03-25
SUBJ047,WEEK8,AST,Aspartate aminotransferase,30.78,U/L,10.0,40.0,NORMAL,2026-03-25
SUBJ047,WEEK8,CREAT,Creatinine,0.79,mg/dL,0.6,1.3,NORMAL,2026-03-25
SUBJ047,WEEK8,EGFR,Estimated glomerular filtration rate,74.77,mL/min/1.73m²,60.0,999.0,NORMAL,2026-03-25
SUBJ048,BASELINE,HBA1C,HbA1c,8.03,%,4.0,5.6,ABNORMAL,2026-01-20
SUBJ048,BASELINE,FPG,Fasting plasma glucose,172.99,mg/dL,70.0,99.0,ABNORMAL,2026-01-20
SUBJ048,BASELINE,INSULIN,Insulin,13.78,µIU/mL,2.6,24.9,NORMAL,2026-01-20
SUBJ048,BASELINE,CPEPTIDE,C-peptide,3.61,ng/mL,1.1,4.4,NORMAL,2026-01-20
SUBJ048,BASELINE,TC,Total cholesterol,187.75,mg/dL,125.0,200.0,NORMAL,2026-01-20
SUBJ048,BASELINE,LDL,LDL cholesterol,84.11,mg/dL,0.0,100.0,NORMAL,2026-01-20
SUBJ048,BASELINE,HDL,HDL cholesterol,41.32,mg/dL,40.0,999.0,NORMAL,2026-01-20
SUBJ048,BASELINE,TG,Triglycerides,156.64,mg/dL,0.0,150.0,ABNORMAL,2026-01-20
SUBJ048,BASELINE,ALT,Alanine aminotransferase,12.57,U/L,7.0,56.0,NORMAL,2026-01-20
SUBJ048,BASELINE,AST,Aspartate aminotransferase,23.99,U/L,10.0,40.0,NORMAL,2026-01-20
SUBJ048,BASELINE,CREAT,Creatinine,0.87,mg/dL,0.6,1.3,NORMAL,2026-01-20
SUBJ048,BASELINE,EGFR,Estimated glomerular filtration rate,80.97,mL/min/1.73m²,60.0,999.0,NORMAL,2026-01-20
SUBJ048,WEEK4,HBA1C,HbA1c,8.02,%,4.0,5.6,ABNORMAL,2026-02-15
SUBJ048,WEEK4,FPG,Fasting plasma glucose,169.65,mg/dL,70.0,99.0,ABNORMAL,2026-02-15
SUBJ048,WEEK4,INSULIN,Insulin,9.35,µIU/mL,2.6,24.9,NORMAL,2026-02-15
SUBJ048,WEEK4,CPEPTIDE,C-peptide,3.66,ng/mL,1.1,4.4,NORMAL,2026-02-15
SUBJ048,WEEK4,TC,Total cholesterol,184.36,mg/dL,125.0,200.0,NORMAL,2026-02-15
SUBJ048,WEEK4,LDL,LDL cholesterol,89.0,mg/dL,0.0,100.0,NORMAL,2026-02-15
SUBJ048,WEEK4,HDL,HDL cholesterol,42.83,mg/dL,40.0,999.0,NORMAL,2026-02-15
SUBJ048,WEEK4,TG,Triglycerides,171.25,mg/dL,0.0,150.0,ABNORMAL,2026-02-15
SUBJ048,WEEK4,ALT,Alanine aminotransferase,18.15,U/L,7.0,56.0,NORMAL,2026-02-15
SUBJ048,WEEK4,AST,Aspartate aminotransferase,25.6,U/L,10.0,40.0,NORMAL,2026-02-15
SUBJ048,WEEK4,CREAT,Creatinine,0.88,mg/dL,0.6,1.3,NORMAL,2026-02-15
SUBJ048,WEEK4,EGFR,Estimated glomerular filtration rate,80.29,mL/min/1.73m²,60.0,999.0,NORMAL,2026-02-15
SUBJ048,WEEK8,HBA1C,HbA1c,7.94,%,4.0,5.6,ABNORMAL,2026-03-17
SUBJ048,WEEK8,FPG,Fasting plasma glucose,165.37,mg/dL,70.0,99.0,ABNORMAL,2026-03-17
SUBJ048,WEEK8,INSULIN,Insulin,9.12,µIU/mL,2.6,24.9,NORMAL,2026-03-17
SUBJ048,WEEK8,CPEPTIDE,C-peptide,3.53,ng/mL,1.1,4.4,NORMAL,2026-03-17
SUBJ048,WEEK8,TC,Total cholesterol,187.07,mg/dL,125.0,200.0,NORMAL,2026-03-17
SUBJ048,WEEK8,LDL,LDL cholesterol,79.97,mg/dL,0.0,100.0,NORMAL,2026-03-17
SUBJ048,WEEK8,HDL,HDL cholesterol,41.36,mg/dL,40.0,999.0,NORMAL,2026-03-17
SUBJ048,WEEK8,TG,Triglycerides,153.27,mg/dL,0.0,150.0,ABNORMAL,2026-03-17
SUBJ048,WEEK8,ALT,Alanine aminotransferase,23.17,U/L,7.0,56.0,NORMAL,2026-03-17
SUBJ048,WEEK8,AST,Aspartate aminotransferase,30.04,U/L,10.0,40.0,NORMAL,2026-03-17
SUBJ048,WEEK8,CREAT,Creatinine,0.88,mg/dL,0.6,1.3,NORMAL,2026-03-17
SUBJ048,WEEK8,EGFR,Estimated glomerular filtration rate,82.41,mL/min/1.73m²,60.0,999.0,NORMAL,2026-03-17
SUBJ048,WEEK12,HBA1C,HbA1c,7.84,%,4.0,5.6,ABNORMAL,2026-04-14
SUBJ048,WEEK12,FPG,Fasting plasma glucose,168.38,mg/dL,70.0,99.0,ABNORMAL,2026-04-14
SUBJ048,WEEK12,INSULIN,Insulin,11.65,µIU/mL,2.6,24.9,NORMAL,2026-04-14
SUBJ048,WEEK12,CPEPTIDE,C-peptide,3.63,ng/mL,1.1,4.4,NORMAL,2026-04-14
SUBJ048,WEEK12,TC,Total cholesterol,172.65,mg/dL,125.0,200.0,NORMAL,2026-04-14
SUBJ048,WEEK12,LDL,LDL cholesterol,83.48,mg/dL,0.0,100.0,NORMAL,2026-04-14
SUBJ048,WEEK12,HDL,HDL cholesterol,46.09,mg/dL,40.0,999.0,NORMAL,2026-04-14
SUBJ048,WEEK12,TG,Triglycerides,164.47,mg/dL,0.0,150.0,ABNORMAL,2026-04-14
SUBJ048,WEEK12,ALT,Alanine aminotransferase,22.88,U/L,7.0,56.0,NORMAL,2026-04-14
SUBJ048,WEEK12,AST,Aspartate aminotransferase,27.18,U/L,10.0,40.0,NORMAL,2026-04-14
SUBJ048,WEEK12,CREAT,Creatinine,0.87,mg/dL,0.6,1.3,NORMAL,2026-04-14
SUBJ048,WEEK12,EGFR,Estimated glomerular filtration rate,79.4,mL/min/1.73m²,60.0,999.0,NORMAL,2026-04-14
SUBJ049,BASELINE,HBA1C,HbA1c,7.74,%,4.0,5.6,ABNORMAL,2026-01-22
SUBJ049,BASELINE,FPG,Fasting plasma glucose,178.62,mg/dL,70.0,99.0,ABNORMAL,2026-01-22
SUBJ049,BASELINE,INSULIN,Insulin,16.27,µIU/mL,2.6,24.9,NORMAL,2026-01-22
SUBJ049,BASELINE,CPEPTIDE,C-peptide,2.76,ng/mL,1.1,4.4,NORMAL,2026-01-22
SUBJ049,BASELINE,TC,Total cholesterol,195.69,mg/dL,125.0,200.0,NORMAL,2026-01-22
SUBJ049,BASELINE,LDL,LDL cholesterol,93.07,mg/dL,0.0,100.0,NORMAL,2026-01-22
SUBJ049,BASELINE,HDL,HDL cholesterol,54.45,mg/dL,40.0,999.0,NORMAL,2026-01-22
SUBJ049,BASELINE,TG,Triglycerides,183.63,mg/dL,0.0,150.0,ABNORMAL,2026-01-22
SUBJ049,BASELINE,ALT,Alanine aminotransferase,22.65,U/L,7.0,56.0,NORMAL,2026-01-22
SUBJ049,BASELINE,AST,Aspartate aminotransferase,47.58,U/L,10.0,40.0,ABNORMAL,2026-01-22
SUBJ049,BASELINE,CREAT,Creatinine,0.73,mg/dL,0.6,1.3,NORMAL,2026-01-22
SUBJ049,BASELINE,EGFR,Estimated glomerular filtration rate,81.57,mL/min/1.73m²,60.0,999.0,NORMAL,2026-01-22
SUBJ049,WEEK4,HBA1C,HbA1c,7.57,%,4.0,5.6,ABNORMAL,2026-02-17
SUBJ049,WEEK4,FPG,Fasting plasma glucose,169.93,mg/dL,70.0,99.0,ABNORMAL,2026-02-17
SUBJ049,WEEK4,INSULIN,Insulin,12.84,µIU/mL,2.6,24.9,NORMAL,2026-02-17
SUBJ049,WEEK4,CPEPTIDE,C-peptide,3.04,ng/mL,1.1,4.4,NORMAL,2026-02-17
SUBJ049,WEEK4,TC,Total cholesterol,191.11,mg/dL,125.0,200.0,NORMAL,2026-02-17
SUBJ049,WEEK4,LDL,LDL cholesterol,80.19,mg/dL,0.0,100.0,NORMAL,2026-02-17
SUBJ049,WEEK4,HDL,HDL cholesterol,52.58,mg/dL,40.0,999.0,NORMAL,2026-02-17
SUBJ049,WEEK4,TG,Triglycerides,150.69,mg/dL,0.0,150.0,ABNORMAL,2026-02-17
SUBJ049,WEEK4,ALT,Alanine aminotransferase,29.71,U/L,7.0,56.0,NORMAL,2026-02-17
SUBJ049,WEEK4,AST,Aspartate aminotransferase,45.2,U/L,10.0,40.0,ABNORMAL,2026-02-17
SUBJ049,WEEK4,CREAT,Creatinine,0.84,mg/dL,0.6,1.3,NORMAL,2026-02-17
SUBJ049,WEEK4,EGFR,Estimated glomerular filtration rate,80.31,mL/min/1.73m²,60.0,999.0,NORMAL,2026-02-17
SUBJ049,WEEK8,HBA1C,HbA1c,7.51,%,4.0,5.6,ABNORMAL,2026-03-18
SUBJ049,WEEK8,FPG,Fasting plasma glucose,170.01,mg/dL,70.0,99.0,ABNORMAL,2026-03-18
SUBJ049,WEEK8,INSULIN,Insulin,11.42,µIU/mL,2.6,24.9,NORMAL,2026-03-18
SUBJ049,WEEK8,CPEPTIDE,C-peptide,3.15,ng/mL,1.1,4.4,NORMAL,2026-03-18
SUBJ049,WEEK8,TC,Total cholesterol,193.87,mg/dL,125.0,200.0,NORMAL,2026-03-18
SUBJ049,WEEK8,LDL,LDL cholesterol,97.73,mg/dL,0.0,100.0,NORMAL,2026-03-18
SUBJ049,WEEK8,HDL,HDL cholesterol,53.53,mg/dL,40.0,999.0,NORMAL,2026-03-18
SUBJ049,WEEK8,TG,Triglycerides,162.04,mg/dL,0.0,150.0,ABNORMAL,2026-03-18
SUBJ049,WEEK8,ALT,Alanine aminotransferase,28.6,U/L,7.0,56.0,NORMAL,2026-03-18
SUBJ049,WEEK8,AST,Aspartate aminotransferase,44.61,U/L,10.0,40.0,ABNORMAL,2026-03-18
SUBJ049,WEEK8,CREAT,Creatinine,0.8,mg/dL,0.6,1.3,NORMAL,2026-03-18
SUBJ049,WEEK8,EGFR,Estimated glomerular filtration rate,80.92,mL/min/1.73m²,60.0,999.0,NORMAL,2026-03-18
SUBJ049,WEEK12,HBA1C,HbA1c,7.28,%,4.0,5.6,ABNORMAL,2026-04-17
SUBJ049,WEEK12,FPG,Fasting plasma glucose,166.41,mg/dL,70.0,99.0,ABNORMAL,2026-04-17
SUBJ049,WEEK12,INSULIN,Insulin,13.62,µIU/mL,2.6,24.9,NORMAL,2026-04-17
SUBJ049,WEEK12,CPEPTIDE,C-peptide,2.91,ng/mL,1.1,4.4,NORMAL,2026-04-17
SUBJ049,WEEK12,TC,Total cholesterol,184.6,mg/dL,125.0,200.0,NORMAL,2026-04-17
SUBJ049,WEEK12,LDL,LDL cholesterol,96.82,mg/dL,0.0,100.0,NORMAL,2026-04-17
SUBJ049,WEEK12,HDL,HDL cholesterol,53.03,mg/dL,40.0,999.0,NORMAL,2026-04-17
SUBJ049,WEEK12,TG,Triglycerides,158.4,mg/dL,0.0,150.0,ABNORMAL,2026-04-17
SUBJ049,WEEK12,ALT,Alanine aminotransferase,27.5,U/L,7.0,56.0,NORMAL,2026-04-17
SUBJ049,WEEK12,AST,Aspartate aminotransferase,45.95,U/L,10.0,40.0,ABNORMAL,2026-04-17
SUBJ049,WEEK12,CREAT,Creatinine,0.77,mg/dL,0.6,1.3,NORMAL,2026-04-17
SUBJ049,WEEK12,EGFR,Estimated glomerular filtration rate,78.9,mL/min/1.73m²,60.0,999.0,NORMAL,2026-04-17
SUBJ050,BASELINE,HBA1C,HbA1c,8.34,%,4.0,5.6,ABNORMAL,2026-01-24
SUBJ050,BASELINE,FPG,Fasting plasma glucose,166.04,mg/dL,70.0,99.0,ABNORMAL,2026-01-24
SUBJ050,BASELINE,INSULIN,Insulin,10.6,µIU/mL,2.6,24.9,NORMAL,2026-01-24
SUBJ050,BASELINE,CPEPTIDE,C-peptide,2.84,ng/mL,1.1,4.4,NORMAL,2026-01-24
SUBJ050,BASELINE,TC,Total cholesterol,202.11,mg/dL,125.0,200.0,ABNORMAL,2026-01-24
SUBJ050,BASELINE,LDL,LDL cholesterol,106.93,mg/dL,0.0,100.0,ABNORMAL,2026-01-24
SUBJ050,BASELINE,HDL,HDL cholesterol,52.56,mg/dL,40.0,999.0,NORMAL,2026-01-24
SUBJ050,BASELINE,TG,Triglycerides,245.74,mg/dL,0.0,150.0,ABNORMAL,2026-01-24
SUBJ050,BASELINE,ALT,Alanine aminotransferase,44.39,U/L,7.0,56.0,NORMAL,2026-01-24
SUBJ050,BASELINE,AST,Aspartate aminotransferase,30.09,U/L,10.0,40.0,NORMAL,2026-01-24
SUBJ050,BASELINE,CREAT,Creatinine,0.71,mg/dL,0.6,1.3,NORMAL,2026-01-24
SUBJ050,BASELINE,EGFR,Estimated glomerular filtration rate,78.53,mL/min/1.73m²,60.0,999.0,NORMAL,2026-01-24
SUBJ050,WEEK4,HBA1C,HbA1c,8.34,%,4.0,5.6,ABNORMAL,2026-02-20
SUBJ050,WEEK4,FPG,Fasting plasma glucose,163.46,mg/dL,70.0,99.0,ABNORMAL,2026-02-20
SUBJ050,WEEK4,INSULIN,Insulin,10.41,µIU/mL,2.6,24.9,NORMAL,2026-02-20
SUBJ050,WEEK4,CPEPTIDE,C-peptide,2.97,ng/mL,1.1,4.4,NORMAL,2026-02-20
SUBJ050,WEEK4,TC,Total cholesterol,198.76,mg/dL,125.0,200.0,NORMAL,2026-02-20
SUBJ050,WEEK4,LDL,LDL cholesterol,101.42,mg/dL,0.0,100.0,ABNORMAL,2026-02-20
SUBJ050,WEEK4,HDL,HDL cholesterol,53.64,mg/dL,40.0,999.0,NORMAL,2026-02-20
SUBJ050,WEEK4,TG,Triglycerides,235.84,mg/dL,0.0,150.0,ABNORMAL,2026-02-20
SUBJ050,WEEK4,ALT,Alanine aminotransferase,46.45,U/L,7.0,56.0,NORMAL,2026-02-20
SUBJ050,WEEK4,AST,Aspartate aminotransferase,29.93,U/L,10.0,40.0,NORMAL,2026-02-20
SUBJ050,WEEK4,CREAT,Creatinine,0.7,mg/dL,0.6,1.3,NORMAL,2026-02-20
SUBJ050,WEEK4,EGFR,Estimated glomerular filtration rate,75.57,mL/min/1.73m²,60.0,999.0,NORMAL,2026-02-20
SUBJ050,WEEK8,HBA1C,HbA1c,8.11,%,4.0,5.6,ABNORMAL,2026-03-23
SUBJ050,WEEK8,FPG,Fasting plasma glucose,157.72,mg/dL,70.0,99.0,ABNORMAL,2026-03-23
SUBJ050,WEEK8,INSULIN,Insulin,10.75,µIU/mL,2.6,24.9,NORMAL,2026-03-23
SUBJ050,WEEK8,CPEPTIDE,C-peptide,2.95,ng/mL,1.1,4.4,NORMAL,2026-03-23
SUBJ050,WEEK8,TC,Total cholesterol,203.27,mg/dL,125.0,200.0,ABNORMAL,2026-03-23
SUBJ050,WEEK8,LDL,LDL cholesterol,106.71,mg/dL,0.0,100.0,ABNORMAL,2026-03-23
SUBJ050,WEEK8,HDL,HDL cholesterol,54.9,mg/dL,40.0,999.0,NORMAL,2026-03-23
SUBJ050,WEEK8,TG,Triglycerides,207.07,mg/dL,0.0,150.0,ABNORMAL,2026-03-23
SUBJ050,WEEK8,ALT,Alanine aminotransferase,40.83,U/L,7.0,56.0,NORMAL,2026-03-23
SUBJ050,WEEK8,AST,Aspartate aminotransferase,32.4,U/L,10.0,40.0,NORMAL,2026-03-23
SUBJ050,WEEK8,CREAT,Creatinine,0.73,mg/dL,0.6,1.3,NORMAL,2026-03-23
SUBJ050,WEEK8,EGFR,Estimated glomerular filtration rate,72.54,mL/min/1.73m²,60.0,999.0,NORMAL,2026-03-23
SUBJ050,WEEK12,HBA1C,HbA1c,8.07,%,4.0,5.6,ABNORMAL,2026-04-19
SUBJ050,WEEK12,FPG,Fasting plasma glucose,156.86,mg/dL,70.0,99.0,ABNORMAL,2026-04-19
SUBJ050,WEEK12,INSULIN,Insulin,11.89,µIU/mL,2.6,24.9,NORMAL,2026-04-19
SUBJ050,WEEK12,CPEPTIDE,C-peptide,2.74,ng/mL,1.1,4.4,NORMAL,2026-04-19
SUBJ050,WEEK12,TC,Total cholesterol,204.58,mg/dL,125.0,200.0,ABNORMAL,2026-04-19
SUBJ050,WEEK12,LDL,LDL cholesterol,95.44,mg/dL,0.0,100.0,NORMAL,2026-04-19
SUBJ050,WEEK12,HDL,HDL cholesterol,51.04,mg/dL,40.0,999.0,NORMAL,2026-04-19
SUBJ050,WEEK12,TG,Triglycerides,240.26,mg/dL,0.0,150.0,ABNORMAL,2026-04-19
SUBJ050,WEEK12,ALT,Alanine aminotransferase,43.61,U/L,7.0,56.0,NORMAL,2026-04-19
SUBJ050,WEEK12,AST,Aspartate aminotransferase,28.91,U/L,10.0,40.0,NORMAL,2026-04-19
SUBJ050,WEEK12,CREAT,Creatinine,0.69,mg/dL,0.6,1.3,NORMAL,2026-04-19
SUBJ050,WEEK12,EGFR,Estimated glomerular filtration rate,73.82,mL/min/1.73m²,60.0,999.0,NORMAL,2026-04-19
SUBJ051,BASELINE,HBA1C,HbA1c,8.81,%,4.0,5.6,ABNORMAL,2026-02-09
SUBJ051,BASELINE,FPG,Fasting plasma glucose,223.79,mg/dL,70.0,99.0,ABNORMAL,2026-02-09
SUBJ051,BASELINE,INSULIN,Insulin,14.96,µIU/mL,2.6,24.9,NORMAL,2026-02-09
SUBJ051,BASELINE,CPEPTIDE,C-peptide,1.77,ng/mL,1.1,4.4,NORMAL,2026-02-09
SUBJ051,BASELINE,TC,Total cholesterol,197.7,mg/dL,125.0,200.0,NORMAL,2026-02-09
SUBJ051,BASELINE,LDL,LDL cholesterol,139.82,mg/dL,0.0,100.0,ABNORMAL,2026-02-09
SUBJ051,BASELINE,HDL,HDL cholesterol,51.03,mg/dL,40.0,999.0,NORMAL,2026-02-09
SUBJ051,BASELINE,TG,Triglycerides,174.51,mg/dL,0.0,150.0,ABNORMAL,2026-02-09
SUBJ051,BASELINE,ALT,Alanine aminotransferase,28.38,U/L,7.0,56.0,NORMAL,2026-02-09
SUBJ051,BASELINE,AST,Aspartate aminotransferase,14.37,U/L,10.0,40.0,NORMAL,2026-02-09
SUBJ051,BASELINE,CREAT,Creatinine,0.78,mg/dL,0.6,1.3,NORMAL,2026-02-09
SUBJ051,BASELINE,EGFR,Estimated glomerular filtration rate,67.01,mL/min/1.73m²,60.0,999.0,NORMAL,2026-02-09
SUBJ051,WEEK4,HBA1C,HbA1c,8.41,%,4.0,5.6,ABNORMAL,2026-03-09
SUBJ051,WEEK4,FPG,Fasting plasma glucose,201.1,mg/dL,70.0,99.0,ABNORMAL,2026-03-09
SUBJ051,WEEK4,INSULIN,Insulin,14.42,µIU/mL,2.6,24.9,NORMAL,2026-03-09
SUBJ051,WEEK4,CPEPTIDE,C-peptide,1.72,ng/mL,1.1,4.4,NORMAL,2026-03-09
SUBJ051,WEEK4,TC,Total cholesterol,191.81,mg/dL,125.0,200.0,NORMAL,2026-03-09
SUBJ051,WEEK4,LDL,LDL cholesterol,135.64,mg/dL,0.0,100.0,ABNORMAL,2026-03-09
SUBJ051,WEEK4,HDL,HDL cholesterol,52.97,mg/dL,40.0,999.0,NORMAL,2026-03-09
SUBJ051,WEEK4,TG,Triglycerides,176.55,mg/dL,0.0,150.0,ABNORMAL,2026-03-09
SUBJ051,WEEK4,ALT,Alanine aminotransferase,27.95,U/L,7.0,56.0,NORMAL,2026-03-09
SUBJ051,WEEK4,AST,Aspartate aminotransferase,11.38,U/L,10.0,40.0,NORMAL,2026-03-09
SUBJ051,WEEK4,CREAT,Creatinine,0.7,mg/dL,0.6,1.3,NORMAL,2026-03-09
SUBJ051,WEEK4,EGFR,Estimated glomerular filtration rate,60.56,mL/min/1.73m²,60.0,999.0,NORMAL,2026-03-09
SUBJ051,WEEK8,HBA1C,HbA1c,8.48,%,4.0,5.6,ABNORMAL,2026-04-08
SUBJ051,WEEK8,FPG,Fasting plasma glucose,190.54,mg/dL,70.0,99.0,ABNORMAL,2026-04-08
SUBJ051,WEEK8,INSULIN,Insulin,12.54,µIU/mL,2.6,24.9,NORMAL,2026-04-08
SUBJ051,WEEK8,CPEPTIDE,C-peptide,1.86,ng/mL,1.1,4.4,NORMAL,2026-04-08
SUBJ051,WEEK8,TC,Total cholesterol,183.83,mg/dL,125.0,200.0,NORMAL,2026-04-08
SUBJ051,WEEK8,LDL,LDL cholesterol,143.39,mg/dL,0.0,100.0,ABNORMAL,2026-04-08
SUBJ051,WEEK8,HDL,HDL cholesterol,52.89,mg/dL,40.0,999.0,NORMAL,2026-04-08
SUBJ051,WEEK8,TG,Triglycerides,174.19,mg/dL,0.0,150.0,ABNORMAL,2026-04-08
SUBJ051,WEEK8,ALT,Alanine aminotransferase,22.96,U/L,7.0,56.0,NORMAL,2026-04-08
SUBJ051,WEEK8,AST,Aspartate aminotransferase,16.65,U/L,10.0,40.0,NORMAL,2026-04-08
SUBJ051,WEEK8,CREAT,Creatinine,0.77,mg/dL,0.6,1.3,NORMAL,2026-04-08
SUBJ051,WEEK8,EGFR,Estimated glomerular filtration rate,59.41,mL/min/1.73m²,60.0,999.0,ABNORMAL,2026-04-08
SUBJ051,WEEK12,HBA1C,HbA1c,8.01,%,4.0,5.6,ABNORMAL,2026-05-02
SUBJ051,WEEK12,FPG,Fasting plasma glucose,189.39,mg/dL,70.0,99.0,ABNORMAL,2026-05-02
SUBJ051,WEEK12,INSULIN,Insulin,12.48,µIU/mL,2.6,24.9,NORMAL,2026-05-02
SUBJ051,WEEK12,CPEPTIDE,C-peptide,1.56,ng/mL,1.1,4.4,NORMAL,2026-05-02
SUBJ051,WEEK12,TC,Total cholesterol,185.79,mg/dL,125.0,200.0,NORMAL,2026-05-02
SUBJ051,WEEK12,LDL,LDL cholesterol,127.09,mg/dL,0.0,100.0,ABNORMAL,2026-05-02
SUBJ051,WEEK12,HDL,HDL cholesterol,52.93,mg/dL,40.0,999.0,NORMAL,2026-05-02
SUBJ051,WEEK12,TG,Triglycerides,157.63,mg/dL,0.0,150.0,ABNORMAL,2026-05-02
SUBJ051,WEEK12,ALT,Alanine aminotransferase,26.06,U/L,7.0,56.0,NORMAL,2026-05-02
SUBJ051,WEEK12,AST,Aspartate aminotransferase,11.03,U/L,10.0,40.0,NORMAL,2026-05-02
SUBJ051,WEEK12,CREAT,Creatinine,0.81,mg/dL,0.6,1.3,NORMAL,2026-05-02
SUBJ051,WEEK12,EGFR,Estimated glomerular filtration rate,63.33,mL/min/1.73m²,60.0,999.0,NORMAL,2026-05-02
SUBJ052,BASELINE,HBA1C,HbA1c,8.8,%,4.0,5.6,ABNORMAL,2026-02-06
SUBJ052,BASELINE,FPG,Fasting plasma glucose,158.72,mg/dL,70.0,99.0,ABNORMAL,2026-02-06
SUBJ052,BASELINE,INSULIN,Insulin,17.44,µIU/mL,2.6,24.9,NORMAL,2026-02-06
SUBJ052,BASELINE,CPEPTIDE,C-peptide,2.42,ng/mL,1.1,4.4,NORMAL,2026-02-06
SUBJ052,BASELINE,TC,Total cholesterol,196.58,mg/dL,125.0,200.0,NORMAL,2026-02-06
SUBJ052,BASELINE,LDL,LDL cholesterol,124.93,mg/dL,0.0,100.0,ABNORMAL,2026-02-06
SUBJ052,BASELINE,HDL,HDL cholesterol,49.54,mg/dL,40.0,999.0,NORMAL,2026-02-06
SUBJ052,BASELINE,TG,Triglycerides,131.96,mg/dL,0.0,150.0,NORMAL,2026-02-06
SUBJ052,BASELINE,ALT,Alanine aminotransferase,34.26,U/L,7.0,56.0,NORMAL,2026-02-06
SUBJ052,BASELINE,AST,Aspartate aminotransferase,37.23,U/L,10.0,40.0,NORMAL,2026-02-06
SUBJ052,BASELINE,CREAT,Creatinine,0.96,mg/dL,0.6,1.3,NORMAL,2026-02-06
SUBJ052,BASELINE,EGFR,Estimated glomerular filtration rate,98.92,mL/min/1.73m²,60.0,999.0,NORMAL,2026-02-06
SUBJ052,WEEK4,HBA1C,HbA1c,8.58,%,4.0,5.6,ABNORMAL,2026-03-08
SUBJ052,WEEK4,FPG,Fasting plasma glucose,153.23,mg/dL,70.0,99.0,ABNORMAL,2026-03-08
SUBJ052,WEEK4,INSULIN,Insulin,16.74,µIU/mL,2.6,24.9,NORMAL,2026-03-08
SUBJ052,WEEK4,CPEPTIDE,C-peptide,2.45,ng/mL,1.1,4.4,NORMAL,2026-03-08
SUBJ052,WEEK4,TC,Total cholesterol,200.32,mg/dL,125.0,200.0,ABNORMAL,2026-03-08
SUBJ052,WEEK4,LDL,LDL cholesterol,117.0,mg/dL,0.0,100.0,ABNORMAL,2026-03-08
SUBJ052,WEEK4,HDL,HDL cholesterol,50.41,mg/dL,40.0,999.0,NORMAL,2026-03-08
SUBJ052,WEEK4,TG,Triglycerides,106.23,mg/dL,0.0,150.0,NORMAL,2026-03-08
SUBJ052,WEEK4,ALT,Alanine aminotransferase,32.02,U/L,7.0,56.0,NORMAL,2026-03-08
SUBJ052,WEEK4,AST,Aspartate aminotransferase,31.9,U/L,10.0,40.0,NORMAL,2026-03-08
SUBJ052,WEEK4,CREAT,Creatinine,0.97,mg/dL,0.6,1.3,NORMAL,2026-03-08
SUBJ052,WEEK4,EGFR,Estimated glomerular filtration rate,96.05,mL/min/1.73m²,60.0,999.0,NORMAL,2026-03-08
SUBJ052,WEEK8,HBA1C,HbA1c,8.37,%,4.0,5.6,ABNORMAL,2026-04-04
SUBJ052,WEEK8,FPG,Fasting plasma glucose,140.05,mg/dL,70.0,99.0,ABNORMAL,2026-04-04
SUBJ052,WEEK8,INSULIN,Insulin,16.59,µIU/mL,2.6,24.9,NORMAL,2026-04-04
SUBJ052,WEEK8,CPEPTIDE,C-peptide,2.6,ng/mL,1.1,4.4,NORMAL,2026-04-04
SUBJ052,WEEK8,TC,Total cholesterol,201.84,mg/dL,125.0,200.0,ABNORMAL,2026-04-04
SUBJ052,WEEK8,LDL,LDL cholesterol,118.26,mg/dL,0.0,100.0,ABNORMAL,2026-04-04
SUBJ052,WEEK8,HDL,HDL cholesterol,49.93,mg/dL,40.0,999.0,NORMAL,2026-04-04
SUBJ052,WEEK8,TG,Triglycerides,126.27,mg/dL,0.0,150.0,NORMAL,2026-04-04
SUBJ052,WEEK8,ALT,Alanine aminotransferase,31.79,U/L,7.0,56.0,NORMAL,2026-04-04
SUBJ052,WEEK8,AST,Aspartate aminotransferase,35.69,U/L,10.0,40.0,NORMAL,2026-04-04
SUBJ052,WEEK8,CREAT,Creatinine,0.94,mg/dL,0.6,1.3,NORMAL,2026-04-04
SUBJ052,WEEK8,EGFR,Estimated glomerular filtration rate,94.17,mL/min/1.73m²,60.0,999.0,NORMAL,2026-04-04
SUBJ052,WEEK12,HBA1C,HbA1c,8.55,%,4.0,5.6,ABNORMAL,2026-05-01
SUBJ052,WEEK12,FPG,Fasting plasma glucose,145.55,mg/dL,70.0,99.0,ABNORMAL,2026-05-01
SUBJ052,WEEK12,INSULIN,Insulin,15.63,µIU/mL,2.6,24.9,NORMAL,2026-05-01
SUBJ052,WEEK12,CPEPTIDE,C-peptide,2.43,ng/mL,1.1,4.4,NORMAL,2026-05-01
SUBJ052,WEEK12,TC,Total cholesterol,194.87,mg/dL,125.0,200.0,NORMAL,2026-05-01
SUBJ052,WEEK12,LDL,LDL cholesterol,120.63,mg/dL,0.0,100.0,ABNORMAL,2026-05-01
SUBJ052,WEEK12,HDL,HDL cholesterol,50.85,mg/dL,40.0,999.0,NORMAL,2026-05-01
SUBJ052,WEEK12,TG,Triglycerides,147.63,mg/dL,0.0,150.0,NORMAL,2026-05-01
SUBJ052,WEEK12,ALT,Alanine aminotransferase,25.02,U/L,7.0,56.0,NORMAL,2026-05-01
SUBJ052,WEEK12,AST,Aspartate aminotransferase,37.09,U/L,10.0,40.0,NORMAL,2026-05-01
SUBJ052,WEEK12,CREAT,Creatinine,0.95,mg/dL,0.6,1.3,NORMAL,2026-05-01
SUBJ052,WEEK12,EGFR,Estimated glomerular filtration rate,96.68,mL/min/1.73m²,60.0,999.0,NORMAL,2026-05-01
SUBJ053,BASELINE,HBA1C,HbA1c,7.06,%,4.0,5.6,ABNORMAL,2026-01-17
SUBJ053,BASELINE,FPG,Fasting plasma glucose,233.88,mg/dL,70.0,99.0,ABNORMAL,2026-01-17
SUBJ053,BASELINE,INSULIN,Insulin,15.88,µIU/mL,2.6,24.9,NORMAL,2026-01-17
SUBJ053,BASELINE,CPEPTIDE,C-peptide,3.1,ng/mL,1.1,4.4,NORMAL,2026-01-17
SUBJ053,BASELINE,TC,Total cholesterol,123.17,mg/dL,125.0,200.0,ABNORMAL,2026-01-17
SUBJ053,BASELINE,LDL,LDL cholesterol,154.29,mg/dL,0.0,100.0,ABNORMAL,2026-01-17
SUBJ053,BASELINE,HDL,HDL cholesterol,51.63,mg/dL,40.0,999.0,NORMAL,2026-01-17
SUBJ053,BASELINE,TG,Triglycerides,67.2,mg/dL,0.0,150.0,NORMAL,2026-01-17
SUBJ053,BASELINE,ALT,Alanine aminotransferase,38.23,U/L,7.0,56.0,NORMAL,2026-01-17
SUBJ053,BASELINE,AST,Aspartate aminotransferase,23.88,U/L,10.0,40.0,NORMAL,2026-01-17
SUBJ053,BASELINE,CREAT,Creatinine,0.95,mg/dL,0.6,1.3,NORMAL,2026-01-17
SUBJ053,BASELINE,EGFR,Estimated glomerular filtration rate,90.04,mL/min/1.73m²,60.0,999.0,NORMAL,2026-01-17
SUBJ053,WEEK4,HBA1C,HbA1c,6.71,%,4.0,5.6,ABNORMAL,2026-02-14
SUBJ053,WEEK4,FPG,Fasting plasma glucose,213.91,mg/dL,70.0,99.0,ABNORMAL,2026-02-14
SUBJ053,WEEK4,INSULIN,Insulin,17.42,µIU/mL,2.6,24.9,NORMAL,2026-02-14
SUBJ053,WEEK4,CPEPTIDE,C-peptide,3.12,ng/mL,1.1,4.4,NORMAL,2026-02-14
SUBJ053,WEEK4,TC,Total cholesterol,125.26,mg/dL,125.0,200.0,NORMAL,2026-02-14
SUBJ053,WEEK4,LDL,LDL cholesterol,149.72,mg/dL,0.0,100.0,ABNORMAL,2026-02-14
SUBJ053,WEEK4,HDL,HDL cholesterol,54.69,mg/dL,40.0,999.0,NORMAL,2026-02-14
SUBJ053,WEEK4,TG,Triglycerides,67.69,mg/dL,0.0,150.0,NORMAL,2026-02-14
SUBJ053,WEEK4,ALT,Alanine aminotransferase,37.43,U/L,7.0,56.0,NORMAL,2026-02-14
SUBJ053,WEEK4,AST,Aspartate aminotransferase,24.58,U/L,10.0,40.0,NORMAL,2026-02-14
SUBJ053,WEEK4,CREAT,Creatinine,0.9,mg/dL,0.6,1.3,NORMAL,2026-02-14
SUBJ053,WEEK4,EGFR,Estimated glomerular filtration rate,87.2,mL/min/1.73m²,60.0,999.0,NORMAL,2026-02-14
SUBJ053,WEEK8,HBA1C,HbA1c,6.58,%,4.0,5.6,ABNORMAL,2026-03-12
SUBJ053,WEEK8,FPG,Fasting plasma glucose,207.44,mg/dL,70.0,99.0,ABNORMAL,2026-03-12
SUBJ053,WEEK8,INSULIN,Insulin,17.22,µIU/mL,2.6,24.9,NORMAL,2026-03-12
SUBJ053,WEEK8,CPEPTIDE,C-peptide,3.04,ng/mL,1.1,4.4,NORMAL,2026-03-12
SUBJ053,WEEK8,TC,Total cholesterol,132.16,mg/dL,125.0,200.0,NORMAL,2026-03-12
SUBJ053,WEEK8,LDL,LDL cholesterol,147.8,mg/dL,0.0,100.0,ABNORMAL,2026-03-12
SUBJ053,WEEK8,HDL,HDL cholesterol,52.7,mg/dL,40.0,999.0,NORMAL,2026-03-12
SUBJ053,WEEK8,TG,Triglycerides,92.98,mg/dL,0.0,150.0,NORMAL,2026-03-12
SUBJ053,WEEK8,ALT,Alanine aminotransferase,29.89,U/L,7.0,56.0,NORMAL,2026-03-12
SUBJ053,WEEK8,AST,Aspartate aminotransferase,25.39,U/L,10.0,40.0,NORMAL,2026-03-12
SUBJ053,WEEK8,CREAT,Creatinine,0.86,mg/dL,0.6,1.3,NORMAL,2026-03-12
SUBJ053,WEEK8,EGFR,Estimated glomerular filtration rate,84.3,mL/min/1.73m²,60.0,999.0,NORMAL,2026-03-12
SUBJ053,WEEK12,HBA1C,HbA1c,6.19,%,4.0,5.6,ABNORMAL,2026-04-10
SUBJ053,WEEK12,FPG,Fasting plasma glucose,194.54,mg/dL,70.0,99.0,ABNORMAL,2026-04-10
SUBJ053,WEEK12,INSULIN,Insulin,15.8,µIU/mL,2.6,24.9,NORMAL,2026-04-10
SUBJ053,WEEK12,CPEPTIDE,C-peptide,2.9,ng/mL,1.1,4.4,NORMAL,2026-04-10
SUBJ053,WEEK12,TC,Total cholesterol,120.46,mg/dL,125.0,200.0,ABNORMAL,2026-04-10
SUBJ053,WEEK12,LDL,LDL cholesterol,150.33,mg/dL,0.0,100.0,ABNORMAL,2026-04-10
SUBJ053,WEEK12,HDL,HDL cholesterol,56.44,mg/dL,40.0,999.0,NORMAL,2026-04-10
SUBJ053,WEEK12,TG,Triglycerides,83.1,mg/dL,0.0,150.0,NORMAL,2026-04-10
SUBJ053,WEEK12,ALT,Alanine aminotransferase,37.26,U/L,7.0,56.0,NORMAL,2026-04-10
SUBJ053,WEEK12,AST,Aspartate aminotransferase,24.31,U/L,10.0,40.0,NORMAL,2026-04-10
SUBJ053,WEEK12,CREAT,Creatinine,0.92,mg/dL,0.6,1.3,NORMAL,2026-04-10
SUBJ053,WEEK12,EGFR,Estimated glomerular filtration rate,86.87,mL/min/1.73m²,60.0,999.0,NORMAL,2026-04-10
SUBJ054,BASELINE,HBA1C,HbA1c,8.74,%,4.0,5.6,ABNORMAL,2026-02-04
SUBJ054,BASELINE,FPG,Fasting plasma glucose,134.7,mg/dL,70.0,99.0,ABNORMAL,2026-02-04
SUBJ054,BASELINE,INSULIN,Insulin,12.74,µIU/mL,2.6,24.9,NORMAL,2026-02-04
SUBJ054,BASELINE,CPEPTIDE,C-peptide,2.25,ng/mL,1.1,4.4,NORMAL,2026-02-04
SUBJ054,BASELINE,TC,Total cholesterol,190.01,mg/dL,125.0,200.0,NORMAL,2026-02-04
SUBJ054,BASELINE,LDL,LDL cholesterol,131.47,mg/dL,0.0,100.0,ABNORMAL,2026-02-04
SUBJ054,BASELINE,HDL,HDL cholesterol,34.02,mg/dL,40.0,999.0,ABNORMAL,2026-02-04
SUBJ054,BASELINE,TG,Triglycerides,162.18,mg/dL,0.0,150.0,ABNORMAL,2026-02-04
SUBJ054,BASELINE,ALT,Alanine aminotransferase,44.84,U/L,7.0,56.0,NORMAL,2026-02-04
SUBJ054,BASELINE,AST,Aspartate aminotransferase,26.53,U/L,10.0,40.0,NORMAL,2026-02-04
SUBJ054,BASELINE,CREAT,Creatinine,0.99,mg/dL,0.6,1.3,NORMAL,2026-02-04
SUBJ054,BASELINE,EGFR,Estimated glomerular filtration rate,108.77,mL/min/1.73m²,60.0,999.0,NORMAL,2026-02-04
SUBJ054,WEEK4,HBA1C,HbA1c,8.27,%,4.0,5.6,ABNORMAL,2026-03-06
SUBJ054,WEEK4,FPG,Fasting plasma glucose,125.15,mg/dL,70.0,99.0,ABNORMAL,2026-03-06
SUBJ054,WEEK4,INSULIN,Insulin,11.01,µIU/mL,2.6,24.9,NORMAL,2026-03-06
SUBJ054,WEEK4,CPEPTIDE,C-peptide,2.58,ng/mL,1.1,4.4,NORMAL,2026-03-06
SUBJ054,WEEK4,TC,Total cholesterol,181.29,mg/dL,125.0,200.0,NORMAL,2026-03-06
SUBJ054,WEEK4,LDL,LDL cholesterol,132.16,mg/dL,0.0,100.0,ABNORMAL,2026-03-06
SUBJ054,WEEK4,HDL,HDL cholesterol,32.11,mg/dL,40.0,999.0,ABNORMAL,2026-03-06
SUBJ054,WEEK4,TG,Triglycerides,152.38,mg/dL,0.0,150.0,ABNORMAL,2026-03-06
SUBJ054,WEEK4,ALT,Alanine aminotransferase,44.45,U/L,7.0,56.0,NORMAL,2026-03-06
SUBJ054,WEEK4,AST,Aspartate aminotransferase,23.43,U/L,10.0,40.0,NORMAL,2026-03-06
SUBJ054,WEEK4,CREAT,Creatinine,1.02,mg/dL,0.6,1.3,NORMAL,2026-03-06
SUBJ054,WEEK4,EGFR,Estimated glomerular filtration rate,98.47,mL/min/1.73m²,60.0,999.0,NORMAL,2026-03-06
SUBJ054,WEEK8,HBA1C,HbA1c,8.33,%,4.0,5.6,ABNORMAL,2026-04-03
SUBJ054,WEEK8,FPG,Fasting plasma glucose,111.29,mg/dL,70.0,99.0,ABNORMAL,2026-04-03
SUBJ054,WEEK8,INSULIN,Insulin,9.51,µIU/mL,2.6,24.9,NORMAL,2026-04-03
SUBJ054,WEEK8,CPEPTIDE,C-peptide,2.49,ng/mL,1.1,4.4,NORMAL,2026-04-03
SUBJ054,WEEK8,TC,Total cholesterol,189.71,mg/dL,125.0,200.0,NORMAL,2026-04-03
SUBJ054,WEEK8,LDL,LDL cholesterol,125.85,mg/dL,0.0,100.0,ABNORMAL,2026-04-03
SUBJ054,WEEK8,HDL,HDL cholesterol,30.5,mg/dL,40.0,999.0,ABNORMAL,2026-04-03
SUBJ054,WEEK8,TG,Triglycerides,172.92,mg/dL,0.0,150.0,ABNORMAL,2026-04-03
SUBJ054,WEEK8,ALT,Alanine aminotransferase,44.34,U/L,7.0,56.0,NORMAL,2026-04-03
SUBJ054,WEEK8,AST,Aspartate aminotransferase,25.36,U/L,10.0,40.0,NORMAL,2026-04-03
SUBJ054,WEEK8,CREAT,Creatinine,1.0,mg/dL,0.6,1.3,NORMAL,2026-04-03
SUBJ054,WEEK8,EGFR,Estimated glomerular filtration rate,97.81,mL/min/1.73m²,60.0,999.0,NORMAL,2026-04-03
SUBJ054,WEEK12,HBA1C,HbA1c,7.93,%,4.0,5.6,ABNORMAL,2026-04-28
SUBJ054,WEEK12,FPG,Fasting plasma glucose,112.76,mg/dL,70.0,99.0,ABNORMAL,2026-04-28
SUBJ054,WEEK12,INSULIN,Insulin,11.07,µIU/mL,2.6,24.9,NORMAL,2026-04-28
SUBJ054,WEEK12,CPEPTIDE,C-peptide,2.38,ng/mL,1.1,4.4,NORMAL,2026-04-28
SUBJ054,WEEK12,TC,Total cholesterol,183.03,mg/dL,125.0,200.0,NORMAL,2026-04-28
SUBJ054,WEEK12,LDL,LDL cholesterol,112.86,mg/dL,0.0,100.0,ABNORMAL,2026-04-28
SUBJ054,WEEK12,HDL,HDL cholesterol,29.28,mg/dL,40.0,999.0,ABNORMAL,2026-04-28
SUBJ054,WEEK12,TG,Triglycerides,147.79,mg/dL,0.0,150.0,NORMAL,2026-04-28
SUBJ054,WEEK12,ALT,Alanine aminotransferase,42.86,U/L,7.0,56.0,NORMAL,2026-04-28
SUBJ054,WEEK12,AST,Aspartate aminotransferase,27.04,U/L,10.0,40.0,NORMAL,2026-04-28
SUBJ054,WEEK12,CREAT,Creatinine,0.96,mg/dL,0.6,1.3,NORMAL,2026-04-28
SUBJ054,WEEK12,EGFR,Estimated glomerular filtration rate,100.64,mL/min/1.73m²,60.0,999.0,NORMAL,2026-04-28
SUBJ055,BASELINE,HBA1C,HbA1c,8.55,%,4.0,5.6,ABNORMAL,2026-02-04
SUBJ055,BASELINE,FPG,Fasting plasma glucose,115.51,mg/dL,70.0,99.0,ABNORMAL,2026-02-04
SUBJ055,BASELINE,INSULIN,Insulin,12.01,µIU/mL,2.6,24.9,NORMAL,2026-02-04
SUBJ055,BASELINE,CPEPTIDE,C-peptide,2.41,ng/mL,1.1,4.4,NORMAL,2026-02-04
SUBJ055,BASELINE,TC,Total cholesterol,138.56,mg/dL,125.0,200.0,NORMAL,2026-02-04
SUBJ055,BASELINE,LDL,LDL cholesterol,132.79,mg/dL,0.0,100.0,ABNORMAL,2026-02-04
SUBJ055,BASELINE,HDL,HDL cholesterol,66.09,mg/dL,40.0,999.0,NORMAL,2026-02-04
SUBJ055,BASELINE,TG,Triglycerides,318.19,mg/dL,0.0,150.0,ABNORMAL,2026-02-04
SUBJ055,BASELINE,ALT,Alanine aminotransferase,20.37,U/L,7.0,56.0,NORMAL,2026-02-04
SUBJ055,BASELINE,AST,Aspartate aminotransferase,33.25,U/L,10.0,40.0,NORMAL,2026-02-04
SUBJ055,BASELINE,CREAT,Creatinine,1.33,mg/dL,0.6,1.3,ABNORMAL,2026-02-04
SUBJ055,BASELINE,EGFR,Estimated glomerular filtration rate,104.76,mL/min/1.73m²,60.0,999.0,NORMAL,2026-02-04
SUBJ055,WEEK4,HBA1C,HbA1c,8.44,%,4.0,5.6,ABNORMAL,2026-03-02
SUBJ055,WEEK4,FPG,Fasting plasma glucose,117.83,mg/dL,70.0,99.0,ABNORMAL,2026-03-02
SUBJ055,WEEK4,INSULIN,Insulin,10.87,µIU/mL,2.6,24.9,NORMAL,2026-03-02
SUBJ055,WEEK4,CPEPTIDE,C-peptide,2.34,ng/mL,1.1,4.4,NORMAL,2026-03-02
SUBJ055,WEEK4,TC,Total cholesterol,144.44,mg/dL,125.0,200.0,NORMAL,2026-03-02
SUBJ055,WEEK4,LDL,LDL cholesterol,125.74,mg/dL,0.0,100.0,ABNORMAL,2026-03-02
SUBJ055,WEEK4,HDL,HDL cholesterol,59.63,mg/dL,40.0,999.0,NORMAL,2026-03-02
SUBJ055,WEEK4,TG,Triglycerides,294.57,mg/dL,0.0,150.0,ABNORMAL,2026-03-02
SUBJ055,WEEK4,ALT,Alanine aminotransferase,19.86,U/L,7.0,56.0,NORMAL,2026-03-02
SUBJ055,WEEK4,AST,Aspartate aminotransferase,33.68,U/L,10.0,40.0,NORMAL,2026-03-02
SUBJ055,WEEK4,CREAT,Creatinine,1.36,mg/dL,0.6,1.3,ABNORMAL,2026-03-02
SUBJ055,WEEK4,EGFR,Estimated glomerular filtration rate,103.61,mL/min/1.73m²,60.0,999.0,NORMAL,2026-03-02
SUBJ055,WEEK8,HBA1C,HbA1c,8.23,%,4.0,5.6,ABNORMAL,2026-04-02
SUBJ055,WEEK8,FPG,Fasting plasma glucose,110.95,mg/dL,70.0,99.0,ABNORMAL,2026-04-02
SUBJ055,WEEK8,INSULIN,Insulin,11.65,µIU/mL,2.6,24.9,NORMAL,2026-04-02
SUBJ055,WEEK8,CPEPTIDE,C-peptide,2.56,ng/mL,1.1,4.4,NORMAL,2026-04-02
SUBJ055,WEEK8,TC,Total cholesterol,141.15,mg/dL,125.0,200.0,NORMAL,2026-04-02
SUBJ055,WEEK8,LDL,LDL cholesterol,136.53,mg/dL,0.0,100.0,ABNORMAL,2026-04-02
SUBJ055,WEEK8,HDL,HDL cholesterol,63.71,mg/dL,40.0,999.0,NORMAL,2026-04-02
SUBJ055,WEEK8,TG,Triglycerides,300.04,mg/dL,0.0,150.0,ABNORMAL,2026-04-02
SUBJ055,WEEK8,ALT,Alanine aminotransferase,17.75,U/L,7.0,56.0,NORMAL,2026-04-02
SUBJ055,WEEK8,AST,Aspartate aminotransferase,33.6,U/L,10.0,40.0,NORMAL,2026-04-02
SUBJ055,WEEK8,CREAT,Creatinine,1.35,mg/dL,0.6,1.3,ABNORMAL,2026-04-02
SUBJ055,WEEK8,EGFR,Estimated glomerular filtration rate,100.66,mL/min/1.73m²,60.0,999.0,NORMAL,2026-04-02
SUBJ055,WEEK12,HBA1C,HbA1c,7.82,%,4.0,5.6,ABNORMAL,2026-05-01
SUBJ055,WEEK12,FPG,Fasting plasma glucose,100.8,mg/dL,70.0,99.0,ABNORMAL,2026-05-01
SUBJ055,WEEK12,INSULIN,Insulin,10.6,µIU/mL,2.6,24.9,NORMAL,2026-05-01
SUBJ055,WEEK12,CPEPTIDE,C-peptide,2.52,ng/mL,1.1,4.4,NORMAL,2026-05-01
SUBJ055,WEEK12,TC,Total cholesterol,140.46,mg/dL,125.0,200.0,NORMAL,2026-05-01
SUBJ055,WEEK12,LDL,LDL cholesterol,123.31,mg/dL,0.0,100.0,ABNORMAL,2026-05-01
SUBJ055,WEEK12,HDL,HDL cholesterol,65.6,mg/dL,40.0,999.0,NORMAL,2026-05-01
SUBJ055,WEEK12,TG,Triglycerides,285.3,mg/dL,0.0,150.0,ABNORMAL,2026-05-01
SUBJ055,WEEK12,ALT,Alanine aminotransferase,20.34,U/L,7.0,56.0,NORMAL,2026-05-01
SUBJ055,WEEK12,AST,Aspartate aminotransferase,35.56,U/L,10.0,40.0,NORMAL,2026-05-01
SUBJ055,WEEK12,CREAT,Creatinine,1.31,mg/dL,0.6,1.3,ABNORMAL,2026-05-01
SUBJ055,WEEK12,EGFR,Estimated glomerular filtration rate,99.55,mL/min/1.73m²,60.0,999.0,NORMAL,2026-05-01
SUBJ056,BASELINE,HBA1C,HbA1c,7.45,%,4.0,5.6,ABNORMAL,2026-02-06
SUBJ056,BASELINE,FPG,Fasting plasma glucose,122.13,mg/dL,70.0,99.0,ABNORMAL,2026-02-06
SUBJ056,BASELINE,INSULIN,Insulin,3.44,µIU/mL,2.6,24.9,NORMAL,2026-02-06
SUBJ056,BASELINE,CPEPTIDE,C-peptide,3.79,ng/mL,1.1,4.4,NORMAL,2026-02-06
SUBJ056,BASELINE,TC,Total cholesterol,260.4,mg/dL,125.0,200.0,ABNORMAL,2026-02-06
SUBJ056,BASELINE,LDL,LDL cholesterol,142.28,mg/dL,0.0,100.0,ABNORMAL,2026-02-06
SUBJ056,BASELINE,HDL,HDL cholesterol,30.99,mg/dL,40.0,999.0,ABNORMAL,2026-02-06
SUBJ056,BASELINE,TG,Triglycerides,162.35,mg/dL,0.0,150.0,ABNORMAL,2026-02-06
SUBJ056,BASELINE,ALT,Alanine aminotransferase,50.74,U/L,7.0,56.0,NORMAL,2026-02-06
SUBJ056,BASELINE,AST,Aspartate aminotransferase,18.92,U/L,10.0,40.0,NORMAL,2026-02-06
SUBJ056,BASELINE,CREAT,Creatinine,0.98,mg/dL,0.6,1.3,NORMAL,2026-02-06
SUBJ056,BASELINE,EGFR,Estimated glomerular filtration rate,91.91,mL/min/1.73m²,60.0,999.0,NORMAL,2026-02-06
SUBJ056,WEEK4,HBA1C,HbA1c,7.27,%,4.0,5.6,ABNORMAL,2026-03-07
SUBJ056,WEEK4,FPG,Fasting plasma glucose,126.97,mg/dL,70.0,99.0,ABNORMAL,2026-03-07
SUBJ056,WEEK4,INSULIN,Insulin,4.68,µIU/mL,2.6,24.9,NORMAL,2026-03-07
SUBJ056,WEEK4,CPEPTIDE,C-peptide,3.71,ng/mL,1.1,4.4,NORMAL,2026-03-07
SUBJ056,WEEK4,TC,Total cholesterol,273.59,mg/dL,125.0,200.0,ABNORMAL,2026-03-07
SUBJ056,WEEK4,LDL,LDL cholesterol,143.16,mg/dL,0.0,100.0,ABNORMAL,2026-03-07
SUBJ056,WEEK4,HDL,HDL cholesterol,33.56,mg/dL,40.0,999.0,ABNORMAL,2026-03-07
SUBJ056,WEEK4,TG,Triglycerides,169.34,mg/dL,0.0,150.0,ABNORMAL,2026-03-07
SUBJ056,WEEK4,ALT,Alanine aminotransferase,46.21,U/L,7.0,56.0,NORMAL,2026-03-07
SUBJ056,WEEK4,AST,Aspartate aminotransferase,16.62,U/L,10.0,40.0,NORMAL,2026-03-07
SUBJ056,WEEK4,CREAT,Creatinine,0.96,mg/dL,0.6,1.3,NORMAL,2026-03-07
SUBJ056,WEEK4,EGFR,Estimated glomerular filtration rate,95.66,mL/min/1.73m²,60.0,999.0,NORMAL,2026-03-07
SUBJ056,WEEK8,HBA1C,HbA1c,6.96,%,4.0,5.6,ABNORMAL,2026-04-03
SUBJ056,WEEK8,FPG,Fasting plasma glucose,113.06,mg/dL,70.0,99.0,ABNORMAL,2026-04-03
SUBJ056,WEEK8,INSULIN,Insulin,4.29,µIU/mL,2.6,24.9,NORMAL,2026-04-03
SUBJ056,WEEK8,CPEPTIDE,C-peptide,3.89,ng/mL,1.1,4.4,NORMAL,2026-04-03
SUBJ056,WEEK8,TC,Total cholesterol,260.13,mg/dL,125.0,200.0,ABNORMAL,2026-04-03
SUBJ056,WEEK8,LDL,LDL cholesterol,142.02,mg/dL,0.0,100.0,ABNORMAL,2026-04-03
SUBJ056,WEEK8,HDL,HDL cholesterol,29.8,mg/dL,40.0,999.0,ABNORMAL,2026-04-03
SUBJ056,WEEK8,TG,Triglycerides,156.33,mg/dL,0.0,150.0,ABNORMAL,2026-04-03
SUBJ056,WEEK8,ALT,Alanine aminotransferase,47.17,U/L,7.0,56.0,NORMAL,2026-04-03
SUBJ056,WEEK8,AST,Aspartate aminotransferase,15.17,U/L,10.0,40.0,NORMAL,2026-04-03
SUBJ056,WEEK8,CREAT,Creatinine,0.92,mg/dL,0.6,1.3,NORMAL,2026-04-03
SUBJ056,WEEK8,EGFR,Estimated glomerular filtration rate,92.71,mL/min/1.73m²,60.0,999.0,NORMAL,2026-04-03
SUBJ056,WEEK12,HBA1C,HbA1c,6.71,%,4.0,5.6,ABNORMAL,2026-05-03
SUBJ056,WEEK12,FPG,Fasting plasma glucose,104.45,mg/dL,70.0,99.0,ABNORMAL,2026-05-03
SUBJ056,WEEK12,INSULIN,Insulin,3.45,µIU/mL,2.6,24.9,NORMAL,2026-05-03
SUBJ056,WEEK12,CPEPTIDE,C-peptide,3.91,ng/mL,1.1,4.4,NORMAL,2026-05-03
SUBJ056,WEEK12,TC,Total cholesterol,263.13,mg/dL,125.0,200.0,ABNORMAL,2026-05-03
SUBJ056,WEEK12,LDL,LDL cholesterol,142.97,mg/dL,0.0,100.0,ABNORMAL,2026-05-03
SUBJ056,WEEK12,HDL,HDL cholesterol,31.41,mg/dL,40.0,999.0,ABNORMAL,2026-05-03
SUBJ056,WEEK12,TG,Triglycerides,181.85,mg/dL,0.0,150.0,ABNORMAL,2026-05-03
SUBJ056,WEEK12,ALT,Alanine aminotransferase,50.78,U/L,7.0,56.0,NORMAL,2026-05-03
SUBJ056,WEEK12,AST,Aspartate aminotransferase,22.16,U/L,10.0,40.0,NORMAL,2026-05-03
SUBJ056,WEEK12,CREAT,Creatinine,0.97,mg/dL,0.6,1.3,NORMAL,2026-05-03
SUBJ056,WEEK12,EGFR,Estimated glomerular filtration rate,93.64,mL/min/1.73m²,60.0,999.0,NORMAL,2026-05-03
SUBJ057,BASELINE,HBA1C,HbA1c,7.34,%,4.0,5.6,ABNORMAL,2026-01-14
SUBJ057,BASELINE,FPG,Fasting plasma glucose,116.19,mg/dL,70.0,99.0,ABNORMAL,2026-01-14
SUBJ057,BASELINE,INSULIN,Insulin,8.63,µIU/mL,2.6,24.9,NORMAL,2026-01-14
SUBJ057,BASELINE,CPEPTIDE,C-peptide,3.57,ng/mL,1.1,4.4,NORMAL,2026-01-14
SUBJ057,BASELINE,TC,Total cholesterol,173.02,mg/dL,125.0,200.0,NORMAL,2026-01-14
SUBJ057,BASELINE,LDL,LDL cholesterol,100.46,mg/dL,0.0,100.0,ABNORMAL,2026-01-14
SUBJ057,BASELINE,HDL,HDL cholesterol,39.67,mg/dL,40.0,999.0,ABNORMAL,2026-01-14
SUBJ057,BASELINE,TG,Triglycerides,90.95,mg/dL,0.0,150.0,NORMAL,2026-01-14
SUBJ057,BASELINE,ALT,Alanine aminotransferase,28.7,U/L,7.0,56.0,NORMAL,2026-01-14
SUBJ057,BASELINE,AST,Aspartate aminotransferase,19.58,U/L,10.0,40.0,NORMAL,2026-01-14
SUBJ057,BASELINE,CREAT,Creatinine,0.86,mg/dL,0.6,1.3,NORMAL,2026-01-14
SUBJ057,BASELINE,EGFR,Estimated glomerular filtration rate,75.5,mL/min/1.73m²,60.0,999.0,NORMAL,2026-01-14
SUBJ057,WEEK4,HBA1C,HbA1c,7.18,%,4.0,5.6,ABNORMAL,2026-02-09
SUBJ057,WEEK4,FPG,Fasting plasma glucose,121.21,mg/dL,70.0,99.0,ABNORMAL,2026-02-09
SUBJ057,WEEK4,INSULIN,Insulin,7.59,µIU/mL,2.6,24.9,NORMAL,2026-02-09
SUBJ057,WEEK4,CPEPTIDE,C-peptide,3.61,ng/mL,1.1,4.4,NORMAL,2026-02-09
SUBJ057,WEEK4,TC,Total cholesterol,169.94,mg/dL,125.0,200.0,NORMAL,2026-02-09
SUBJ057,WEEK4,LDL,LDL cholesterol,105.59,mg/dL,0.0,100.0,ABNORMAL,2026-02-09
SUBJ057,WEEK4,HDL,HDL cholesterol,43.13,mg/dL,40.0,999.0,NORMAL,2026-02-09
SUBJ057,WEEK4,TG,Triglycerides,69.8,mg/dL,0.0,150.0,NORMAL,2026-02-09
SUBJ057,WEEK4,ALT,Alanine aminotransferase,30.96,U/L,7.0,56.0,NORMAL,2026-02-09
SUBJ057,WEEK4,AST,Aspartate aminotransferase,29.38,U/L,10.0,40.0,NORMAL,2026-02-09
SUBJ057,WEEK4,CREAT,Creatinine,0.88,mg/dL,0.6,1.3,NORMAL,2026-02-09
SUBJ057,WEEK4,EGFR,Estimated glomerular filtration rate,73.9,mL/min/1.73m²,60.0,999.0,NORMAL,2026-02-09
SUBJ057,WEEK8,HBA1C,HbA1c,7.08,%,4.0,5.6,ABNORMAL,2026-03-13
SUBJ057,WEEK8,FPG,Fasting plasma glucose,112.09,mg/dL,70.0,99.0,ABNORMAL,2026-03-13
SUBJ057,WEEK8,INSULIN,Insulin,8.71,µIU/mL,2.6,24.9,NORMAL,2026-03-13
SUBJ057,WEEK8,CPEPTIDE,C-peptide,3.59,ng/mL,1.1,4.4,NORMAL,2026-03-13
SUBJ057,WEEK8,TC,Total cholesterol,169.78,mg/dL,125.0,200.0,NORMAL,2026-03-13
SUBJ057,WEEK8,LDL,LDL cholesterol,97.1,mg/dL,0.0,100.0,NORMAL,2026-03-13
SUBJ057,WEEK8,HDL,HDL cholesterol,41.14,mg/dL,40.0,999.0,NORMAL,2026-03-13
SUBJ057,WEEK8,TG,Triglycerides,76.79,mg/dL,0.0,150.0,NORMAL,2026-03-13
SUBJ057,WEEK8,ALT,Alanine aminotransferase,30.59,U/L,7.0,56.0,NORMAL,2026-03-13
SUBJ057,WEEK8,AST,Aspartate aminotransferase,20.44,U/L,10.0,40.0,NORMAL,2026-03-13
SUBJ057,WEEK8,CREAT,Creatinine,0.86,mg/dL,0.6,1.3,NORMAL,2026-03-13
SUBJ057,WEEK8,EGFR,Estimated glomerular filtration rate,74.67,mL/min/1.73m²,60.0,999.0,NORMAL,2026-03-13
SUBJ057,WEEK12,HBA1C,HbA1c,6.94,%,4.0,5.6,ABNORMAL,2026-04-06
SUBJ057,WEEK12,FPG,Fasting plasma glucose,103.54,mg/dL,70.0,99.0,ABNORMAL,2026-04-06
SUBJ057,WEEK12,INSULIN,Insulin,8.62,µIU/mL,2.6,24.9,NORMAL,2026-04-06
SUBJ057,WEEK12,CPEPTIDE,C-peptide,3.66,ng/mL,1.1,4.4,NORMAL,2026-04-06
SUBJ057,WEEK12,TC,Total cholesterol,167.03,mg/dL,125.0,200.0,NORMAL,2026-04-06
SUBJ057,WEEK12,LDL,LDL cholesterol,103.32,mg/dL,0.0,100.0,ABNORMAL,2026-04-06
SUBJ057,WEEK12,HDL,HDL cholesterol,40.83,mg/dL,40.0,999.0,NORMAL,2026-04-06
SUBJ057,WEEK12,TG,Triglycerides,93.1,mg/dL,0.0,150.0,NORMAL,2026-04-06
SUBJ057,WEEK12,ALT,Alanine aminotransferase,29.44,U/L,7.0,56.0,NORMAL,2026-04-06
SUBJ057,WEEK12,AST,Aspartate aminotransferase,20.52,U/L,10.0,40.0,NORMAL,2026-04-06
SUBJ057,WEEK12,CREAT,Creatinine,0.9,mg/dL,0.6,1.3,NORMAL,2026-04-06
SUBJ057,WEEK12,EGFR,Estimated glomerular filtration rate,74.72,mL/min/1.73m²,60.0,999.0,NORMAL,2026-04-06
SUBJ058,BASELINE,HBA1C,HbA1c,7.86,%,4.0,5.6,ABNORMAL,2026-01-14
SUBJ058,BASELINE,FPG,Fasting plasma glucose,161.92,mg/dL,70.0,99.0,ABNORMAL,2026-01-14
SUBJ058,BASELINE,INSULIN,Insulin,10.06,µIU/mL,2.6,24.9,NORMAL,2026-01-14
SUBJ058,BASELINE,CPEPTIDE,C-peptide,2.01,ng/mL,1.1,4.4,NORMAL,2026-01-14
SUBJ058,BASELINE,TC,Total cholesterol,183.36,mg/dL,125.0,200.0,NORMAL,2026-01-14
SUBJ058,BASELINE,LDL,LDL cholesterol,116.23,mg/dL,0.0,100.0,ABNORMAL,2026-01-14
SUBJ058,BASELINE,HDL,HDL cholesterol,51.92,mg/dL,40.0,999.0,NORMAL,2026-01-14
SUBJ058,BASELINE,TG,Triglycerides,154.57,mg/dL,0.0,150.0,ABNORMAL,2026-01-14
SUBJ058,BASELINE,ALT,Alanine aminotransferase,41.6,U/L,7.0,56.0,NORMAL,2026-01-14
SUBJ058,BASELINE,AST,Aspartate aminotransferase,36.1,U/L,10.0,40.0,NORMAL,2026-01-14
SUBJ058,BASELINE,CREAT,Creatinine,0.97,mg/dL,0.6,1.3,NORMAL,2026-01-14
SUBJ058,BASELINE,EGFR,Estimated glomerular filtration rate,112.26,mL/min/1.73m²,60.0,999.0,NORMAL,2026-01-14
SUBJ058,WEEK4,HBA1C,HbA1c,7.49,%,4.0,5.6,ABNORMAL,2026-02-13
SUBJ058,WEEK4,FPG,Fasting plasma glucose,166.02,mg/dL,70.0,99.0,ABNORMAL,2026-02-13
SUBJ058,WEEK4,INSULIN,Insulin,10.29,µIU/mL,2.6,24.9,NORMAL,2026-02-13
SUBJ058,WEEK4,CPEPTIDE,C-peptide,1.87,ng/mL,1.1,4.4,NORMAL,2026-02-13
SUBJ058,WEEK4,TC,Total cholesterol,182.95,mg/dL,125.0,200.0,NORMAL,2026-02-13
SUBJ058,WEEK4,LDL,LDL cholesterol,112.99,mg/dL,0.0,100.0,ABNORMAL,2026-02-13
SUBJ058,WEEK4,HDL,HDL cholesterol,48.82,mg/dL,40.0,999.0,NORMAL,2026-02-13
SUBJ058,WEEK4,TG,Triglycerides,138.26,mg/dL,0.0,150.0,NORMAL,2026-02-13
SUBJ058,WEEK4,ALT,Alanine aminotransferase,41.5,U/L,7.0,56.0,NORMAL,2026-02-13
SUBJ058,WEEK4,AST,Aspartate aminotransferase,33.61,U/L,10.0,40.0,NORMAL,2026-02-13
SUBJ058,WEEK4,CREAT,Creatinine,0.92,mg/dL,0.6,1.3,NORMAL,2026-02-13
SUBJ058,WEEK4,EGFR,Estimated glomerular filtration rate,111.47,mL/min/1.73m²,60.0,999.0,NORMAL,2026-02-13
SUBJ058,WEEK8,HBA1C,HbA1c,7.35,%,4.0,5.6,ABNORMAL,2026-03-11
SUBJ058,WEEK8,FPG,Fasting plasma glucose,144.94,mg/dL,70.0,99.0,ABNORMAL,2026-03-11
SUBJ058,WEEK8,INSULIN,Insulin,9.97,µIU/mL,2.6,24.9,NORMAL,2026-03-11
SUBJ058,WEEK8,CPEPTIDE,C-peptide,2.22,ng/mL,1.1,4.4,NORMAL,2026-03-11
SUBJ058,WEEK8,TC,Total cholesterol,190.69,mg/dL,125.0,200.0,NORMAL,2026-03-11
SUBJ058,WEEK8,LDL,LDL cholesterol,108.3,mg/dL,0.0,100.0,ABNORMAL,2026-03-11
SUBJ058,WEEK8,HDL,HDL cholesterol,45.57,mg/dL,40.0,999.0,NORMAL,2026-03-11
SUBJ058,WEEK8,TG,Triglycerides,131.44,mg/dL,0.0,150.0,NORMAL,2026-03-11
SUBJ058,WEEK8,ALT,Alanine aminotransferase,44.11,U/L,7.0,56.0,NORMAL,2026-03-11
SUBJ058,WEEK8,AST,Aspartate aminotransferase,36.56,U/L,10.0,40.0,NORMAL,2026-03-11
SUBJ058,WEEK8,CREAT,Creatinine,0.99,mg/dL,0.6,1.3,NORMAL,2026-03-11
SUBJ058,WEEK8,EGFR,Estimated glomerular filtration rate,110.84,mL/min/1.73m²,60.0,999.0,NORMAL,2026-03-11
SUBJ058,WEEK12,HBA1C,HbA1c,7.11,%,4.0,5.6,ABNORMAL,2026-04-09
SUBJ058,WEEK12,FPG,Fasting plasma glucose,139.27,mg/dL,70.0,99.0,ABNORMAL,2026-04-09
SUBJ058,WEEK12,INSULIN,Insulin,9.57,µIU/mL,2.6,24.9,NORMAL,2026-04-09
SUBJ058,WEEK12,CPEPTIDE,C-peptide,2.24,ng/mL,1.1,4.4,NORMAL,2026-04-09
SUBJ058,WEEK12,TC,Total cholesterol,178.29,mg/dL,125.0,200.0,NORMAL,2026-04-09
SUBJ058,WEEK12,LDL,LDL cholesterol,109.79,mg/dL,0.0,100.0,ABNORMAL,2026-04-09
SUBJ058,WEEK12,HDL,HDL cholesterol,52.24,mg/dL,40.0,999.0,NORMAL,2026-04-09
SUBJ058,WEEK12,TG,Triglycerides,124.81,mg/dL,0.0,150.0,NORMAL,2026-04-09
SUBJ058,WEEK12,ALT,Alanine aminotransferase,47.48,U/L,7.0,56.0,NORMAL,2026-04-09
SUBJ058,WEEK12,AST,Aspartate aminotransferase,37.15,U/L,10.0,40.0,NORMAL,2026-04-09
SUBJ058,WEEK12,CREAT,Creatinine,0.89,mg/dL,0.6,1.3,NORMAL,2026-04-09
SUBJ058,WEEK12,EGFR,Estimated glomerular filtration rate,110.63,mL/min/1.73m²,60.0,999.0,NORMAL,2026-04-09
SUBJ059,BASELINE,HBA1C,HbA1c,7.61,%,4.0,5.6,ABNORMAL,2026-02-14
SUBJ059,BASELINE,FPG,Fasting plasma glucose,149.12,mg/dL,70.0,99.0,ABNORMAL,2026-02-14
SUBJ059,BASELINE,INSULIN,Insulin,19.07,µIU/mL,2.6,24.9,NORMAL,2026-02-14
SUBJ059,BASELINE,CPEPTIDE,C-peptide,1.39,ng/mL,1.1,4.4,NORMAL,2026-02-14
SUBJ059,BASELINE,TC,Total cholesterol,211.03,mg/dL,125.0,200.0,ABNORMAL,2026-02-14
SUBJ059,BASELINE,LDL,LDL cholesterol,169.44,mg/dL,0.0,100.0,ABNORMAL,2026-02-14
SUBJ059,BASELINE,HDL,HDL cholesterol,36.3,mg/dL,40.0,999.0,ABNORMAL,2026-02-14
SUBJ059,BASELINE,TG,Triglycerides,122.18,mg/dL,0.0,150.0,NORMAL,2026-02-14
SUBJ059,BASELINE,ALT,Alanine aminotransferase,30.94,U/L,7.0,56.0,NORMAL,2026-02-14
SUBJ059,BASELINE,AST,Aspartate aminotransferase,23.27,U/L,10.0,40.0,NORMAL,2026-02-14
SUBJ059,BASELINE,CREAT,Creatinine,0.88,mg/dL,0.6,1.3,NORMAL,2026-02-14
SUBJ059,BASELINE,EGFR,Estimated glomerular filtration rate,71.65,mL/min/1.73m²,60.0,999.0,NORMAL,2026-02-14
SUBJ059,WEEK4,HBA1C,HbA1c,7.37,%,4.0,5.6,ABNORMAL,2026-03-16
SUBJ059,WEEK4,FPG,Fasting plasma glucose,144.06,mg/dL,70.0,99.0,ABNORMAL,2026-03-16
SUBJ059,WEEK4,INSULIN,Insulin,15.3,µIU/mL,2.6,24.9,NORMAL,2026-03-16
SUBJ059,WEEK4,CPEPTIDE,C-peptide,1.2,ng/mL,1.1,4.4,NORMAL,2026-03-16
SUBJ059,WEEK4,TC,Total cholesterol,203.57,mg/dL,125.0,200.0,ABNORMAL,2026-03-16
SUBJ059,WEEK4,LDL,LDL cholesterol,169.8,mg/dL,0.0,100.0,ABNORMAL,2026-03-16
SUBJ059,WEEK4,HDL,HDL cholesterol,38.57,mg/dL,40.0,999.0,ABNORMAL,2026-03-16
SUBJ059,WEEK4,TG,Triglycerides,95.08,mg/dL,0.0,150.0,NORMAL,2026-03-16
SUBJ059,WEEK4,ALT,Alanine aminotransferase,27.55,U/L,7.0,56.0,NORMAL,2026-03-16
SUBJ059,WEEK4,AST,Aspartate aminotransferase,24.73,U/L,10.0,40.0,NORMAL,2026-03-16
SUBJ059,WEEK4,CREAT,Creatinine,0.86,mg/dL,0.6,1.3,NORMAL,2026-03-16
SUBJ059,WEEK4,EGFR,Estimated glomerular filtration rate,73.68,mL/min/1.73m²,60.0,999.0,NORMAL,2026-03-16
SUBJ059,WEEK8,HBA1C,HbA1c,7.26,%,4.0,5.6,ABNORMAL,2026-04-09
SUBJ059,WEEK8,FPG,Fasting plasma glucose,137.5,mg/dL,70.0,99.0,ABNORMAL,2026-04-09
SUBJ059,WEEK8,INSULIN,Insulin,18.62,µIU/mL,2.6,24.9,NORMAL,2026-04-09
SUBJ059,WEEK8,CPEPTIDE,C-peptide,1.37,ng/mL,1.1,4.4,NORMAL,2026-04-09
SUBJ059,WEEK8,TC,Total cholesterol,218.05,mg/dL,125.0,200.0,ABNORMAL,2026-04-09
SUBJ059,WEEK8,LDL,LDL cholesterol,173.31,mg/dL,0.0,100.0,ABNORMAL,2026-04-09
SUBJ059,WEEK8,HDL,HDL cholesterol,34.57,mg/dL,40.0,999.0,ABNORMAL,2026-04-09
SUBJ059,WEEK8,TG,Triglycerides,98.73,mg/dL,0.0,150.0,NORMAL,2026-04-09
SUBJ059,WEEK8,ALT,Alanine aminotransferase,30.33,U/L,7.0,56.0,NORMAL,2026-04-09
SUBJ059,WEEK8,AST,Aspartate aminotransferase,24.19,U/L,10.0,40.0,NORMAL,2026-04-09
SUBJ059,WEEK8,CREAT,Creatinine,0.83,mg/dL,0.6,1.3,NORMAL,2026-04-09
SUBJ059,WEEK8,EGFR,Estimated glomerular filtration rate,70.52,mL/min/1.73m²,60.0,999.0,NORMAL,2026-04-09
SUBJ059,WEEK12,HBA1C,HbA1c,6.94,%,4.0,5.6,ABNORMAL,2026-05-11
SUBJ059,WEEK12,FPG,Fasting plasma glucose,132.15,mg/dL,70.0,99.0,ABNORMAL,2026-05-11
SUBJ059,WEEK12,INSULIN,Insulin,16.8,µIU/mL,2.6,24.9,NORMAL,2026-05-11
SUBJ059,WEEK12,CPEPTIDE,C-peptide,1.18,ng/mL,1.1,4.4,NORMAL,2026-05-11
SUBJ059,WEEK12,TC,Total cholesterol,210.88,mg/dL,125.0,200.0,ABNORMAL,2026-05-11
SUBJ059,WEEK12,LDL,LDL cholesterol,172.66,mg/dL,0.0,100.0,ABNORMAL,2026-05-11
SUBJ059,WEEK12,HDL,HDL cholesterol,38.59,mg/dL,40.0,999.0,ABNORMAL,2026-05-11
SUBJ059,WEEK12,TG,Triglycerides,93.57,mg/dL,0.0,150.0,NORMAL,2026-05-11
SUBJ059,WEEK12,ALT,Alanine aminotransferase,26.94,U/L,7.0,56.0,NORMAL,2026-05-11
SUBJ059,WEEK12,AST,Aspartate aminotransferase,23.66,U/L,10.0,40.0,NORMAL,2026-05-11
SUBJ059,WEEK12,CREAT,Creatinine,0.88,mg/dL,0.6,1.3,NORMAL,2026-05-11
SUBJ059,WEEK12,EGFR,Estimated glomerular filtration rate,69.0,mL/min/1.73m²,60.0,999.0,NORMAL,2026-05-11
SUBJ060,BASELINE,HBA1C,HbA1c,7.0,%,4.0,5.6,ABNORMAL,2026-02-07
SUBJ060,BASELINE,FPG,Fasting plasma glucose,170.47,mg/dL,70.0,99.0,ABNORMAL,2026-02-07
SUBJ060,BASELINE,INSULIN,Insulin,18.55,µIU/mL,2.6,24.9,NORMAL,2026-02-07
SUBJ060,BASELINE,CPEPTIDE,C-peptide,2.91,ng/mL,1.1,4.4,NORMAL,2026-02-07
SUBJ060,BASELINE,TC,Total cholesterol,223.77,mg/dL,125.0,200.0,ABNORMAL,2026-02-07
SUBJ060,BASELINE,LDL,LDL cholesterol,124.3,mg/dL,0.0,100.0,ABNORMAL,2026-02-07
SUBJ060,BASELINE,HDL,HDL cholesterol,38.73,mg/dL,40.0,999.0,ABNORMAL,2026-02-07
SUBJ060,BASELINE,TG,Triglycerides,119.23,mg/dL,0.0,150.0,NORMAL,2026-02-07
SUBJ060,BASELINE,ALT,Alanine aminotransferase,45.24,U/L,7.0,56.0,NORMAL,2026-02-07
SUBJ060,BASELINE,AST,Aspartate aminotransferase,20.33,U/L,10.0,40.0,NORMAL,2026-02-07
SUBJ060,BASELINE,CREAT,Creatinine,1.14,mg/dL,0.6,1.3,NORMAL,2026-02-07
SUBJ060,BASELINE,EGFR,Estimated glomerular filtration rate,84.12,mL/min/1.73m²,60.0,999.0,NORMAL,2026-02-07
SUBJ060,WEEK4,HBA1C,HbA1c,6.81,%,4.0,5.6,ABNORMAL,2026-03-05
SUBJ060,WEEK4,FPG,Fasting plasma glucose,153.8,mg/dL,70.0,99.0,ABNORMAL,2026-03-05
SUBJ060,WEEK4,INSULIN,Insulin,15.82,µIU/mL,2.6,24.9,NORMAL,2026-03-05
SUBJ060,WEEK4,CPEPTIDE,C-peptide,2.77,ng/mL,1.1,4.4,NORMAL,2026-03-05
SUBJ060,WEEK4,TC,Total cholesterol,225.67,mg/dL,125.0,200.0,ABNORMAL,2026-03-05
SUBJ060,WEEK4,LDL,LDL cholesterol,123.5,mg/dL,0.0,100.0,ABNORMAL,2026-03-05
SUBJ060,WEEK4,HDL,HDL cholesterol,40.82,mg/dL,40.0,999.0,NORMAL,2026-03-05
SUBJ060,WEEK4,TG,Triglycerides,133.78,mg/dL,0.0,150.0,NORMAL,2026-03-05
SUBJ060,WEEK4,ALT,Alanine aminotransferase,41.46,U/L,7.0,56.0,NORMAL,2026-03-05
SUBJ060,WEEK4,AST,Aspartate aminotransferase,22.3,U/L,10.0,40.0,NORMAL,2026-03-05
SUBJ060,WEEK4,CREAT,Creatinine,1.17,mg/dL,0.6,1.3,NORMAL,2026-03-05
SUBJ060,WEEK4,EGFR,Estimated glomerular filtration rate,79.39,mL/min/1.73m²,60.0,999.0,NORMAL,2026-03-05
SUBJ060,WEEK8,HBA1C,HbA1c,6.64,%,4.0,5.6,ABNORMAL,2026-04-02
SUBJ060,WEEK8,FPG,Fasting plasma glucose,146.03,mg/dL,70.0,99.0,ABNORMAL,2026-04-02
SUBJ060,WEEK8,INSULIN,Insulin,14.45,µIU/mL,2.6,24.9,NORMAL,2026-04-02
SUBJ060,WEEK8,CPEPTIDE,C-peptide,2.91,ng/mL,1.1,4.4,NORMAL,2026-04-02
SUBJ060,WEEK8,TC,Total cholesterol,219.74,mg/dL,125.0,200.0,ABNORMAL,2026-04-02
SUBJ060,WEEK8,LDL,LDL cholesterol,124.99,mg/dL,0.0,100.0,ABNORMAL,2026-04-02
SUBJ060,WEEK8,HDL,HDL cholesterol,43.88,mg/dL,40.0,999.0,NORMAL,2026-04-02
SUBJ060,WEEK8,TG,Triglycerides,132.99,mg/dL,0.0,150.0,NORMAL,2026-04-02
SUBJ060,WEEK8,ALT,Alanine aminotransferase,43.7,U/L,7.0,56.0,NORMAL,2026-04-02
SUBJ060,WEEK8,AST,Aspartate aminotransferase,21.02,U/L,10.0,40.0,NORMAL,2026-04-02
SUBJ060,WEEK8,CREAT,Creatinine,1.18,mg/dL,0.6,1.3,NORMAL,2026-04-02
SUBJ060,WEEK8,EGFR,Estimated glomerular filtration rate,80.72,mL/min/1.73m²,60.0,999.0,NORMAL,2026-04-02
SUBJ060,WEEK12,HBA1C,HbA1c,6.3,%,4.0,5.6,ABNORMAL,2026-04-30
SUBJ060,WEEK12,FPG,Fasting plasma glucose,139.56,mg/dL,70.0,99.0,ABNORMAL,2026-04-30
SUBJ060,WEEK12,INSULIN,Insulin,16.61,µIU/mL,2.6,24.9,NORMAL,2026-04-30
SUBJ060,WEEK12,CPEPTIDE,C-peptide,2.79,ng/mL,1.1,4.4,NORMAL,2026-04-30
SUBJ060,WEEK12,TC,Total cholesterol,215.88,mg/dL,125.0,200.0,ABNORMAL,2026-04-30
SUBJ060,WEEK12,LDL,LDL cholesterol,125.69,mg/dL,0.0,100.0,ABNORMAL,2026-04-30
SUBJ060,WEEK12,HDL,HDL cholesterol,39.0,mg/dL,40.0,999.0,ABNORMAL,2026-04-30
SUBJ060,WEEK12,TG,Triglycerides,124.97,mg/dL,0.0,150.0,NORMAL,2026-04-30
SUBJ060,WEEK12,ALT,Alanine aminotransferase,49.58,U/L,7.0,56.0,NORMAL,2026-04-30
SUBJ060,WEEK12,AST,Aspartate aminotransferase,22.31,U/L,10.0,40.0,NORMAL,2026-04-30
SUBJ060,WEEK12,CREAT,Creatinine,1.19,mg/dL,0.6,1.3,NORMAL,2026-04-30
SUBJ060,WEEK12,EGFR,Estimated glomerular filtration rate,74.12,mL/min/1.73m²,60.0,999.0,NORMAL,2026-04-30
SUBJ061,BASELINE,HBA1C,HbA1c,8.47,%,4.0,5.6,ABNORMAL,2026-01-28
SUBJ061,BASELINE,FPG,Fasting plasma glucose,164.4,mg/dL,70.0,99.0,ABNORMAL,2026-01-28
SUBJ061,BASELINE,INSULIN,Insulin,15.8,µIU/mL,2.6,24.9,NORMAL,2026-01-28
SUBJ061,BASELINE,CPEPTIDE,C-peptide,3.3,ng/mL,1.1,4.4,NORMAL,2026-01-28
SUBJ061,BASELINE,TC,Total cholesterol,186.49,mg/dL,125.0,200.0,NORMAL,2026-01-28
SUBJ061,BASELINE,LDL,LDL cholesterol,136.92,mg/dL,0.0,100.0,ABNORMAL,2026-01-28
SUBJ061,BASELINE,HDL,HDL cholesterol,50.03,mg/dL,40.0,999.0,NORMAL,2026-01-28
SUBJ061,BASELINE,TG,Triglycerides,151.21,mg/dL,0.0,150.0,ABNORMAL,2026-01-28
SUBJ061,BASELINE,ALT,Alanine aminotransferase,12.78,U/L,7.0,56.0,NORMAL,2026-01-28
SUBJ061,BASELINE,AST,Aspartate aminotransferase,31.06,U/L,10.0,40.0,NORMAL,2026-01-28
SUBJ061,BASELINE,CREAT,Creatinine,0.92,mg/dL,0.6,1.3,NORMAL,2026-01-28
SUBJ061,BASELINE,EGFR,Estimated glomerular filtration rate,89.22,mL/min/1.73m²,60.0,999.0,NORMAL,2026-01-28
SUBJ061,WEEK4,HBA1C,HbA1c,8.34,%,4.0,5.6,ABNORMAL,2026-02-27
SUBJ061,WEEK4,FPG,Fasting plasma glucose,156.26,mg/dL,70.0,99.0,ABNORMAL,2026-02-27
SUBJ061,WEEK4,INSULIN,Insulin,14.78,µIU/mL,2.6,24.9,NORMAL,2026-02-27
SUBJ061,WEEK4,CPEPTIDE,C-peptide,3.29,ng/mL,1.1,4.4,NORMAL,2026-02-27
SUBJ061,WEEK4,TC,Total cholesterol,190.17,mg/dL,125.0,200.0,NORMAL,2026-02-27
SUBJ061,WEEK4,LDL,LDL cholesterol,133.56,mg/dL,0.0,100.0,ABNORMAL,2026-02-27
SUBJ061,WEEK4,HDL,HDL cholesterol,54.03,mg/dL,40.0,999.0,NORMAL,2026-02-27
SUBJ061,WEEK4,TG,Triglycerides,138.6,mg/dL,0.0,150.0,NORMAL,2026-02-27
SUBJ061,WEEK4,ALT,Alanine aminotransferase,13.67,U/L,7.0,56.0,NORMAL,2026-02-27
SUBJ061,WEEK4,AST,Aspartate aminotransferase,28.17,U/L,10.0,40.0,NORMAL,2026-02-27
SUBJ061,WEEK4,CREAT,Creatinine,0.93,mg/dL,0.6,1.3,NORMAL,2026-02-27
SUBJ061,WEEK4,EGFR,Estimated glomerular filtration rate,88.92,mL/min/1.73m²,60.0,999.0,NORMAL,2026-02-27
SUBJ061,WEEK8,HBA1C,HbA1c,8.23,%,4.0,5.6,ABNORMAL,2026-03-27
SUBJ061,WEEK8,FPG,Fasting plasma glucose,157.39,mg/dL,70.0,99.0,ABNORMAL,2026-03-27
SUBJ061,WEEK8,INSULIN,Insulin,16.74,µIU/mL,2.6,24.9,NORMAL,2026-03-27
SUBJ061,WEEK8,CPEPTIDE,C-peptide,3.3,ng/mL,1.1,4.4,NORMAL,2026-03-27
SUBJ061,WEEK8,TC,Total cholesterol,186.77,mg/dL,125.0,200.0,NORMAL,2026-03-27
SUBJ061,WEEK8,LDL,LDL cholesterol,136.17,mg/dL,0.0,100.0,ABNORMAL,2026-03-27
SUBJ061,WEEK8,HDL,HDL cholesterol,52.37,mg/dL,40.0,999.0,NORMAL,2026-03-27
SUBJ061,WEEK8,TG,Triglycerides,148.49,mg/dL,0.0,150.0,NORMAL,2026-03-27
SUBJ061,WEEK8,ALT,Alanine aminotransferase,16.29,U/L,7.0,56.0,NORMAL,2026-03-27
SUBJ061,WEEK8,AST,Aspartate aminotransferase,35.41,U/L,10.0,40.0,NORMAL,2026-03-27
SUBJ061,WEEK8,CREAT,Creatinine,0.96,mg/dL,0.6,1.3,NORMAL,2026-03-27
SUBJ061,WEEK8,EGFR,Estimated glomerular filtration rate,90.9,mL/min/1.73m²,60.0,999.0,NORMAL,2026-03-27
SUBJ061,WEEK12,HBA1C,HbA1c,8.11,%,4.0,5.6,ABNORMAL,2026-04-20
SUBJ061,WEEK12,FPG,Fasting plasma glucose,148.76,mg/dL,70.0,99.0,ABNORMAL,2026-04-20
SUBJ061,WEEK12,INSULIN,Insulin,15.16,µIU/mL,2.6,24.9,NORMAL,2026-04-20
SUBJ061,WEEK12,CPEPTIDE,C-peptide,3.37,ng/mL,1.1,4.4,NORMAL,2026-04-20
SUBJ061,WEEK12,TC,Total cholesterol,188.47,mg/dL,125.0,200.0,NORMAL,2026-04-20
SUBJ061,WEEK12,LDL,LDL cholesterol,134.1,mg/dL,0.0,100.0,ABNORMAL,2026-04-20
SUBJ061,WEEK12,HDL,HDL cholesterol,52.41,mg/dL,40.0,999.0,NORMAL,2026-04-20
SUBJ061,WEEK12,TG,Triglycerides,155.9,mg/dL,0.0,150.0,ABNORMAL,2026-04-20
SUBJ061,WEEK12,ALT,Alanine aminotransferase,18.61,U/L,7.0,56.0,NORMAL,2026-04-20
SUBJ061,WEEK12,AST,Aspartate aminotransferase,28.71,U/L,10.0,40.0,NORMAL,2026-04-20
SUBJ061,WEEK12,CREAT,Creatinine,1.01,mg/dL,0.6,1.3,NORMAL,2026-04-20
SUBJ061,WEEK12,EGFR,Estimated glomerular filtration rate,91.94,mL/min/1.73m²,60.0,999.0,NORMAL,2026-04-20
SUBJ062,BASELINE,HBA1C,HbA1c,8.14,%,4.0,5.6,ABNORMAL,2026-02-09
SUBJ062,BASELINE,FPG,Fasting plasma glucose,201.08,mg/dL,70.0,99.0,ABNORMAL,2026-02-09
SUBJ062,BASELINE,INSULIN,Insulin,14.6,µIU/mL,2.6,24.9,NORMAL,2026-02-09
SUBJ062,BASELINE,CPEPTIDE,C-peptide,2.29,ng/mL,1.1,4.4,NORMAL,2026-02-09
SUBJ062,BASELINE,TC,Total cholesterol,198.93,mg/dL,125.0,200.0,NORMAL,2026-02-09
SUBJ062,BASELINE,LDL,LDL cholesterol,116.82,mg/dL,0.0,100.0,ABNORMAL,2026-02-09
SUBJ062,BASELINE,HDL,HDL cholesterol,55.85,mg/dL,40.0,999.0,NORMAL,2026-02-09
SUBJ062,BASELINE,TG,Triglycerides,185.85,mg/dL,0.0,150.0,ABNORMAL,2026-02-09
SUBJ062,BASELINE,ALT,Alanine aminotransferase,34.41,U/L,7.0,56.0,NORMAL,2026-02-09
SUBJ062,BASELINE,AST,Aspartate aminotransferase,20.66,U/L,10.0,40.0,NORMAL,2026-02-09
SUBJ062,BASELINE,CREAT,Creatinine,0.61,mg/dL,0.6,1.3,NORMAL,2026-02-09
SUBJ062,BASELINE,EGFR,Estimated glomerular filtration rate,89.23,mL/min/1.73m²,60.0,999.0,NORMAL,2026-02-09
SUBJ062,WEEK4,HBA1C,HbA1c,8.37,%,4.0,5.6,ABNORMAL,2026-03-11
SUBJ062,WEEK4,FPG,Fasting plasma glucose,193.35,mg/dL,70.0,99.0,ABNORMAL,2026-03-11
SUBJ062,WEEK4,INSULIN,Insulin,12.62,µIU/mL,2.6,24.9,NORMAL,2026-03-11
SUBJ062,WEEK4,CPEPTIDE,C-peptide,2.55,ng/mL,1.1,4.4,NORMAL,2026-03-11
SUBJ062,WEEK4,TC,Total cholesterol,198.49,mg/dL,125.0,200.0,NORMAL,2026-03-11
SUBJ062,WEEK4,LDL,LDL cholesterol,117.76,mg/dL,0.0,100.0,ABNORMAL,2026-03-11
SUBJ062,WEEK4,HDL,HDL cholesterol,50.85,mg/dL,40.0,999.0,NORMAL,2026-03-11
SUBJ062,WEEK4,TG,Triglycerides,195.66,mg/dL,0.0,150.0,ABNORMAL,2026-03-11
SUBJ062,WEEK4,ALT,Alanine aminotransferase,34.09,U/L,7.0,56.0,NORMAL,2026-03-11
SUBJ062,WEEK4,AST,Aspartate aminotransferase,20.86,U/L,10.0,40.0,NORMAL,2026-03-11
SUBJ062,WEEK4,CREAT,Creatinine,0.68,mg/dL,0.6,1.3,NORMAL,2026-03-11
SUBJ062,WEEK4,EGFR,Estimated glomerular filtration rate,87.3,mL/min/1.73m²,60.0,999.0,NORMAL,2026-03-11
SUBJ062,WEEK8,HBA1C,HbA1c,7.97,%,4.0,5.6,ABNORMAL,2026-04-06
SUBJ062,WEEK8,FPG,Fasting plasma glucose,193.55,mg/dL,70.0,99.0,ABNORMAL,2026-04-06
SUBJ062,WEEK8,INSULIN,Insulin,14.78,µIU/mL,2.6,24.9,NORMAL,2026-04-06
SUBJ062,WEEK8,CPEPTIDE,C-peptide,2.25,ng/mL,1.1,4.4,NORMAL,2026-04-06
SUBJ062,WEEK8,TC,Total cholesterol,185.3,mg/dL,125.0,200.0,NORMAL,2026-04-06
SUBJ062,WEEK8,LDL,LDL cholesterol,110.77,mg/dL,0.0,100.0,ABNORMAL,2026-04-06
SUBJ062,WEEK8,HDL,HDL cholesterol,51.38,mg/dL,40.0,999.0,NORMAL,2026-04-06
SUBJ062,WEEK8,TG,Triglycerides,167.1,mg/dL,0.0,150.0,ABNORMAL,2026-04-06
SUBJ062,WEEK8,ALT,Alanine aminotransferase,34.78,U/L,7.0,56.0,NORMAL,2026-04-06
SUBJ062,WEEK8,AST,Aspartate aminotransferase,19.99,U/L,10.0,40.0,NORMAL,2026-04-06
SUBJ062,WEEK8,CREAT,Creatinine,0.66,mg/dL,0.6,1.3,NORMAL,2026-04-06
SUBJ062,WEEK8,EGFR,Estimated glomerular filtration rate,85.08,mL/min/1.73m²,60.0,999.0,NORMAL,2026-04-06
SUBJ062,WEEK12,HBA1C,HbA1c,8.07,%,4.0,5.6,ABNORMAL,2026-05-06
SUBJ062,WEEK12,FPG,Fasting plasma glucose,186.43,mg/dL,70.0,99.0,ABNORMAL,2026-05-06
SUBJ062,WEEK12,INSULIN,Insulin,11.96,µIU/mL,2.6,24.9,NORMAL,2026-05-06
SUBJ062,WEEK12,CPEPTIDE,C-peptide,2.45,ng/mL,1.1,4.4,NORMAL,2026-05-06
SUBJ062,WEEK12,TC,Total cholesterol,190.74,mg/dL,125.0,200.0,NORMAL,2026-05-06
SUBJ062,WEEK12,LDL,LDL cholesterol,109.35,mg/dL,0.0,100.0,ABNORMAL,2026-05-06
SUBJ062,WEEK12,HDL,HDL cholesterol,56.3,mg/dL,40.0,999.0,NORMAL,2026-05-06
SUBJ062,WEEK12,TG,Triglycerides,176.0,mg/dL,0.0,150.0,ABNORMAL,2026-05-06
SUBJ062,WEEK12,ALT,Alanine aminotransferase,36.17,U/L,7.0,56.0,NORMAL,2026-05-06
SUBJ062,WEEK12,AST,Aspartate aminotransferase,20.0,U/L,10.0,40.0,NORMAL,2026-05-06
SUBJ062,WEEK12,CREAT,Creatinine,0.64,mg/dL,0.6,1.3,NORMAL,2026-05-06
SUBJ062,WEEK12,EGFR,Estimated glomerular filtration rate,86.84,mL/min/1.73m²,60.0,999.0,NORMAL,2026-05-06
SUBJ063,BASELINE,HBA1C,HbA1c,8.22,%,4.0,5.6,ABNORMAL,2026-01-18
SUBJ063,BASELINE,FPG,Fasting plasma glucose,148.09,mg/dL,70.0,99.0,ABNORMAL,2026-01-18
SUBJ063,BASELINE,INSULIN,Insulin,25.97,µIU/mL,2.6,24.9,ABNORMAL,2026-01-18
SUBJ063,BASELINE,CPEPTIDE,C-peptide,2.38,ng/mL,1.1,4.4,NORMAL,2026-01-18
SUBJ063,BASELINE,TC,Total cholesterol,197.99,mg/dL,125.0,200.0,NORMAL,2026-01-18
SUBJ063,BASELINE,LDL,LDL cholesterol,96.44,mg/dL,0.0,100.0,NORMAL,2026-01-18
SUBJ063,BASELINE,HDL,HDL cholesterol,42.04,mg/dL,40.0,999.0,NORMAL,2026-01-18
SUBJ063,BASELINE,TG,Triglycerides,43.36,mg/dL,0.0,150.0,NORMAL,2026-01-18
SUBJ063,BASELINE,ALT,Alanine aminotransferase,21.69,U/L,7.0,56.0,NORMAL,2026-01-18
SUBJ063,BASELINE,AST,Aspartate aminotransferase,29.01,U/L,10.0,40.0,NORMAL,2026-01-18
SUBJ063,BASELINE,CREAT,Creatinine,0.85,mg/dL,0.6,1.3,NORMAL,2026-01-18
SUBJ063,BASELINE,EGFR,Estimated glomerular filtration rate,91.4,mL/min/1.73m²,60.0,999.0,NORMAL,2026-01-18
SUBJ063,WEEK4,HBA1C,HbA1c,8.09,%,4.0,5.6,ABNORMAL,2026-02-17
SUBJ063,WEEK4,FPG,Fasting plasma glucose,142.98,mg/dL,70.0,99.0,ABNORMAL,2026-02-17
SUBJ063,WEEK4,INSULIN,Insulin,24.38,µIU/mL,2.6,24.9,NORMAL,2026-02-17
SUBJ063,WEEK4,CPEPTIDE,C-peptide,2.39,ng/mL,1.1,4.4,NORMAL,2026-02-17
SUBJ063,WEEK4,TC,Total cholesterol,204.55,mg/dL,125.0,200.0,ABNORMAL,2026-02-17
SUBJ063,WEEK4,LDL,LDL cholesterol,103.21,mg/dL,0.0,100.0,ABNORMAL,2026-02-17
SUBJ063,WEEK4,HDL,HDL cholesterol,44.12,mg/dL,40.0,999.0,NORMAL,2026-02-17
SUBJ063,WEEK4,TG,Triglycerides,76.18,mg/dL,0.0,150.0,NORMAL,2026-02-17
SUBJ063,WEEK4,ALT,Alanine aminotransferase,22.87,U/L,7.0,56.0,NORMAL,2026-02-17
SUBJ063,WEEK4,AST,Aspartate aminotransferase,28.32,U/L,10.0,40.0,NORMAL,2026-02-17
SUBJ063,WEEK4,CREAT,Creatinine,0.9,mg/dL,0.6,1.3,NORMAL,2026-02-17
SUBJ063,WEEK4,EGFR,Estimated glomerular filtration rate,91.75,mL/min/1.73m²,60.0,999.0,NORMAL,2026-02-17
SUBJ063,WEEK8,HBA1C,HbA1c,8.02,%,4.0,5.6,ABNORMAL,2026-03-16
SUBJ063,WEEK8,FPG,Fasting plasma glucose,148.54,mg/dL,70.0,99.0,ABNORMAL,2026-03-16
SUBJ063,WEEK8,INSULIN,Insulin,23.3,µIU/mL,2.6,24.9,NORMAL,2026-03-16
SUBJ063,WEEK8,CPEPTIDE,C-peptide,2.56,ng/mL,1.1,4.4,NORMAL,2026-03-16
SUBJ063,WEEK8,TC,Total cholesterol,210.46,mg/dL,125.0,200.0,ABNORMAL,2026-03-16
SUBJ063,WEEK8,LDL,LDL cholesterol,99.97,mg/dL,0.0,100.0,NORMAL,2026-03-16
SUBJ063,WEEK8,HDL,HDL cholesterol,43.68,mg/dL,40.0,999.0,NORMAL,2026-03-16
SUBJ063,WEEK8,TG,Triglycerides,44.53,mg/dL,0.0,150.0,NORMAL,2026-03-16
SUBJ063,WEEK8,ALT,Alanine aminotransferase,15.74,U/L,7.0,56.0,NORMAL,2026-03-16
SUBJ063,WEEK8,AST,Aspartate aminotransferase,32.01,U/L,10.0,40.0,NORMAL,2026-03-16
SUBJ063,WEEK8,CREAT,Creatinine,0.83,mg/dL,0.6,1.3,NORMAL,2026-03-16
SUBJ063,WEEK8,EGFR,Estimated glomerular filtration rate,88.22,mL/min/1.73m²,60.0,999.0,NORMAL,2026-03-16
SUBJ063,WEEK12,HBA1C,HbA1c,7.9,%,4.0,5.6,ABNORMAL,2026-04-10
SUBJ063,WEEK12,FPG,Fasting plasma glucose,137.45,mg/dL,70.0,99.0,ABNORMAL,2026-04-10
SUBJ063,WEEK12,INSULIN,Insulin,23.21,µIU/mL,2.6,24.9,NORMAL,2026-04-10
SUBJ063,WEEK12,CPEPTIDE,C-peptide,2.45,ng/mL,1.1,4.4,NORMAL,2026-04-10
SUBJ063,WEEK12,TC,Total cholesterol,206.33,mg/dL,125.0,200.0,ABNORMAL,2026-04-10
SUBJ063,WEEK12,LDL,LDL cholesterol,92.6,mg/dL,0.0,100.0,NORMAL,2026-04-10
SUBJ063,WEEK12,HDL,HDL cholesterol,47.76,mg/dL,40.0,999.0,NORMAL,2026-04-10
SUBJ063,WEEK12,TG,Triglycerides,64.84,mg/dL,0.0,150.0,NORMAL,2026-04-10
SUBJ063,WEEK12,ALT,Alanine aminotransferase,23.45,U/L,7.0,56.0,NORMAL,2026-04-10
SUBJ063,WEEK12,AST,Aspartate aminotransferase,27.22,U/L,10.0,40.0,NORMAL,2026-04-10
SUBJ063,WEEK12,CREAT,Creatinine,0.8,mg/dL,0.6,1.3,NORMAL,2026-04-10
SUBJ063,WEEK12,EGFR,Estimated glomerular filtration rate,91.01,mL/min/1.73m²,60.0,999.0,NORMAL,2026-04-10
SUBJ064,BASELINE,HBA1C,HbA1c,9.19,%,4.0,5.6,ABNORMAL,2026-01-08
SUBJ064,BASELINE,FPG,Fasting plasma glucose,142.47,mg/dL,70.0,99.0,ABNORMAL,2026-01-08
SUBJ064,BASELINE,INSULIN,Insulin,8.36,µIU/mL,2.6,24.9,NORMAL,2026-01-08
SUBJ064,BASELINE,CPEPTIDE,C-peptide,1.77,ng/mL,1.1,4.4,NORMAL,2026-01-08
SUBJ064,BASELINE,TC,Total cholesterol,189.65,mg/dL,125.0,200.0,NORMAL,2026-01-08
SUBJ064,BASELINE,LDL,LDL cholesterol,106.29,mg/dL,0.0,100.0,ABNORMAL,2026-01-08
SUBJ064,BASELINE,HDL,HDL cholesterol,49.69,mg/dL,40.0,999.0,NORMAL,2026-01-08
SUBJ064,BASELINE,TG,Triglycerides,63.91,mg/dL,0.0,150.0,NORMAL,2026-01-08
SUBJ064,BASELINE,ALT,Alanine aminotransferase,14.53,U/L,7.0,56.0,NORMAL,2026-01-08
SUBJ064,BASELINE,AST,Aspartate aminotransferase,27.0,U/L,10.0,40.0,NORMAL,2026-01-08
SUBJ064,BASELINE,CREAT,Creatinine,1.04,mg/dL,0.6,1.3,NORMAL,2026-01-08
SUBJ064,BASELINE,EGFR,Estimated glomerular filtration rate,59.91,mL/min/1.73m²,60.0,999.0,ABNORMAL,2026-01-08
SUBJ064,WEEK4,HBA1C,HbA1c,9.14,%,4.0,5.6,ABNORMAL,2026-02-06
SUBJ064,WEEK4,FPG,Fasting plasma glucose,125.76,mg/dL,70.0,99.0,ABNORMAL,2026-02-06
SUBJ064,WEEK4,INSULIN,Insulin,7.13,µIU/mL,2.6,24.9,NORMAL,2026-02-06
SUBJ064,WEEK4,CPEPTIDE,C-peptide,1.87,ng/mL,1.1,4.4,NORMAL,2026-02-06
SUBJ064,WEEK4,TC,Total cholesterol,206.82,mg/dL,125.0,200.0,ABNORMAL,2026-02-06
SUBJ064,WEEK4,LDL,LDL cholesterol,104.85,mg/dL,0.0,100.0,ABNORMAL,2026-02-06
SUBJ064,WEEK4,HDL,HDL cholesterol,55.2,mg/dL,40.0,999.0,NORMAL,2026-02-06
SUBJ064,WEEK4,TG,Triglycerides,69.27,mg/dL,0.0,150.0,NORMAL,2026-02-06
SUBJ064,WEEK4,ALT,Alanine aminotransferase,20.65,U/L,7.0,56.0,NORMAL,2026-02-06
SUBJ064,WEEK4,AST,Aspartate aminotransferase,24.52,U/L,10.0,40.0,NORMAL,2026-02-06
SUBJ064,WEEK4,CREAT,Creatinine,1.03,mg/dL,0.6,1.3,NORMAL,2026-02-06
SUBJ064,WEEK4,EGFR,Estimated glomerular filtration rate,59.97,mL/min/1.73m²,60.0,999.0,ABNORMAL,2026-02-06
SUBJ064,WEEK8,HBA1C,HbA1c,8.89,%,4.0,5.6,ABNORMAL,2026-03-04
SUBJ064,WEEK8,FPG,Fasting plasma glucose,124.37,mg/dL,70.0,99.0,ABNORMAL,2026-03-04
SUBJ064,WEEK8,INSULIN,Insulin,8.51,µIU/mL,2.6,24.9,NORMAL,2026-03-04
SUBJ064,WEEK8,CPEPTIDE,C-peptide,1.68,ng/mL,1.1,4.4,NORMAL,2026-03-04
SUBJ064,WEEK8,TC,Total cholesterol,193.0,mg/dL,125.0,200.0,NORMAL,2026-03-04
SUBJ064,WEEK8,LDL,LDL cholesterol,102.39,mg/dL,0.0,100.0,ABNORMAL,2026-03-04
SUBJ064,WEEK8,HDL,HDL cholesterol,53.1,mg/dL,40.0,999.0,NORMAL,2026-03-04
SUBJ064,WEEK8,TG,Triglycerides,66.04,mg/dL,0.0,150.0,NORMAL,2026-03-04
SUBJ064,WEEK8,ALT,Alanine aminotransferase,17.53,U/L,7.0,56.0,NORMAL,2026-03-04
SUBJ064,WEEK8,AST,Aspartate aminotransferase,26.28,U/L,10.0,40.0,NORMAL,2026-03-04
SUBJ064,WEEK8,CREAT,Creatinine,1.01,mg/dL,0.6,1.3,NORMAL,2026-03-04
SUBJ064,WEEK8,EGFR,Estimated glomerular filtration rate,59.14,mL/min/1.73m²,60.0,999.0,ABNORMAL,2026-03-04
SUBJ064,WEEK12,HBA1C,HbA1c,8.42,%,4.0,5.6,ABNORMAL,2026-03-31
SUBJ064,WEEK12,FPG,Fasting plasma glucose,126.64,mg/dL,70.0,99.0,ABNORMAL,2026-03-31
SUBJ064,WEEK12,INSULIN,Insulin,7.96,µIU/mL,2.6,24.9,NORMAL,2026-03-31
SUBJ064,WEEK12,CPEPTIDE,C-peptide,1.73,ng/mL,1.1,4.4,NORMAL,2026-03-31
SUBJ064,WEEK12,TC,Total cholesterol,189.93,mg/dL,125.0,200.0,NORMAL,2026-03-31
SUBJ064,WEEK12,LDL,LDL cholesterol,113.21,mg/dL,0.0,100.0,ABNORMAL,2026-03-31
SUBJ064,WEEK12,HDL,HDL cholesterol,55.42,mg/dL,40.0,999.0,NORMAL,2026-03-31
SUBJ064,WEEK12,TG,Triglycerides,57.69,mg/dL,0.0,150.0,NORMAL,2026-03-31
SUBJ064,WEEK12,ALT,Alanine aminotransferase,23.57,U/L,7.0,56.0,NORMAL,2026-03-31
SUBJ064,WEEK12,AST,Aspartate aminotransferase,21.46,U/L,10.0,40.0,NORMAL,2026-03-31
SUBJ064,WEEK12,CREAT,Creatinine,0.99,mg/dL,0.6,1.3,NORMAL,2026-03-31
SUBJ064,WEEK12,EGFR,Estimated glomerular filtration rate,61.31,mL/min/1.73m²,60.0,999.0,NORMAL,2026-03-31
SUBJ065,BASELINE,HBA1C,HbA1c,9.09,%,4.0,5.6,ABNORMAL,2026-01-24
SUBJ065,BASELINE,FPG,Fasting plasma glucose,186.46,mg/dL,70.0,99.0,ABNORMAL,2026-01-24
SUBJ065,BASELINE,INSULIN,Insulin,24.72,µIU/mL,2.6,24.9,NORMAL,2026-01-24
SUBJ065,BASELINE,CPEPTIDE,C-peptide,1.96,ng/mL,1.1,4.4,NORMAL,2026-01-24
SUBJ065,BASELINE,TC,Total cholesterol,132.84,mg/dL,125.0,200.0,NORMAL,2026-01-24
SUBJ065,BASELINE,LDL,LDL cholesterol,123.57,mg/dL,0.0,100.0,ABNORMAL,2026-01-24
SUBJ065,BASELINE,HDL,HDL cholesterol,55.38,mg/dL,40.0,999.0,NORMAL,2026-01-24
SUBJ065,BASELINE,TG,Triglycerides,82.82,mg/dL,0.0,150.0,NORMAL,2026-01-24
SUBJ065,BASELINE,ALT,Alanine aminotransferase,11.84,U/L,7.0,56.0,NORMAL,2026-01-24
SUBJ065,BASELINE,AST,Aspartate aminotransferase,23.88,U/L,10.0,40.0,NORMAL,2026-01-24
SUBJ065,BASELINE,CREAT,Creatinine,0.67,mg/dL,0.6,1.3,NORMAL,2026-01-24
SUBJ065,BASELINE,EGFR,Estimated glomerular filtration rate,71.01,mL/min/1.73m²,60.0,999.0,NORMAL,2026-01-24
SUBJ065,WEEK4,HBA1C,HbA1c,9.15,%,4.0,5.6,ABNORMAL,2026-02-23
SUBJ065,WEEK4,FPG,Fasting plasma glucose,178.76,mg/dL,70.0,99.0,ABNORMAL,2026-02-23
SUBJ065,WEEK4,INSULIN,Insulin,23.55,µIU/mL,2.6,24.9,NORMAL,2026-02-23
SUBJ065,WEEK4,CPEPTIDE,C-peptide,2.12,ng/mL,1.1,4.4,NORMAL,2026-02-23
SUBJ065,WEEK4,TC,Total cholesterol,125.16,mg/dL,125.0,200.0,NORMAL,2026-02-23
SUBJ065,WEEK4,LDL,LDL cholesterol,123.94,mg/dL,0.0,100.0,ABNORMAL,2026-02-23
SUBJ065,WEEK4,HDL,HDL cholesterol,51.11,mg/dL,40.0,999.0,NORMAL,2026-02-23
SUBJ065,WEEK4,TG,Triglycerides,91.8,mg/dL,0.0,150.0,NORMAL,2026-02-23
SUBJ065,WEEK4,ALT,Alanine aminotransferase,13.43,U/L,7.0,56.0,NORMAL,2026-02-23
SUBJ065,WEEK4,AST,Aspartate aminotransferase,24.5,U/L,10.0,40.0,NORMAL,2026-02-23
SUBJ065,WEEK4,CREAT,Creatinine,0.64,mg/dL,0.6,1.3,NORMAL,2026-02-23
SUBJ065,WEEK4,EGFR,Estimated glomerular filtration rate,66.69,mL/min/1.73m²,60.0,999.0,NORMAL,2026-02-23
SUBJ065,WEEK8,HBA1C,HbA1c,9.06,%,4.0,5.6,ABNORMAL,2026-03-21
SUBJ065,WEEK8,FPG,Fasting plasma glucose,159.56,mg/dL,70.0,99.0,ABNORMAL,2026-03-21
SUBJ065,WEEK8,INSULIN,Insulin,22.79,µIU/mL,2.6,24.9,NORMAL,2026-03-21
SUBJ065,WEEK8,CPEPTIDE,C-peptide,1.98,ng/mL,1.1,4.4,NORMAL,2026-03-21
SUBJ065,WEEK8,TC,Total cholesterol,132.76,mg/dL,125.0,200.0,NORMAL,2026-03-21
SUBJ065,WEEK8,LDL,LDL cholesterol,119.42,mg/dL,0.0,100.0,ABNORMAL,2026-03-21
SUBJ065,WEEK8,HDL,HDL cholesterol,47.47,mg/dL,40.0,999.0,NORMAL,2026-03-21
SUBJ065,WEEK8,TG,Triglycerides,78.75,mg/dL,0.0,150.0,NORMAL,2026-03-21
SUBJ065,WEEK8,ALT,Alanine aminotransferase,14.53,U/L,7.0,56.0,NORMAL,2026-03-21
SUBJ065,WEEK8,AST,Aspartate aminotransferase,23.48,U/L,10.0,40.0,NORMAL,2026-03-21
SUBJ065,WEEK8,CREAT,Creatinine,0.7,mg/dL,0.6,1.3,NORMAL,2026-03-21
SUBJ065,WEEK8,EGFR,Estimated glomerular filtration rate,68.49,mL/min/1.73m²,60.0,999.0,NORMAL,2026-03-21
SUBJ065,WEEK12,HBA1C,HbA1c,8.68,%,4.0,5.6,ABNORMAL,2026-04-16
SUBJ065,WEEK12,FPG,Fasting plasma glucose,164.57,mg/dL,70.0,99.0,ABNORMAL,2026-04-16
SUBJ065,WEEK12,INSULIN,Insulin,22.92,µIU/mL,2.6,24.9,NORMAL,2026-04-16
SUBJ065,WEEK12,CPEPTIDE,C-peptide,2.14,ng/mL,1.1,4.4,NORMAL,2026-04-16
SUBJ065,WEEK12,TC,Total cholesterol,119.12,mg/dL,125.0,200.0,ABNORMAL,2026-04-16
SUBJ065,WEEK12,LDL,LDL cholesterol,117.82,mg/dL,0.0,100.0,ABNORMAL,2026-04-16
SUBJ065,WEEK12,HDL,HDL cholesterol,51.06,mg/dL,40.0,999.0,NORMAL,2026-04-16
SUBJ065,WEEK12,TG,Triglycerides,89.7,mg/dL,0.0,150.0,NORMAL,2026-04-16
SUBJ065,WEEK12,ALT,Alanine aminotransferase,17.82,U/L,7.0,56.0,NORMAL,2026-04-16
SUBJ065,WEEK12,AST,Aspartate aminotransferase,24.67,U/L,10.0,40.0,NORMAL,2026-04-16
SUBJ065,WEEK12,CREAT,Creatinine,0.71,mg/dL,0.6,1.3,NORMAL,2026-04-16
SUBJ065,WEEK12,EGFR,Estimated glomerular filtration rate,67.58,mL/min/1.73m²,60.0,999.0,NORMAL,2026-04-16
SUBJ066,BASELINE,HBA1C,HbA1c,6.97,%,4.0,5.6,ABNORMAL,2026-01-20
SUBJ066,BASELINE,FPG,Fasting plasma glucose,139.13,mg/dL,70.0,99.0,ABNORMAL,2026-01-20
SUBJ066,BASELINE,INSULIN,Insulin,17.11,µIU/mL,2.6,24.9,NORMAL,2026-01-20
SUBJ066,BASELINE,CPEPTIDE,C-peptide,2.78,ng/mL,1.1,4.4,NORMAL,2026-01-20
SUBJ066,BASELINE,TC,Total cholesterol,219.43,mg/dL,125.0,200.0,ABNORMAL,2026-01-20
SUBJ066,BASELINE,LDL,LDL cholesterol,96.6,mg/dL,0.0,100.0,NORMAL,2026-01-20
SUBJ066,BASELINE,HDL,HDL cholesterol,48.77,mg/dL,40.0,999.0,NORMAL,2026-01-20
SUBJ066,BASELINE,TG,Triglycerides,183.1,mg/dL,0.0,150.0,ABNORMAL,2026-01-20
SUBJ066,BASELINE,ALT,Alanine aminotransferase,29.05,U/L,7.0,56.0,NORMAL,2026-01-20
SUBJ066,BASELINE,AST,Aspartate aminotransferase,30.11,U/L,10.0,40.0,NORMAL,2026-01-20
SUBJ066,BASELINE,CREAT,Creatinine,1.16,mg/dL,0.6,1.3,NORMAL,2026-01-20
SUBJ066,BASELINE,EGFR,Estimated glomerular filtration rate,77.09,mL/min/1.73m²,60.0,999.0,NORMAL,2026-01-20
SUBJ066,WEEK4,HBA1C,HbA1c,6.85,%,4.0,5.6,ABNORMAL,2026-02-15
SUBJ066,WEEK4,FPG,Fasting plasma glucose,134.69,mg/dL,70.0,99.0,ABNORMAL,2026-02-15
SUBJ066,WEEK4,INSULIN,Insulin,18.15,µIU/mL,2.6,24.9,NORMAL,2026-02-15
SUBJ066,WEEK4,CPEPTIDE,C-peptide,2.51,ng/mL,1.1,4.4,NORMAL,2026-02-15
SUBJ066,WEEK4,TC,Total cholesterol,210.8,mg/dL,125.0,200.0,ABNORMAL,2026-02-15
SUBJ066,WEEK4,LDL,LDL cholesterol,95.14,mg/dL,0.0,100.0,NORMAL,2026-02-15
SUBJ066,WEEK4,HDL,HDL cholesterol,51.71,mg/dL,40.0,999.0,NORMAL,2026-02-15
SUBJ066,WEEK4,TG,Triglycerides,176.65,mg/dL,0.0,150.0,ABNORMAL,2026-02-15
SUBJ066,WEEK4,ALT,Alanine aminotransferase,28.13,U/L,7.0,56.0,NORMAL,2026-02-15
SUBJ066,WEEK4,AST,Aspartate aminotransferase,25.03,U/L,10.0,40.0,NORMAL,2026-02-15
SUBJ066,WEEK4,CREAT,Creatinine,1.18,mg/dL,0.6,1.3,NORMAL,2026-02-15
SUBJ066,WEEK4,EGFR,Estimated glomerular filtration rate,84.82,mL/min/1.73m²,60.0,999.0,NORMAL,2026-02-15
SUBJ066,WEEK8,HBA1C,HbA1c,7.02,%,4.0,5.6,ABNORMAL,2026-03-16
SUBJ066,WEEK8,FPG,Fasting plasma glucose,132.95,mg/dL,70.0,99.0,ABNORMAL,2026-03-16
SUBJ066,WEEK8,INSULIN,Insulin,16.91,µIU/mL,2.6,24.9,NORMAL,2026-03-16
SUBJ066,WEEK8,CPEPTIDE,C-peptide,2.57,ng/mL,1.1,4.4,NORMAL,2026-03-16
SUBJ066,WEEK8,TC,Total cholesterol,211.21,mg/dL,125.0,200.0,ABNORMAL,2026-03-16
SUBJ066,WEEK8,LDL,LDL cholesterol,92.66,mg/dL,0.0,100.0,NORMAL,2026-03-16
SUBJ066,WEEK8,HDL,HDL cholesterol,44.66,mg/dL,40.0,999.0,NORMAL,2026-03-16
SUBJ066,WEEK8,TG,Triglycerides,179.25,mg/dL,0.0,150.0,ABNORMAL,2026-03-16
SUBJ066,WEEK8,ALT,Alanine aminotransferase,25.85,U/L,7.0,56.0,NORMAL,2026-03-16
SUBJ066,WEEK8,AST,Aspartate aminotransferase,30.12,U/L,10.0,40.0,NORMAL,2026-03-16
SUBJ066,WEEK8,CREAT,Creatinine,1.11,mg/dL,0.6,1.3,NORMAL,2026-03-16
SUBJ066,WEEK8,EGFR,Estimated glomerular filtration rate,78.72,mL/min/1.73m²,60.0,999.0,NORMAL,2026-03-16
SUBJ066,WEEK12,HBA1C,HbA1c,6.59,%,4.0,5.6,ABNORMAL,2026-04-14
SUBJ066,WEEK12,FPG,Fasting plasma glucose,125.59,mg/dL,70.0,99.0,ABNORMAL,2026-04-14
SUBJ066,WEEK12,INSULIN,Insulin,16.53,µIU/mL,2.6,24.9,NORMAL,2026-04-14
SUBJ066,WEEK12,CPEPTIDE,C-peptide,2.66,ng/mL,1.1,4.4,NORMAL,2026-04-14
SUBJ066,WEEK12,TC,Total cholesterol,197.04,mg/dL,125.0,200.0,NORMAL,2026-04-14
SUBJ066,WEEK12,LDL,LDL cholesterol,87.16,mg/dL,0.0,100.0,NORMAL,2026-04-14
SUBJ066,WEEK12,HDL,HDL cholesterol,47.89,mg/dL,40.0,999.0,NORMAL,2026-04-14
SUBJ066,WEEK12,TG,Triglycerides,180.47,mg/dL,0.0,150.0,ABNORMAL,2026-04-14
SUBJ066,WEEK12,ALT,Alanine aminotransferase,24.0,U/L,7.0,56.0,NORMAL,2026-04-14
SUBJ066,WEEK12,AST,Aspartate aminotransferase,26.72,U/L,10.0,40.0,NORMAL,2026-04-14
SUBJ066,WEEK12,CREAT,Creatinine,1.21,mg/dL,0.6,1.3,NORMAL,2026-04-14
SUBJ066,WEEK12,EGFR,Estimated glomerular filtration rate,80.21,mL/min/1.73m²,60.0,999.0,NORMAL,2026-04-14
SUBJ067,BASELINE,HBA1C,HbA1c,8.69,%,4.0,5.6,ABNORMAL,2026-02-02
SUBJ067,BASELINE,FPG,Fasting plasma glucose,146.21,mg/dL,70.0,99.0,ABNORMAL,2026-02-02
SUBJ067,BASELINE,INSULIN,Insulin,14.26,µIU/mL,2.6,24.9,NORMAL,2026-02-02
SUBJ067,BASELINE,CPEPTIDE,C-peptide,3.16,ng/mL,1.1,4.4,NORMAL,2026-02-02
SUBJ067,BASELINE,TC,Total cholesterol,223.83,mg/dL,125.0,200.0,ABNORMAL,2026-02-02
SUBJ067,BASELINE,LDL,LDL cholesterol,121.11,mg/dL,0.0,100.0,ABNORMAL,2026-02-02
SUBJ067,BASELINE,HDL,HDL cholesterol,52.43,mg/dL,40.0,999.0,NORMAL,2026-02-02
SUBJ067,BASELINE,TG,Triglycerides,126.54,mg/dL,0.0,150.0,NORMAL,2026-02-02
SUBJ067,BASELINE,ALT,Alanine aminotransferase,27.86,U/L,7.0,56.0,NORMAL,2026-02-02
SUBJ067,BASELINE,AST,Aspartate aminotransferase,26.88,U/L,10.0,40.0,NORMAL,2026-02-02
SUBJ067,BASELINE,CREAT,Creatinine,0.61,mg/dL,0.6,1.3,NORMAL,2026-02-02
SUBJ067,BASELINE,EGFR,Estimated glomerular filtration rate,93.28,mL/min/1.73m²,60.0,999.0,NORMAL,2026-02-02
SUBJ067,WEEK4,HBA1C,HbA1c,8.55,%,4.0,5.6,ABNORMAL,2026-02-28
SUBJ067,WEEK4,FPG,Fasting plasma glucose,147.59,mg/dL,70.0,99.0,ABNORMAL,2026-02-28
SUBJ067,WEEK4,INSULIN,Insulin,14.22,µIU/mL,2.6,24.9,NORMAL,2026-02-28
SUBJ067,WEEK4,CPEPTIDE,C-peptide,3.01,ng/mL,1.1,4.4,NORMAL,2026-02-28
SUBJ067,WEEK4,TC,Total cholesterol,221.0,mg/dL,125.0,200.0,ABNORMAL,2026-02-28
SUBJ067,WEEK4,LDL,LDL cholesterol,103.65,mg/dL,0.0,100.0,ABNORMAL,2026-02-28
SUBJ067,WEEK4,HDL,HDL cholesterol,54.3,mg/dL,40.0,999.0,NORMAL,2026-02-28
SUBJ067,WEEK4,TG,Triglycerides,119.17,mg/dL,0.0,150.0,NORMAL,2026-02-28
SUBJ067,WEEK4,ALT,Alanine aminotransferase,33.12,U/L,7.0,56.0,NORMAL,2026-02-28
SUBJ067,WEEK4,AST,Aspartate aminotransferase,32.22,U/L,10.0,40.0,NORMAL,2026-02-28
SUBJ067,WEEK4,CREAT,Creatinine,0.65,mg/dL,0.6,1.3,NORMAL,2026-02-28
SUBJ067,WEEK4,EGFR,Estimated glomerular filtration rate,96.89,mL/min/1.73m²,60.0,999.0,NORMAL,2026-02-28
SUBJ067,WEEK8,HBA1C,HbA1c,8.39,%,4.0,5.6,ABNORMAL,2026-03-29
SUBJ067,WEEK8,FPG,Fasting plasma glucose,141.93,mg/dL,70.0,99.0,ABNORMAL,2026-03-29
SUBJ067,WEEK8,INSULIN,Insulin,16.35,µIU/mL,2.6,24.9,NORMAL,2026-03-29
SUBJ067,WEEK8,CPEPTIDE,C-peptide,3.09,ng/mL,1.1,4.4,NORMAL,2026-03-29
SUBJ067,WEEK8,TC,Total cholesterol,222.07,mg/dL,125.0,200.0,ABNORMAL,2026-03-29
SUBJ067,WEEK8,LDL,LDL cholesterol,104.81,mg/dL,0.0,100.0,ABNORMAL,2026-03-29
SUBJ067,WEEK8,HDL,HDL cholesterol,54.78,mg/dL,40.0,999.0,NORMAL,2026-03-29
SUBJ067,WEEK8,TG,Triglycerides,125.22,mg/dL,0.0,150.0,NORMAL,2026-03-29
SUBJ067,WEEK8,ALT,Alanine aminotransferase,31.01,U/L,7.0,56.0,NORMAL,2026-03-29
SUBJ067,WEEK8,AST,Aspartate aminotransferase,29.57,U/L,10.0,40.0,NORMAL,2026-03-29
SUBJ067,WEEK8,CREAT,Creatinine,0.68,mg/dL,0.6,1.3,NORMAL,2026-03-29
SUBJ067,WEEK8,EGFR,Estimated glomerular filtration rate,94.04,mL/min/1.73m²,60.0,999.0,NORMAL,2026-03-29
SUBJ067,WEEK12,HBA1C,HbA1c,8.11,%,4.0,5.6,ABNORMAL,2026-04-25
SUBJ067,WEEK12,FPG,Fasting plasma glucose,129.34,mg/dL,70.0,99.0,ABNORMAL,2026-04-25
SUBJ067,WEEK12,INSULIN,Insulin,14.69,µIU/mL,2.6,24.9,NORMAL,2026-04-25
SUBJ067,WEEK12,CPEPTIDE,C-peptide,3.19,ng/mL,1.1,4.4,NORMAL,2026-04-25
SUBJ067,WEEK12,TC,Total cholesterol,212.27,mg/dL,125.0,200.0,ABNORMAL,2026-04-25
SUBJ067,WEEK12,LDL,LDL cholesterol,109.32,mg/dL,0.0,100.0,ABNORMAL,2026-04-25
SUBJ067,WEEK12,HDL,HDL cholesterol,56.65,mg/dL,40.0,999.0,NORMAL,2026-04-25
SUBJ067,WEEK12,TG,Triglycerides,112.82,mg/dL,0.0,150.0,NORMAL,2026-04-25
SUBJ067,WEEK12,ALT,Alanine aminotransferase,33.57,U/L,7.0,56.0,NORMAL,2026-04-25
SUBJ067,WEEK12,AST,Aspartate aminotransferase,32.77,U/L,10.0,40.0,NORMAL,2026-04-25
SUBJ067,WEEK12,CREAT,Creatinine,0.67,mg/dL,0.6,1.3,NORMAL,2026-04-25
SUBJ067,WEEK12,EGFR,Estimated glomerular filtration rate,94.31,mL/min/1.73m²,60.0,999.0,NORMAL,2026-04-25
SUBJ068,BASELINE,HBA1C,HbA1c,8.81,%,4.0,5.6,ABNORMAL,2026-01-11
SUBJ068,BASELINE,FPG,Fasting plasma glucose,145.44,mg/dL,70.0,99.0,ABNORMAL,2026-01-11
SUBJ068,BASELINE,INSULIN,Insulin,19.04,µIU/mL,2.6,24.9,NORMAL,2026-01-11
SUBJ068,BASELINE,CPEPTIDE,C-peptide,3.13,ng/mL,1.1,4.4,NORMAL,2026-01-11
SUBJ068,BASELINE,TC,Total cholesterol,189.22,mg/dL,125.0,200.0,NORMAL,2026-01-11
SUBJ068,BASELINE,LDL,LDL cholesterol,119.25,mg/dL,0.0,100.0,ABNORMAL,2026-01-11
SUBJ068,BASELINE,HDL,HDL cholesterol,56.08,mg/dL,40.0,999.0,NORMAL,2026-01-11
SUBJ068,BASELINE,TG,Triglycerides,103.19,mg/dL,0.0,150.0,NORMAL,2026-01-11
SUBJ068,BASELINE,ALT,Alanine aminotransferase,26.5,U/L,7.0,56.0,NORMAL,2026-01-11
SUBJ068,BASELINE,AST,Aspartate aminotransferase,24.33,U/L,10.0,40.0,NORMAL,2026-01-11
SUBJ068,BASELINE,CREAT,Creatinine,0.87,mg/dL,0.6,1.3,NORMAL,2026-01-11
SUBJ068,BASELINE,EGFR,Estimated glomerular filtration rate,87.05,mL/min/1.73m²,60.0,999.0,NORMAL,2026-01-11
SUBJ068,WEEK4,HBA1C,HbA1c,8.59,%,4.0,5.6,ABNORMAL,2026-02-08
SUBJ068,WEEK4,FPG,Fasting plasma glucose,139.16,mg/dL,70.0,99.0,ABNORMAL,2026-02-08
SUBJ068,WEEK4,INSULIN,Insulin,18.28,µIU/mL,2.6,24.9,NORMAL,2026-02-08
SUBJ068,WEEK4,CPEPTIDE,C-peptide,3.29,ng/mL,1.1,4.4,NORMAL,2026-02-08
SUBJ068,WEEK4,TC,Total cholesterol,190.85,mg/dL,125.0,200.0,NORMAL,2026-02-08
SUBJ068,WEEK4,LDL,LDL cholesterol,115.32,mg/dL,0.0,100.0,ABNORMAL,2026-02-08
SUBJ068,WEEK4,HDL,HDL cholesterol,51.2,mg/dL,40.0,999.0,NORMAL,2026-02-08
SUBJ068,WEEK4,TG,Triglycerides,115.42,mg/dL,0.0,150.0,NORMAL,2026-02-08
SUBJ068,WEEK4,ALT,Alanine aminotransferase,21.99,U/L,7.0,56.0,NORMAL,2026-02-08
SUBJ068,WEEK4,AST,Aspartate aminotransferase,21.62,U/L,10.0,40.0,NORMAL,2026-02-08
SUBJ068,WEEK4,CREAT,Creatinine,0.83,mg/dL,0.6,1.3,NORMAL,2026-02-08
SUBJ068,WEEK4,EGFR,Estimated glomerular filtration rate,90.37,mL/min/1.73m²,60.0,999.0,NORMAL,2026-02-08
SUBJ068,WEEK8,HBA1C,HbA1c,8.69,%,4.0,5.6,ABNORMAL,2026-03-06
SUBJ068,WEEK8,FPG,Fasting plasma glucose,132.6,mg/dL,70.0,99.0,ABNORMAL,2026-03-06
SUBJ068,WEEK8,INSULIN,Insulin,20.4,µIU/mL,2.6,24.9,NORMAL,2026-03-06
SUBJ068,WEEK8,CPEPTIDE,C-peptide,3.36,ng/mL,1.1,4.4,NORMAL,2026-03-06
SUBJ068,WEEK8,TC,Total cholesterol,193.84,mg/dL,125.0,200.0,NORMAL,2026-03-06
SUBJ068,WEEK8,LDL,LDL cholesterol,105.73,mg/dL,0.0,100.0,ABNORMAL,2026-03-06
SUBJ068,WEEK8,HDL,HDL cholesterol,53.93,mg/dL,40.0,999.0,NORMAL,2026-03-06
SUBJ068,WEEK8,TG,Triglycerides,98.04,mg/dL,0.0,150.0,NORMAL,2026-03-06
SUBJ068,WEEK8,ALT,Alanine aminotransferase,23.94,U/L,7.0,56.0,NORMAL,2026-03-06
SUBJ068,WEEK8,AST,Aspartate aminotransferase,21.86,U/L,10.0,40.0,NORMAL,2026-03-06
SUBJ068,WEEK8,CREAT,Creatinine,0.85,mg/dL,0.6,1.3,NORMAL,2026-03-06
SUBJ068,WEEK8,EGFR,Estimated glomerular filtration rate,89.83,mL/min/1.73m²,60.0,999.0,NORMAL,2026-03-06
SUBJ068,WEEK12,HBA1C,HbA1c,8.18,%,4.0,5.6,ABNORMAL,2026-04-05
SUBJ068,WEEK12,FPG,Fasting plasma glucose,118.71,mg/dL,70.0,99.0,ABNORMAL,2026-04-05
SUBJ068,WEEK12,INSULIN,Insulin,19.95,µIU/mL,2.6,24.9,NORMAL,2026-04-05
SUBJ068,WEEK12,CPEPTIDE,C-peptide,3.26,ng/mL,1.1,4.4,NORMAL,2026-04-05
SUBJ068,WEEK12,TC,Total cholesterol,191.95,mg/dL,125.0,200.0,NORMAL,2026-04-05
SUBJ068,WEEK12,LDL,LDL cholesterol,110.57,mg/dL,0.0,100.0,ABNORMAL,2026-04-05
SUBJ068,WEEK12,HDL,HDL cholesterol,50.94,mg/dL,40.0,999.0,NORMAL,2026-04-05
SUBJ068,WEEK12,TG,Triglycerides,104.08,mg/dL,0.0,150.0,NORMAL,2026-04-05
SUBJ068,WEEK12,ALT,Alanine aminotransferase,19.46,U/L,7.0,56.0,NORMAL,2026-04-05
SUBJ068,WEEK12,AST,Aspartate aminotransferase,27.34,U/L,10.0,40.0,NORMAL,2026-04-05
SUBJ068,WEEK12,CREAT,Creatinine,0.85,mg/dL,0.6,1.3,NORMAL,2026-04-05
SUBJ068,WEEK12,EGFR,Estimated glomerular filtration rate,92.84,mL/min/1.73m²,60.0,999.0,NORMAL,2026-04-05
SUBJ069,BASELINE,HBA1C,HbA1c,7.42,%,4.0,5.6,ABNORMAL,2026-01-29
SUBJ069,BASELINE,FPG,Fasting plasma glucose,183.64,mg/dL,70.0,99.0,ABNORMAL,2026-01-29
SUBJ069,BASELINE,INSULIN,Insulin,19.46,µIU/mL,2.6,24.9,NORMAL,2026-01-29
SUBJ069,BASELINE,CPEPTIDE,C-peptide,1.83,ng/mL,1.1,4.4,NORMAL,2026-01-29
SUBJ069,BASELINE,TC,Total cholesterol,174.49,mg/dL,125.0,200.0,NORMAL,2026-01-29
SUBJ069,BASELINE,LDL,LDL cholesterol,51.21,mg/dL,0.0,100.0,NORMAL,2026-01-29
SUBJ069,BASELINE,HDL,HDL cholesterol,37.5,mg/dL,40.0,999.0,ABNORMAL,2026-01-29
SUBJ069,BASELINE,TG,Triglycerides,167.59,mg/dL,0.0,150.0,ABNORMAL,2026-01-29
SUBJ069,BASELINE,ALT,Alanine aminotransferase,23.97,U/L,7.0,56.0,NORMAL,2026-01-29
SUBJ069,BASELINE,AST,Aspartate aminotransferase,25.96,U/L,10.0,40.0,NORMAL,2026-01-29
SUBJ069,BASELINE,CREAT,Creatinine,1.04,mg/dL,0.6,1.3,NORMAL,2026-01-29
SUBJ069,BASELINE,EGFR,Estimated glomerular filtration rate,99.38,mL/min/1.73m²,60.0,999.0,NORMAL,2026-01-29
SUBJ069,WEEK4,HBA1C,HbA1c,7.15,%,4.0,5.6,ABNORMAL,2026-02-25
SUBJ069,WEEK4,FPG,Fasting plasma glucose,173.86,mg/dL,70.0,99.0,ABNORMAL,2026-02-25
SUBJ069,WEEK4,INSULIN,Insulin,15.92,µIU/mL,2.6,24.9,NORMAL,2026-02-25
SUBJ069,WEEK4,CPEPTIDE,C-peptide,1.47,ng/mL,1.1,4.4,NORMAL,2026-02-25
SUBJ069,WEEK4,TC,Total cholesterol,171.62,mg/dL,125.0,200.0,NORMAL,2026-02-25
SUBJ069,WEEK4,LDL,LDL cholesterol,60.97,mg/dL,0.0,100.0,NORMAL,2026-02-25
SUBJ069,WEEK4,HDL,HDL cholesterol,42.42,mg/dL,40.0,999.0,NORMAL,2026-02-25
SUBJ069,WEEK4,TG,Triglycerides,179.14,mg/dL,0.0,150.0,ABNORMAL,2026-02-25
SUBJ069,WEEK4,ALT,Alanine aminotransferase,25.13,U/L,7.0,56.0,NORMAL,2026-02-25
SUBJ069,WEEK4,AST,Aspartate aminotransferase,20.9,U/L,10.0,40.0,NORMAL,2026-02-25
SUBJ069,WEEK4,CREAT,Creatinine,1.08,mg/dL,0.6,1.3,NORMAL,2026-02-25
SUBJ069,WEEK4,EGFR,Estimated glomerular filtration rate,100.03,mL/min/1.73m²,60.0,999.0,NORMAL,2026-02-25
SUBJ069,WEEK8,HBA1C,HbA1c,6.73,%,4.0,5.6,ABNORMAL,2026-03-28
SUBJ069,WEEK8,FPG,Fasting plasma glucose,160.65,mg/dL,70.0,99.0,ABNORMAL,2026-03-28
SUBJ069,WEEK8,INSULIN,Insulin,15.88,µIU/mL,2.6,24.9,NORMAL,2026-03-28
SUBJ069,WEEK8,CPEPTIDE,C-peptide,1.78,ng/mL,1.1,4.4,NORMAL,2026-03-28
SUBJ069,WEEK8,TC,Total cholesterol,168.54,mg/dL,125.0,200.0,NORMAL,2026-03-28
SUBJ069,WEEK8,LDL,LDL cholesterol,59.49,mg/dL,0.0,100.0,NORMAL,2026-03-28
SUBJ069,WEEK8,HDL,HDL cholesterol,40.53,mg/dL,40.0,999.0,NORMAL,2026-03-28
SUBJ069,WEEK8,TG,Triglycerides,161.07,mg/dL,0.0,150.0,ABNORMAL,2026-03-28
SUBJ069,WEEK8,ALT,Alanine aminotransferase,29.58,U/L,7.0,56.0,NORMAL,2026-03-28
SUBJ069,WEEK8,AST,Aspartate aminotransferase,22.79,U/L,10.0,40.0,NORMAL,2026-03-28
SUBJ069,WEEK8,CREAT,Creatinine,1.08,mg/dL,0.6,1.3,NORMAL,2026-03-28
SUBJ069,WEEK8,EGFR,Estimated glomerular filtration rate,99.58,mL/min/1.73m²,60.0,999.0,NORMAL,2026-03-28
SUBJ069,WEEK12,HBA1C,HbA1c,6.83,%,4.0,5.6,ABNORMAL,2026-04-24
SUBJ069,WEEK12,FPG,Fasting plasma glucose,150.49,mg/dL,70.0,99.0,ABNORMAL,2026-04-24
SUBJ069,WEEK12,INSULIN,Insulin,14.46,µIU/mL,2.6,24.9,NORMAL,2026-04-24
SUBJ069,WEEK12,CPEPTIDE,C-peptide,1.45,ng/mL,1.1,4.4,NORMAL,2026-04-24
SUBJ069,WEEK12,TC,Total cholesterol,171.5,mg/dL,125.0,200.0,NORMAL,2026-04-24
SUBJ069,WEEK12,LDL,LDL cholesterol,61.06,mg/dL,0.0,100.0,NORMAL,2026-04-24
SUBJ069,WEEK12,HDL,HDL cholesterol,38.62,mg/dL,40.0,999.0,ABNORMAL,2026-04-24
SUBJ069,WEEK12,TG,Triglycerides,161.96,mg/dL,0.0,150.0,ABNORMAL,2026-04-24
SUBJ069,WEEK12,ALT,Alanine aminotransferase,19.78,U/L,7.0,56.0,NORMAL,2026-04-24
SUBJ069,WEEK12,AST,Aspartate aminotransferase,20.99,U/L,10.0,40.0,NORMAL,2026-04-24
SUBJ069,WEEK12,CREAT,Creatinine,1.05,mg/dL,0.6,1.3,NORMAL,2026-04-24
SUBJ069,WEEK12,EGFR,Estimated glomerular filtration rate,99.41,mL/min/1.73m²,60.0,999.0,NORMAL,2026-04-24
SUBJ070,BASELINE,HBA1C,HbA1c,8.05,%,4.0,5.6,ABNORMAL,2026-01-16
SUBJ070,BASELINE,FPG,Fasting plasma glucose,218.33,mg/dL,70.0,99.0,ABNORMAL,2026-01-16
SUBJ070,BASELINE,INSULIN,Insulin,12.69,µIU/mL,2.6,24.9,NORMAL,2026-01-16
SUBJ070,BASELINE,CPEPTIDE,C-peptide,2.73,ng/mL,1.1,4.4,NORMAL,2026-01-16
SUBJ070,BASELINE,TC,Total cholesterol,224.12,mg/dL,125.0,200.0,ABNORMAL,2026-01-16
SUBJ070,BASELINE,LDL,LDL cholesterol,131.27,mg/dL,0.0,100.0,ABNORMAL,2026-01-16
SUBJ070,BASELINE,HDL,HDL cholesterol,53.44,mg/dL,40.0,999.0,NORMAL,2026-01-16
SUBJ070,BASELINE,TG,Triglycerides,118.38,mg/dL,0.0,150.0,NORMAL,2026-01-16
SUBJ070,BASELINE,ALT,Alanine aminotransferase,36.08,U/L,7.0,56.0,NORMAL,2026-01-16
SUBJ070,BASELINE,AST,Aspartate aminotransferase,18.8,U/L,10.0,40.0,NORMAL,2026-01-16
SUBJ070,BASELINE,CREAT,Creatinine,0.95,mg/dL,0.6,1.3,NORMAL,2026-01-16
SUBJ070,BASELINE,EGFR,Estimated glomerular filtration rate,72.92,mL/min/1.73m²,60.0,999.0,NORMAL,2026-01-16
SUBJ070,WEEK4,HBA1C,HbA1c,7.87,%,4.0,5.6,ABNORMAL,2026-02-15
SUBJ070,WEEK4,FPG,Fasting plasma glucose,207.15,mg/dL,70.0,99.0,ABNORMAL,2026-02-15
SUBJ070,WEEK4,INSULIN,Insulin,12.58,µIU/mL,2.6,24.9,NORMAL,2026-02-15
SUBJ070,WEEK4,CPEPTIDE,C-peptide,2.91,ng/mL,1.1,4.4,NORMAL,2026-02-15
SUBJ070,WEEK4,TC,Total cholesterol,222.19,mg/dL,125.0,200.0,ABNORMAL,2026-02-15
SUBJ070,WEEK4,LDL,LDL cholesterol,127.21,mg/dL,0.0,100.0,ABNORMAL,2026-02-15
SUBJ070,WEEK4,HDL,HDL cholesterol,47.84,mg/dL,40.0,999.0,NORMAL,2026-02-15
SUBJ070,WEEK4,TG,Triglycerides,116.17,mg/dL,0.0,150.0,NORMAL,2026-02-15
SUBJ070,WEEK4,ALT,Alanine aminotransferase,34.19,U/L,7.0,56.0,NORMAL,2026-02-15
SUBJ070,WEEK4,AST,Aspartate aminotransferase,24.22,U/L,10.0,40.0,NORMAL,2026-02-15
SUBJ070,WEEK4,CREAT,Creatinine,0.91,mg/dL,0.6,1.3,NORMAL,2026-02-15
SUBJ070,WEEK4,EGFR,Estimated glomerular filtration rate,71.75,mL/min/1.73m²,60.0,999.0,NORMAL,2026-02-15
SUBJ070,WEEK8,HBA1C,HbA1c,7.77,%,4.0,5.6,ABNORMAL,2026-03-15
SUBJ070,WEEK8,FPG,Fasting plasma glucose,201.97,mg/dL,70.0,99.0,ABNORMAL,2026-03-15
SUBJ070,WEEK8,INSULIN,Insulin,10.89,µIU/mL,2.6,24.9,NORMAL,2026-03-15
SUBJ070,WEEK8,CPEPTIDE,C-peptide,2.89,ng/mL,1.1,4.4,NORMAL,2026-03-15
SUBJ070,WEEK8,TC,Total cholesterol,211.3,mg/dL,125.0,200.0,ABNORMAL,2026-03-15
SUBJ070,WEEK8,LDL,LDL cholesterol,126.68,mg/dL,0.0,100.0,ABNORMAL,2026-03-15
SUBJ070,WEEK8,HDL,HDL cholesterol,49.57,mg/dL,40.0,999.0,NORMAL,2026-03-15
SUBJ070,WEEK8,TG,Triglycerides,119.03,mg/dL,0.0,150.0,NORMAL,2026-03-15
SUBJ070,WEEK8,ALT,Alanine aminotransferase,35.43,U/L,7.0,56.0,NORMAL,2026-03-15
SUBJ070,WEEK8,AST,Aspartate aminotransferase,19.51,U/L,10.0,40.0,NORMAL,2026-03-15
SUBJ070,WEEK8,CREAT,Creatinine,0.95,mg/dL,0.6,1.3,NORMAL,2026-03-15
SUBJ070,WEEK8,EGFR,Estimated glomerular filtration rate,69.57,mL/min/1.73m²,60.0,999.0,NORMAL,2026-03-15
SUBJ070,WEEK12,HBA1C,HbA1c,7.86,%,4.0,5.6,ABNORMAL,2026-04-09
SUBJ070,WEEK12,FPG,Fasting plasma glucose,199.14,mg/dL,70.0,99.0,ABNORMAL,2026-04-09
SUBJ070,WEEK12,INSULIN,Insulin,12.41,µIU/mL,2.6,24.9,NORMAL,2026-04-09
SUBJ070,WEEK12,CPEPTIDE,C-peptide,2.84,ng/mL,1.1,4.4,NORMAL,2026-04-09
SUBJ070,WEEK12,TC,Total cholesterol,217.36,mg/dL,125.0,200.0,ABNORMAL,2026-04-09
SUBJ070,WEEK12,LDL,LDL cholesterol,119.46,mg/dL,0.0,100.0,ABNORMAL,2026-04-09
SUBJ070,WEEK12,HDL,HDL cholesterol,49.02,mg/dL,40.0,999.0,NORMAL,2026-04-09
SUBJ070,WEEK12,TG,Triglycerides,129.6,mg/dL,0.0,150.0,NORMAL,2026-04-09
SUBJ070,WEEK12,ALT,Alanine aminotransferase,34.65,U/L,7.0,56.0,NORMAL,2026-04-09
SUBJ070,WEEK12,AST,Aspartate aminotransferase,21.53,U/L,10.0,40.0,NORMAL,2026-04-09
SUBJ070,WEEK12,CREAT,Creatinine,0.96,mg/dL,0.6,1.3,NORMAL,2026-04-09
SUBJ070,WEEK12,EGFR,Estimated glomerular filtration rate,69.97,mL/min/1.73m²,60.0,999.0,NORMAL,2026-04-09
SUBJ071,BASELINE,HBA1C,HbA1c,7.67,%,4.0,5.6,ABNORMAL,2026-02-08
SUBJ071,BASELINE,FPG,Fasting plasma glucose,194.72,mg/dL,70.0,99.0,ABNORMAL,2026-02-08
SUBJ071,BASELINE,INSULIN,Insulin,19.33,µIU/mL,2.6,24.9,NORMAL,2026-02-08
SUBJ071,BASELINE,CPEPTIDE,C-peptide,2.82,ng/mL,1.1,4.4,NORMAL,2026-02-08
SUBJ071,BASELINE,TC,Total cholesterol,160.19,mg/dL,125.0,200.0,NORMAL,2026-02-08
SUBJ071,BASELINE,LDL,LDL cholesterol,124.42,mg/dL,0.0,100.0,ABNORMAL,2026-02-08
SUBJ071,BASELINE,HDL,HDL cholesterol,34.68,mg/dL,40.0,999.0,ABNORMAL,2026-02-08
SUBJ071,BASELINE,TG,Triglycerides,159.79,mg/dL,0.0,150.0,ABNORMAL,2026-02-08
SUBJ071,BASELINE,ALT,Alanine aminotransferase,15.55,U/L,7.0,56.0,NORMAL,2026-02-08
SUBJ071,BASELINE,AST,Aspartate aminotransferase,28.91,U/L,10.0,40.0,NORMAL,2026-02-08
SUBJ071,BASELINE,CREAT,Creatinine,0.64,mg/dL,0.6,1.3,NORMAL,2026-02-08
SUBJ071,BASELINE,EGFR,Estimated glomerular filtration rate,105.76,mL/min/1.73m²,60.0,999.0,NORMAL,2026-02-08
SUBJ071,WEEK4,HBA1C,HbA1c,7.38,%,4.0,5.6,ABNORMAL,2026-03-08
SUBJ071,WEEK4,FPG,Fasting plasma glucose,184.89,mg/dL,70.0,99.0,ABNORMAL,2026-03-08
SUBJ071,WEEK4,INSULIN,Insulin,17.58,µIU/mL,2.6,24.9,NORMAL,2026-03-08
SUBJ071,WEEK4,CPEPTIDE,C-peptide,2.98,ng/mL,1.1,4.4,NORMAL,2026-03-08
SUBJ071,WEEK4,TC,Total cholesterol,164.92,mg/dL,125.0,200.0,NORMAL,2026-03-08
SUBJ071,WEEK4,LDL,LDL cholesterol,127.05,mg/dL,0.0,100.0,ABNORMAL,2026-03-08
SUBJ071,WEEK4,HDL,HDL cholesterol,36.1,mg/dL,40.0,999.0,ABNORMAL,2026-03-08
SUBJ071,WEEK4,TG,Triglycerides,147.81,mg/dL,0.0,150.0,NORMAL,2026-03-08
SUBJ071,WEEK4,ALT,Alanine aminotransferase,13.6,U/L,7.0,56.0,NORMAL,2026-03-08
SUBJ071,WEEK4,AST,Aspartate aminotransferase,34.33,U/L,10.0,40.0,NORMAL,2026-03-08
SUBJ071,WEEK4,CREAT,Creatinine,0.7,mg/dL,0.6,1.3,NORMAL,2026-03-08
SUBJ071,WEEK4,EGFR,Estimated glomerular filtration rate,106.24,mL/min/1.73m²,60.0,999.0,NORMAL,2026-03-08
SUBJ071,WEEK8,HBA1C,HbA1c,7.3,%,4.0,5.6,ABNORMAL,2026-04-04
SUBJ071,WEEK8,FPG,Fasting plasma glucose,180.11,mg/dL,70.0,99.0,ABNORMAL,2026-04-04
SUBJ071,WEEK8,INSULIN,Insulin,18.8,µIU/mL,2.6,24.9,NORMAL,2026-04-04
SUBJ071,WEEK8,CPEPTIDE,C-peptide,2.7,ng/mL,1.1,4.4,NORMAL,2026-04-04
SUBJ071,WEEK8,TC,Total cholesterol,160.64,mg/dL,125.0,200.0,NORMAL,2026-04-04
SUBJ071,WEEK8,LDL,LDL cholesterol,125.96,mg/dL,0.0,100.0,ABNORMAL,2026-04-04
SUBJ071,WEEK8,HDL,HDL cholesterol,37.27,mg/dL,40.0,999.0,ABNORMAL,2026-04-04
SUBJ071,WEEK8,TG,Triglycerides,140.25,mg/dL,0.0,150.0,NORMAL,2026-04-04
SUBJ071,WEEK8,ALT,Alanine aminotransferase,11.13,U/L,7.0,56.0,NORMAL,2026-04-04
SUBJ071,WEEK8,AST,Aspartate aminotransferase,32.04,U/L,10.0,40.0,NORMAL,2026-04-04
SUBJ071,WEEK8,CREAT,Creatinine,0.71,mg/dL,0.6,1.3,NORMAL,2026-04-04
SUBJ071,WEEK8,EGFR,Estimated glomerular filtration rate,100.24,mL/min/1.73m²,60.0,999.0,NORMAL,2026-04-04
SUBJ071,WEEK12,HBA1C,HbA1c,7.28,%,4.0,5.6,ABNORMAL,2026-05-02
SUBJ071,WEEK12,FPG,Fasting plasma glucose,172.14,mg/dL,70.0,99.0,ABNORMAL,2026-05-02
SUBJ071,WEEK12,INSULIN,Insulin,17.51,µIU/mL,2.6,24.9,NORMAL,2026-05-02
SUBJ071,WEEK12,CPEPTIDE,C-peptide,2.81,ng/mL,1.1,4.4,NORMAL,2026-05-02
SUBJ071,WEEK12,TC,Total cholesterol,159.92,mg/dL,125.0,200.0,NORMAL,2026-05-02
SUBJ071,WEEK12,LDL,LDL cholesterol,114.25,mg/dL,0.0,100.0,ABNORMAL,2026-05-02
SUBJ071,WEEK12,HDL,HDL cholesterol,38.57,mg/dL,40.0,999.0,ABNORMAL,2026-05-02
SUBJ071,WEEK12,TG,Triglycerides,132.66,mg/dL,0.0,150.0,NORMAL,2026-05-02
SUBJ071,WEEK12,ALT,Alanine aminotransferase,14.26,U/L,7.0,56.0,NORMAL,2026-05-02
SUBJ071,WEEK12,AST,Aspartate aminotransferase,27.99,U/L,10.0,40.0,NORMAL,2026-05-02
SUBJ071,WEEK12,CREAT,Creatinine,0.7,mg/dL,0.6,1.3,NORMAL,2026-05-02
SUBJ071,WEEK12,EGFR,Estimated glomerular filtration rate,104.21,mL/min/1.73m²,60.0,999.0,NORMAL,2026-05-02
SUBJ072,BASELINE,HBA1C,HbA1c,7.0,%,4.0,5.6,ABNORMAL,2026-01-31
SUBJ072,BASELINE,FPG,Fasting plasma glucose,155.68,mg/dL,70.0,99.0,ABNORMAL,2026-01-31
SUBJ072,BASELINE,INSULIN,Insulin,11.56,µIU/mL,2.6,24.9,NORMAL,2026-01-31
SUBJ072,BASELINE,CPEPTIDE,C-peptide,2.99,ng/mL,1.1,4.4,NORMAL,2026-01-31
SUBJ072,BASELINE,TC,Total cholesterol,170.8,mg/dL,125.0,200.0,NORMAL,2026-01-31
SUBJ072,BASELINE,LDL,LDL cholesterol,88.43,mg/dL,0.0,100.0,NORMAL,2026-01-31
SUBJ072,BASELINE,HDL,HDL cholesterol,49.46,mg/dL,40.0,999.0,NORMAL,2026-01-31
SUBJ072,BASELINE,TG,Triglycerides,118.75,mg/dL,0.0,150.0,NORMAL,2026-01-31
SUBJ072,BASELINE,ALT,Alanine aminotransferase,29.98,U/L,7.0,56.0,NORMAL,2026-01-31
SUBJ072,BASELINE,AST,Aspartate aminotransferase,26.66,U/L,10.0,40.0,NORMAL,2026-01-31
SUBJ072,BASELINE,CREAT,Creatinine,1.38,mg/dL,0.6,1.3,ABNORMAL,2026-01-31
SUBJ072,BASELINE,EGFR,Estimated glomerular filtration rate,74.96,mL/min/1.73m²,60.0,999.0,NORMAL,2026-01-31
SUBJ072,WEEK4,HBA1C,HbA1c,7.02,%,4.0,5.6,ABNORMAL,2026-02-28
SUBJ072,WEEK4,FPG,Fasting plasma glucose,151.82,mg/dL,70.0,99.0,ABNORMAL,2026-02-28
SUBJ072,WEEK4,INSULIN,Insulin,11.05,µIU/mL,2.6,24.9,NORMAL,2026-02-28
SUBJ072,WEEK4,CPEPTIDE,C-peptide,3.09,ng/mL,1.1,4.4,NORMAL,2026-02-28
SUBJ072,WEEK4,TC,Total cholesterol,157.62,mg/dL,125.0,200.0,NORMAL,2026-02-28
SUBJ072,WEEK4,LDL,LDL cholesterol,90.09,mg/dL,0.0,100.0,NORMAL,2026-02-28
SUBJ072,WEEK4,HDL,HDL cholesterol,47.19,mg/dL,40.0,999.0,NORMAL,2026-02-28
SUBJ072,WEEK4,TG,Triglycerides,116.34,mg/dL,0.0,150.0,NORMAL,2026-02-28
SUBJ072,WEEK4,ALT,Alanine aminotransferase,27.77,U/L,7.0,56.0,NORMAL,2026-02-28
SUBJ072,WEEK4,AST,Aspartate aminotransferase,26.1,U/L,10.0,40.0,NORMAL,2026-02-28
SUBJ072,WEEK4,CREAT,Creatinine,1.38,mg/dL,0.6,1.3,ABNORMAL,2026-02-28
SUBJ072,WEEK4,EGFR,Estimated glomerular filtration rate,78.86,mL/min/1.73m²,60.0,999.0,NORMAL,2026-02-28
SUBJ073,BASELINE,HBA1C,HbA1c,7.35,%,4.0,5.6,ABNORMAL,2026-01-19
SUBJ073,BASELINE,FPG,Fasting plasma glucose,139.43,mg/dL,70.0,99.0,ABNORMAL,2026-01-19
SUBJ073,BASELINE,INSULIN,Insulin,17.39,µIU/mL,2.6,24.9,NORMAL,2026-01-19
SUBJ073,BASELINE,CPEPTIDE,C-peptide,2.11,ng/mL,1.1,4.4,NORMAL,2026-01-19
SUBJ073,BASELINE,TC,Total cholesterol,213.57,mg/dL,125.0,200.0,ABNORMAL,2026-01-19
SUBJ073,BASELINE,LDL,LDL cholesterol,90.76,mg/dL,0.0,100.0,NORMAL,2026-01-19
SUBJ073,BASELINE,HDL,HDL cholesterol,44.57,mg/dL,40.0,999.0,NORMAL,2026-01-19
SUBJ073,BASELINE,TG,Triglycerides,210.35,mg/dL,0.0,150.0,ABNORMAL,2026-01-19
SUBJ073,BASELINE,ALT,Alanine aminotransferase,37.6,U/L,7.0,56.0,NORMAL,2026-01-19
SUBJ073,BASELINE,AST,Aspartate aminotransferase,28.45,U/L,10.0,40.0,NORMAL,2026-01-19
SUBJ073,BASELINE,CREAT,Creatinine,0.85,mg/dL,0.6,1.3,NORMAL,2026-01-19
SUBJ073,BASELINE,EGFR,Estimated glomerular filtration rate,73.13,mL/min/1.73m²,60.0,999.0,NORMAL,2026-01-19
SUBJ073,WEEK4,HBA1C,HbA1c,6.99,%,4.0,5.6,ABNORMAL,2026-02-14
SUBJ073,WEEK4,FPG,Fasting plasma glucose,142.05,mg/dL,70.0,99.0,ABNORMAL,2026-02-14
SUBJ073,WEEK4,INSULIN,Insulin,16.86,µIU/mL,2.6,24.9,NORMAL,2026-02-14
SUBJ073,WEEK4,CPEPTIDE,C-peptide,1.92,ng/mL,1.1,4.4,NORMAL,2026-02-14
SUBJ073,WEEK4,TC,Total cholesterol,221.76,mg/dL,125.0,200.0,ABNORMAL,2026-02-14
SUBJ073,WEEK4,LDL,LDL cholesterol,83.37,mg/dL,0.0,100.0,NORMAL,2026-02-14
SUBJ073,WEEK4,HDL,HDL cholesterol,42.07,mg/dL,40.0,999.0,NORMAL,2026-02-14
SUBJ073,WEEK4,TG,Triglycerides,221.59,mg/dL,0.0,150.0,ABNORMAL,2026-02-14
SUBJ073,WEEK4,ALT,Alanine aminotransferase,37.3,U/L,7.0,56.0,NORMAL,2026-02-14
SUBJ073,WEEK4,AST,Aspartate aminotransferase,25.6,U/L,10.0,40.0,NORMAL,2026-02-14
SUBJ073,WEEK4,CREAT,Creatinine,0.89,mg/dL,0.6,1.3,NORMAL,2026-02-14
SUBJ073,WEEK4,EGFR,Estimated glomerular filtration rate,77.55,mL/min/1.73m²,60.0,999.0,NORMAL,2026-02-14
SUBJ073,WEEK8,HBA1C,HbA1c,6.62,%,4.0,5.6,ABNORMAL,2026-03-18
SUBJ073,WEEK8,FPG,Fasting plasma glucose,123.61,mg/dL,70.0,99.0,ABNORMAL,2026-03-18
SUBJ073,WEEK8,INSULIN,Insulin,14.23,µIU/mL,2.6,24.9,NORMAL,2026-03-18
SUBJ073,WEEK8,CPEPTIDE,C-peptide,1.95,ng/mL,1.1,4.4,NORMAL,2026-03-18
SUBJ073,WEEK8,TC,Total cholesterol,209.63,mg/dL,125.0,200.0,ABNORMAL,2026-03-18
SUBJ073,WEEK8,LDL,LDL cholesterol,91.65,mg/dL,0.0,100.0,NORMAL,2026-03-18
SUBJ073,WEEK8,HDL,HDL cholesterol,38.39,mg/dL,40.0,999.0,ABNORMAL,2026-03-18
SUBJ073,WEEK8,TG,Triglycerides,173.81,mg/dL,0.0,150.0,ABNORMAL,2026-03-18
SUBJ073,WEEK8,ALT,Alanine aminotransferase,37.5,U/L,7.0,56.0,NORMAL,2026-03-18
SUBJ073,WEEK8,AST,Aspartate aminotransferase,25.92,U/L,10.0,40.0,NORMAL,2026-03-18
SUBJ073,WEEK8,CREAT,Creatinine,0.87,mg/dL,0.6,1.3,NORMAL,2026-03-18
SUBJ073,WEEK8,EGFR,Estimated glomerular filtration rate,74.93,mL/min/1.73m²,60.0,999.0,NORMAL,2026-03-18
SUBJ074,BASELINE,HBA1C,HbA1c,8.64,%,4.0,5.6,ABNORMAL,2026-01-21
SUBJ074,BASELINE,FPG,Fasting plasma glucose,197.74,mg/dL,70.0,99.0,ABNORMAL,2026-01-21
SUBJ074,BASELINE,INSULIN,Insulin,17.25,µIU/mL,2.6,24.9,NORMAL,2026-01-21
SUBJ074,BASELINE,CPEPTIDE,C-peptide,1.6,ng/mL,1.1,4.4,NORMAL,2026-01-21
SUBJ074,BASELINE,TC,Total cholesterol,207.12,mg/dL,125.0,200.0,ABNORMAL,2026-01-21
SUBJ074,BASELINE,LDL,LDL cholesterol,94.84,mg/dL,0.0,100.0,NORMAL,2026-01-21
SUBJ074,BASELINE,HDL,HDL cholesterol,57.6,mg/dL,40.0,999.0,NORMAL,2026-01-21
SUBJ074,BASELINE,TG,Triglycerides,100.23,mg/dL,0.0,150.0,NORMAL,2026-01-21
SUBJ074,BASELINE,ALT,Alanine aminotransferase,23.35,U/L,7.0,56.0,NORMAL,2026-01-21
SUBJ074,BASELINE,AST,Aspartate aminotransferase,17.36,U/L,10.0,40.0,NORMAL,2026-01-21
SUBJ074,BASELINE,CREAT,Creatinine,0.57,mg/dL,0.6,1.3,ABNORMAL,2026-01-21
SUBJ074,BASELINE,EGFR,Estimated glomerular filtration rate,81.4,mL/min/1.73m²,60.0,999.0,NORMAL,2026-01-21
SUBJ074,WEEK4,HBA1C,HbA1c,8.65,%,4.0,5.6,ABNORMAL,2026-02-19
SUBJ074,WEEK4,FPG,Fasting plasma glucose,195.91,mg/dL,70.0,99.0,ABNORMAL,2026-02-19
SUBJ074,WEEK4,INSULIN,Insulin,14.26,µIU/mL,2.6,24.9,NORMAL,2026-02-19
SUBJ074,WEEK4,CPEPTIDE,C-peptide,1.57,ng/mL,1.1,4.4,NORMAL,2026-02-19
SUBJ074,WEEK4,TC,Total cholesterol,210.64,mg/dL,125.0,200.0,ABNORMAL,2026-02-19
SUBJ074,WEEK4,LDL,LDL cholesterol,99.07,mg/dL,0.0,100.0,NORMAL,2026-02-19
SUBJ074,WEEK4,HDL,HDL cholesterol,62.49,mg/dL,40.0,999.0,NORMAL,2026-02-19
SUBJ074,WEEK4,TG,Triglycerides,83.11,mg/dL,0.0,150.0,NORMAL,2026-02-19
SUBJ074,WEEK4,ALT,Alanine aminotransferase,22.56,U/L,7.0,56.0,NORMAL,2026-02-19
SUBJ074,WEEK4,AST,Aspartate aminotransferase,14.97,U/L,10.0,40.0,NORMAL,2026-02-19
SUBJ074,WEEK4,CREAT,Creatinine,0.62,mg/dL,0.6,1.3,NORMAL,2026-02-19
SUBJ074,WEEK4,EGFR,Estimated glomerular filtration rate,79.11,mL/min/1.73m²,60.0,999.0,NORMAL,2026-02-19
SUBJ074,WEEK8,HBA1C,HbA1c,8.66,%,4.0,5.6,ABNORMAL,2026-03-18
SUBJ074,WEEK8,FPG,Fasting plasma glucose,188.6,mg/dL,70.0,99.0,ABNORMAL,2026-03-18
SUBJ074,WEEK8,INSULIN,Insulin,13.54,µIU/mL,2.6,24.9,NORMAL,2026-03-18
SUBJ074,WEEK8,CPEPTIDE,C-peptide,1.56,ng/mL,1.1,4.4,NORMAL,2026-03-18
SUBJ074,WEEK8,TC,Total cholesterol,206.09,mg/dL,125.0,200.0,ABNORMAL,2026-03-18
SUBJ074,WEEK8,LDL,LDL cholesterol,89.76,mg/dL,0.0,100.0,NORMAL,2026-03-18
SUBJ074,WEEK8,HDL,HDL cholesterol,60.39,mg/dL,40.0,999.0,NORMAL,2026-03-18
SUBJ074,WEEK8,TG,Triglycerides,83.75,mg/dL,0.0,150.0,NORMAL,2026-03-18
SUBJ074,WEEK8,ALT,Alanine aminotransferase,17.44,U/L,7.0,56.0,NORMAL,2026-03-18
SUBJ074,WEEK8,AST,Aspartate aminotransferase,21.31,U/L,10.0,40.0,NORMAL,2026-03-18
SUBJ074,WEEK8,CREAT,Creatinine,0.6,mg/dL,0.6,1.3,NORMAL,2026-03-18
SUBJ074,WEEK8,EGFR,Estimated glomerular filtration rate,80.14,mL/min/1.73m²,60.0,999.0,NORMAL,2026-03-18
SUBJ074,WEEK12,HBA1C,HbA1c,8.38,%,4.0,5.6,ABNORMAL,2026-04-15
SUBJ074,WEEK12,FPG,Fasting plasma glucose,183.33,mg/dL,70.0,99.0,ABNORMAL,2026-04-15
SUBJ074,WEEK12,INSULIN,Insulin,12.14,µIU/mL,2.6,24.9,NORMAL,2026-04-15
SUBJ074,WEEK12,CPEPTIDE,C-peptide,1.53,ng/mL,1.1,4.4,NORMAL,2026-04-15
SUBJ074,WEEK12,TC,Total cholesterol,202.04,mg/dL,125.0,200.0,ABNORMAL,2026-04-15
SUBJ074,WEEK12,LDL,LDL cholesterol,95.24,mg/dL,0.0,100.0,NORMAL,2026-04-15
SUBJ074,WEEK12,HDL,HDL cholesterol,66.86,mg/dL,40.0,999.0,NORMAL,2026-04-15
SUBJ074,WEEK12,TG,Triglycerides,101.54,mg/dL,0.0,150.0,NORMAL,2026-04-15
SUBJ074,WEEK12,ALT,Alanine aminotransferase,23.86,U/L,7.0,56.0,NORMAL,2026-04-15
SUBJ074,WEEK12,AST,Aspartate aminotransferase,17.26,U/L,10.0,40.0,NORMAL,2026-04-15
SUBJ074,WEEK12,CREAT,Creatinine,0.59,mg/dL,0.6,1.3,ABNORMAL,2026-04-15
SUBJ074,WEEK12,EGFR,Estimated glomerular filtration rate,77.37,mL/min/1.73m²,60.0,999.0,NORMAL,2026-04-15
SUBJ075,BASELINE,HBA1C,HbA1c,7.91,%,4.0,5.6,ABNORMAL,2026-02-06
SUBJ075,BASELINE,FPG,Fasting plasma glucose,136.92,mg/dL,70.0,99.0,ABNORMAL,2026-02-06
SUBJ075,BASELINE,INSULIN,Insulin,14.85,µIU/mL,2.6,24.9,NORMAL,2026-02-06
SUBJ075,BASELINE,CPEPTIDE,C-peptide,2.65,ng/mL,1.1,4.4,NORMAL,2026-02-06
SUBJ075,BASELINE,TC,Total cholesterol,200.21,mg/dL,125.0,200.0,ABNORMAL,2026-02-06
SUBJ075,BASELINE,LDL,LDL cholesterol,143.19,mg/dL,0.0,100.0,ABNORMAL,2026-02-06
SUBJ075,BASELINE,HDL,HDL cholesterol,42.27,mg/dL,40.0,999.0,NORMAL,2026-02-06
SUBJ075,BASELINE,TG,Triglycerides,243.33,mg/dL,0.0,150.0,ABNORMAL,2026-02-06
SUBJ075,BASELINE,ALT,Alanine aminotransferase,37.02,U/L,7.0,56.0,NORMAL,2026-02-06
SUBJ075,BASELINE,AST,Aspartate aminotransferase,19.76,U/L,10.0,40.0,NORMAL,2026-02-06
SUBJ075,BASELINE,CREAT,Creatinine,0.92,mg/dL,0.6,1.3,NORMAL,2026-02-06
SUBJ075,BASELINE,EGFR,Estimated glomerular filtration rate,113.41,mL/min/1.73m²,60.0,999.0,NORMAL,2026-02-06
SUBJ075,WEEK4,HBA1C,HbA1c,7.71,%,4.0,5.6,ABNORMAL,2026-03-08
SUBJ075,WEEK4,FPG,Fasting plasma glucose,135.18,mg/dL,70.0,99.0,ABNORMAL,2026-03-08
SUBJ075,WEEK4,INSULIN,Insulin,10.51,µIU/mL,2.6,24.9,NORMAL,2026-03-08
SUBJ075,WEEK4,CPEPTIDE,C-peptide,2.44,ng/mL,1.1,4.4,NORMAL,2026-03-08
SUBJ075,WEEK4,TC,Total cholesterol,193.13,mg/dL,125.0,200.0,NORMAL,2026-03-08
SUBJ075,WEEK4,LDL,LDL cholesterol,139.65,mg/dL,0.0,100.0,ABNORMAL,2026-03-08
SUBJ075,WEEK4,HDL,HDL cholesterol,45.89,mg/dL,40.0,999.0,NORMAL,2026-03-08
SUBJ075,WEEK4,TG,Triglycerides,253.05,mg/dL,0.0,150.0,ABNORMAL,2026-03-08
SUBJ075,WEEK4,ALT,Alanine aminotransferase,35.7,U/L,7.0,56.0,NORMAL,2026-03-08
SUBJ075,WEEK4,AST,Aspartate aminotransferase,20.09,U/L,10.0,40.0,NORMAL,2026-03-08
SUBJ075,WEEK4,CREAT,Creatinine,0.94,mg/dL,0.6,1.3,NORMAL,2026-03-08
SUBJ075,WEEK4,EGFR,Estimated glomerular filtration rate,108.48,mL/min/1.73m²,60.0,999.0,NORMAL,2026-03-08
SUBJ075,WEEK8,HBA1C,HbA1c,7.28,%,4.0,5.6,ABNORMAL,2026-04-03
SUBJ075,WEEK8,FPG,Fasting plasma glucose,125.36,mg/dL,70.0,99.0,ABNORMAL,2026-04-03
SUBJ075,WEEK8,INSULIN,Insulin,11.97,µIU/mL,2.6,24.9,NORMAL,2026-04-03
SUBJ075,WEEK8,CPEPTIDE,C-peptide,2.3,ng/mL,1.1,4.4,NORMAL,2026-04-03
SUBJ075,WEEK8,TC,Total cholesterol,195.8,mg/dL,125.0,200.0,NORMAL,2026-04-03
SUBJ075,WEEK8,LDL,LDL cholesterol,137.47,mg/dL,0.0,100.0,ABNORMAL,2026-04-03
SUBJ075,WEEK8,HDL,HDL cholesterol,43.52,mg/dL,40.0,999.0,NORMAL,2026-04-03
SUBJ075,WEEK8,TG,Triglycerides,229.13,mg/dL,0.0,150.0,ABNORMAL,2026-04-03
SUBJ075,WEEK8,ALT,Alanine aminotransferase,34.42,U/L,7.0,56.0,NORMAL,2026-04-03
SUBJ075,WEEK8,AST,Aspartate aminotransferase,21.6,U/L,10.0,40.0,NORMAL,2026-04-03
SUBJ075,WEEK8,CREAT,Creatinine,0.95,mg/dL,0.6,1.3,NORMAL,2026-04-03
SUBJ075,WEEK8,EGFR,Estimated glomerular filtration rate,110.28,mL/min/1.73m²,60.0,999.0,NORMAL,2026-04-03
SUBJ075,WEEK12,HBA1C,HbA1c,7.16,%,4.0,5.6,ABNORMAL,2026-04-29
SUBJ075,WEEK12,FPG,Fasting plasma glucose,119.36,mg/dL,70.0,99.0,ABNORMAL,2026-04-29
SUBJ075,WEEK12,INSULIN,Insulin,12.41,µIU/mL,2.6,24.9,NORMAL,2026-04-29
SUBJ075,WEEK12,CPEPTIDE,C-peptide,2.21,ng/mL,1.1,4.4,NORMAL,2026-04-29
SUBJ075,WEEK12,TC,Total cholesterol,196.31,mg/dL,125.0,200.0,NORMAL,2026-04-29
SUBJ075,WEEK12,LDL,LDL cholesterol,136.22,mg/dL,0.0,100.0,ABNORMAL,2026-04-29
SUBJ075,WEEK12,HDL,HDL cholesterol,43.6,mg/dL,40.0,999.0,NORMAL,2026-04-29
SUBJ075,WEEK12,TG,Triglycerides,232.79,mg/dL,0.0,150.0,ABNORMAL,2026-04-29
SUBJ075,WEEK12,ALT,Alanine aminotransferase,34.83,U/L,7.0,56.0,NORMAL,2026-04-29
SUBJ075,WEEK12,AST,Aspartate aminotransferase,22.95,U/L,10.0,40.0,NORMAL,2026-04-29
SUBJ075,WEEK12,CREAT,Creatinine,0.89,mg/dL,0.6,1.3,NORMAL,2026-04-29
SUBJ075,WEEK12,EGFR,Estimated glomerular filtration rate,107.13,mL/min/1.73m²,60.0,999.0,NORMAL,2026-04-29
SUBJ076,BASELINE,HBA1C,HbA1c,8.97,%,4.0,5.6,ABNORMAL,2026-02-10
SUBJ076,BASELINE,FPG,Fasting plasma glucose,149.87,mg/dL,70.0,99.0,ABNORMAL,2026-02-10
SUBJ076,BASELINE,INSULIN,Insulin,17.18,µIU/mL,2.6,24.9,NORMAL,2026-02-10
SUBJ076,BASELINE,CPEPTIDE,C-peptide,2.92,ng/mL,1.1,4.4,NORMAL,2026-02-10
SUBJ076,BASELINE,TC,Total cholesterol,139.73,mg/dL,125.0,200.0,NORMAL,2026-02-10
SUBJ076,BASELINE,LDL,LDL cholesterol,148.43,mg/dL,0.0,100.0,ABNORMAL,2026-02-10
SUBJ076,BASELINE,HDL,HDL cholesterol,49.25,mg/dL,40.0,999.0,NORMAL,2026-02-10
SUBJ076,BASELINE,TG,Triglycerides,125.38,mg/dL,0.0,150.0,NORMAL,2026-02-10
SUBJ076,BASELINE,ALT,Alanine aminotransferase,28.87,U/L,7.0,56.0,NORMAL,2026-02-10
SUBJ076,BASELINE,AST,Aspartate aminotransferase,19.85,U/L,10.0,40.0,NORMAL,2026-02-10
SUBJ076,BASELINE,CREAT,Creatinine,0.69,mg/dL,0.6,1.3,NORMAL,2026-02-10
SUBJ076,BASELINE,EGFR,Estimated glomerular filtration rate,74.76,mL/min/1.73m²,60.0,999.0,NORMAL,2026-02-10
SUBJ076,WEEK4,HBA1C,HbA1c,8.99,%,4.0,5.6,ABNORMAL,2026-03-08
SUBJ076,WEEK4,FPG,Fasting plasma glucose,135.33,mg/dL,70.0,99.0,ABNORMAL,2026-03-08
SUBJ076,WEEK4,INSULIN,Insulin,16.54,µIU/mL,2.6,24.9,NORMAL,2026-03-08
SUBJ076,WEEK4,CPEPTIDE,C-peptide,3.0,ng/mL,1.1,4.4,NORMAL,2026-03-08
SUBJ076,WEEK4,TC,Total cholesterol,136.27,mg/dL,125.0,200.0,NORMAL,2026-03-08
SUBJ076,WEEK4,LDL,LDL cholesterol,140.54,mg/dL,0.0,100.0,ABNORMAL,2026-03-08
SUBJ076,WEEK4,HDL,HDL cholesterol,49.56,mg/dL,40.0,999.0,NORMAL,2026-03-08
SUBJ076,WEEK4,TG,Triglycerides,133.5,mg/dL,0.0,150.0,NORMAL,2026-03-08
SUBJ076,WEEK4,ALT,Alanine aminotransferase,18.54,U/L,7.0,56.0,NORMAL,2026-03-08
SUBJ076,WEEK4,AST,Aspartate aminotransferase,22.04,U/L,10.0,40.0,NORMAL,2026-03-08
SUBJ076,WEEK4,CREAT,Creatinine,0.64,mg/dL,0.6,1.3,NORMAL,2026-03-08
SUBJ076,WEEK4,EGFR,Estimated glomerular filtration rate,72.53,mL/min/1.73m²,60.0,999.0,NORMAL,2026-03-08
SUBJ076,WEEK8,HBA1C,HbA1c,8.97,%,4.0,5.6,ABNORMAL,2026-04-09
SUBJ076,WEEK8,FPG,Fasting plasma glucose,131.47,mg/dL,70.0,99.0,ABNORMAL,2026-04-09
SUBJ076,WEEK8,INSULIN,Insulin,17.05,µIU/mL,2.6,24.9,NORMAL,2026-04-09
SUBJ076,WEEK8,CPEPTIDE,C-peptide,2.99,ng/mL,1.1,4.4,NORMAL,2026-04-09
SUBJ076,WEEK8,TC,Total cholesterol,133.46,mg/dL,125.0,200.0,NORMAL,2026-04-09
SUBJ076,WEEK8,LDL,LDL cholesterol,143.82,mg/dL,0.0,100.0,ABNORMAL,2026-04-09
SUBJ076,WEEK8,HDL,HDL cholesterol,51.76,mg/dL,40.0,999.0,NORMAL,2026-04-09
SUBJ076,WEEK8,TG,Triglycerides,130.29,mg/dL,0.0,150.0,NORMAL,2026-04-09
SUBJ076,WEEK8,ALT,Alanine aminotransferase,29.14,U/L,7.0,56.0,NORMAL,2026-04-09
SUBJ076,WEEK8,AST,Aspartate aminotransferase,16.35,U/L,10.0,40.0,NORMAL,2026-04-09
SUBJ076,WEEK8,CREAT,Creatinine,0.64,mg/dL,0.6,1.3,NORMAL,2026-04-09
SUBJ076,WEEK8,EGFR,Estimated glomerular filtration rate,68.17,mL/min/1.73m²,60.0,999.0,NORMAL,2026-04-09
SUBJ076,WEEK12,HBA1C,HbA1c,8.79,%,4.0,5.6,ABNORMAL,2026-05-03
SUBJ076,WEEK12,FPG,Fasting plasma glucose,136.32,mg/dL,70.0,99.0,ABNORMAL,2026-05-03
SUBJ076,WEEK12,INSULIN,Insulin,14.97,µIU/mL,2.6,24.9,NORMAL,2026-05-03
SUBJ076,WEEK12,CPEPTIDE,C-peptide,2.99,ng/mL,1.1,4.4,NORMAL,2026-05-03
SUBJ076,WEEK12,TC,Total cholesterol,139.79,mg/dL,125.0,200.0,NORMAL,2026-05-03
SUBJ076,WEEK12,LDL,LDL cholesterol,141.98,mg/dL,0.0,100.0,ABNORMAL,2026-05-03
SUBJ076,WEEK12,HDL,HDL cholesterol,46.03,mg/dL,40.0,999.0,NORMAL,2026-05-03
SUBJ076,WEEK12,TG,Triglycerides,139.36,mg/dL,0.0,150.0,NORMAL,2026-05-03
SUBJ076,WEEK12,ALT,Alanine aminotransferase,25.26,U/L,7.0,56.0,NORMAL,2026-05-03
SUBJ076,WEEK12,AST,Aspartate aminotransferase,18.22,U/L,10.0,40.0,NORMAL,2026-05-03
SUBJ076,WEEK12,CREAT,Creatinine,0.64,mg/dL,0.6,1.3,NORMAL,2026-05-03
SUBJ076,WEEK12,EGFR,Estimated glomerular filtration rate,71.8,mL/min/1.73m²,60.0,999.0,NORMAL,2026-05-03
SUBJ077,BASELINE,HBA1C,HbA1c,9.64,%,4.0,5.6,ABNORMAL,2026-02-03
SUBJ077,BASELINE,FPG,Fasting plasma glucose,170.79,mg/dL,70.0,99.0,ABNORMAL,2026-02-03
SUBJ077,BASELINE,INSULIN,Insulin,21.22,µIU/mL,2.6,24.9,NORMAL,2026-02-03
SUBJ077,BASELINE,CPEPTIDE,C-peptide,2.74,ng/mL,1.1,4.4,NORMAL,2026-02-03
SUBJ077,BASELINE,TC,Total cholesterol,187.22,mg/dL,125.0,200.0,NORMAL,2026-02-03
SUBJ077,BASELINE,LDL,LDL cholesterol,103.04,mg/dL,0.0,100.0,ABNORMAL,2026-02-03
SUBJ077,BASELINE,HDL,HDL cholesterol,30.16,mg/dL,40.0,999.0,ABNORMAL,2026-02-03
SUBJ077,BASELINE,TG,Triglycerides,105.63,mg/dL,0.0,150.0,NORMAL,2026-02-03
SUBJ077,BASELINE,ALT,Alanine aminotransferase,28.97,U/L,7.0,56.0,NORMAL,2026-02-03
SUBJ077,BASELINE,AST,Aspartate aminotransferase,22.6,U/L,10.0,40.0,NORMAL,2026-02-03
SUBJ077,BASELINE,CREAT,Creatinine,0.69,mg/dL,0.6,1.3,NORMAL,2026-02-03
SUBJ077,BASELINE,EGFR,Estimated glomerular filtration rate,82.25,mL/min/1.73m²,60.0,999.0,NORMAL,2026-02-03
SUBJ077,WEEK4,HBA1C,HbA1c,9.43,%,4.0,5.6,ABNORMAL,2026-03-01
SUBJ077,WEEK4,FPG,Fasting plasma glucose,166.66,mg/dL,70.0,99.0,ABNORMAL,2026-03-01
SUBJ077,WEEK4,INSULIN,Insulin,18.58,µIU/mL,2.6,24.9,NORMAL,2026-03-01
SUBJ077,WEEK4,CPEPTIDE,C-peptide,2.76,ng/mL,1.1,4.4,NORMAL,2026-03-01
SUBJ077,WEEK4,TC,Total cholesterol,184.73,mg/dL,125.0,200.0,NORMAL,2026-03-01
SUBJ077,WEEK4,LDL,LDL cholesterol,101.53,mg/dL,0.0,100.0,ABNORMAL,2026-03-01
SUBJ077,WEEK4,HDL,HDL cholesterol,31.23,mg/dL,40.0,999.0,ABNORMAL,2026-03-01
SUBJ077,WEEK4,TG,Triglycerides,123.9,mg/dL,0.0,150.0,NORMAL,2026-03-01
SUBJ077,WEEK4,ALT,Alanine aminotransferase,25.65,U/L,7.0,56.0,NORMAL,2026-03-01
SUBJ077,WEEK4,AST,Aspartate aminotransferase,26.04,U/L,10.0,40.0,NORMAL,2026-03-01
SUBJ077,WEEK4,CREAT,Creatinine,0.73,mg/dL,0.6,1.3,NORMAL,2026-03-01
SUBJ077,WEEK4,EGFR,Estimated glomerular filtration rate,76.58,mL/min/1.73m²,60.0,999.0,NORMAL,2026-03-01
SUBJ078,BASELINE,HBA1C,HbA1c,8.57,%,4.0,5.6,ABNORMAL,2026-02-05
SUBJ078,BASELINE,FPG,Fasting plasma glucose,174.36,mg/dL,70.0,99.0,ABNORMAL,2026-02-05
SUBJ078,BASELINE,INSULIN,Insulin,21.64,µIU/mL,2.6,24.9,NORMAL,2026-02-05
SUBJ078,BASELINE,CPEPTIDE,C-peptide,3.16,ng/mL,1.1,4.4,NORMAL,2026-02-05
SUBJ078,BASELINE,TC,Total cholesterol,254.35,mg/dL,125.0,200.0,ABNORMAL,2026-02-05
SUBJ078,BASELINE,LDL,LDL cholesterol,121.66,mg/dL,0.0,100.0,ABNORMAL,2026-02-05
SUBJ078,BASELINE,HDL,HDL cholesterol,23.81,mg/dL,40.0,999.0,ABNORMAL,2026-02-05
SUBJ078,BASELINE,TG,Triglycerides,197.92,mg/dL,0.0,150.0,ABNORMAL,2026-02-05
SUBJ078,BASELINE,ALT,Alanine aminotransferase,29.39,U/L,7.0,56.0,NORMAL,2026-02-05
SUBJ078,BASELINE,AST,Aspartate aminotransferase,20.32,U/L,10.0,40.0,NORMAL,2026-02-05
SUBJ078,BASELINE,CREAT,Creatinine,1.02,mg/dL,0.6,1.3,NORMAL,2026-02-05
SUBJ078,BASELINE,EGFR,Estimated glomerular filtration rate,92.77,mL/min/1.73m²,60.0,999.0,NORMAL,2026-02-05
SUBJ078,WEEK4,HBA1C,HbA1c,8.4,%,4.0,5.6,ABNORMAL,2026-03-06
SUBJ078,WEEK4,FPG,Fasting plasma glucose,162.41,mg/dL,70.0,99.0,ABNORMAL,2026-03-06
SUBJ078,WEEK4,INSULIN,Insulin,21.18,µIU/mL,2.6,24.9,NORMAL,2026-03-06
SUBJ078,WEEK4,CPEPTIDE,C-peptide,3.08,ng/mL,1.1,4.4,NORMAL,2026-03-06
SUBJ078,WEEK4,TC,Total cholesterol,233.85,mg/dL,125.0,200.0,ABNORMAL,2026-03-06
SUBJ078,WEEK4,LDL,LDL cholesterol,117.65,mg/dL,0.0,100.0,ABNORMAL,2026-03-06
SUBJ078,WEEK4,HDL,HDL cholesterol,26.37,mg/dL,40.0,999.0,ABNORMAL,2026-03-06
SUBJ078,WEEK4,TG,Triglycerides,210.39,mg/dL,0.0,150.0,ABNORMAL,2026-03-06
SUBJ078,WEEK4,ALT,Alanine aminotransferase,28.98,U/L,7.0,56.0,NORMAL,2026-03-06
SUBJ078,WEEK4,AST,Aspartate aminotransferase,19.47,U/L,10.0,40.0,NORMAL,2026-03-06
SUBJ078,WEEK4,CREAT,Creatinine,1.02,mg/dL,0.6,1.3,NORMAL,2026-03-06
SUBJ078,WEEK4,EGFR,Estimated glomerular filtration rate,91.31,mL/min/1.73m²,60.0,999.0,NORMAL,2026-03-06
SUBJ078,WEEK8,HBA1C,HbA1c,8.22,%,4.0,5.6,ABNORMAL,2026-03-31
SUBJ078,WEEK8,FPG,Fasting plasma glucose,160.59,mg/dL,70.0,99.0,ABNORMAL,2026-03-31
SUBJ078,WEEK8,INSULIN,Insulin,21.16,µIU/mL,2.6,24.9,NORMAL,2026-03-31
SUBJ078,WEEK8,CPEPTIDE,C-peptide,2.97,ng/mL,1.1,4.4,NORMAL,2026-03-31
SUBJ078,WEEK8,TC,Total cholesterol,242.76,mg/dL,125.0,200.0,ABNORMAL,2026-03-31
SUBJ078,WEEK8,LDL,LDL cholesterol,117.35,mg/dL,0.0,100.0,ABNORMAL,2026-03-31
SUBJ078,WEEK8,HDL,HDL cholesterol,25.41,mg/dL,40.0,999.0,ABNORMAL,2026-03-31
SUBJ078,WEEK8,TG,Triglycerides,190.86,mg/dL,0.0,150.0,ABNORMAL,2026-03-31
SUBJ078,WEEK8,ALT,Alanine aminotransferase,24.55,U/L,7.0,56.0,NORMAL,2026-03-31
SUBJ078,WEEK8,AST,Aspartate aminotransferase,18.13,U/L,10.0,40.0,NORMAL,2026-03-31
SUBJ078,WEEK8,CREAT,Creatinine,1.02,mg/dL,0.6,1.3,NORMAL,2026-03-31
SUBJ078,WEEK8,EGFR,Estimated glomerular filtration rate,90.47,mL/min/1.73m²,60.0,999.0,NORMAL,2026-03-31
SUBJ078,WEEK12,HBA1C,HbA1c,8.07,%,4.0,5.6,ABNORMAL,2026-04-29
SUBJ078,WEEK12,FPG,Fasting plasma glucose,148.75,mg/dL,70.0,99.0,ABNORMAL,2026-04-29
SUBJ078,WEEK12,INSULIN,Insulin,20.36,µIU/mL,2.6,24.9,NORMAL,2026-04-29
SUBJ078,WEEK12,CPEPTIDE,C-peptide,2.76,ng/mL,1.1,4.4,NORMAL,2026-04-29
SUBJ078,WEEK12,TC,Total cholesterol,240.33,mg/dL,125.0,200.0,ABNORMAL,2026-04-29
SUBJ078,WEEK12,LDL,LDL cholesterol,120.34,mg/dL,0.0,100.0,ABNORMAL,2026-04-29
SUBJ078,WEEK12,HDL,HDL cholesterol,27.88,mg/dL,40.0,999.0,ABNORMAL,2026-04-29
SUBJ078,WEEK12,TG,Triglycerides,196.19,mg/dL,0.0,150.0,ABNORMAL,2026-04-29
SUBJ078,WEEK12,ALT,Alanine aminotransferase,28.02,U/L,7.0,56.0,NORMAL,2026-04-29
SUBJ078,WEEK12,AST,Aspartate aminotransferase,17.08,U/L,10.0,40.0,NORMAL,2026-04-29
SUBJ078,WEEK12,CREAT,Creatinine,0.98,mg/dL,0.6,1.3,NORMAL,2026-04-29
SUBJ078,WEEK12,EGFR,Estimated glomerular filtration rate,89.87,mL/min/1.73m²,60.0,999.0,NORMAL,2026-04-29
SUBJ079,BASELINE,HBA1C,HbA1c,7.83,%,4.0,5.6,ABNORMAL,2026-02-13
SUBJ079,BASELINE,FPG,Fasting plasma glucose,134.62,mg/dL,70.0,99.0,ABNORMAL,2026-02-13
SUBJ079,BASELINE,INSULIN,Insulin,4.07,µIU/mL,2.6,24.9,NORMAL,2026-02-13
SUBJ079,BASELINE,CPEPTIDE,C-peptide,3.68,ng/mL,1.1,4.4,NORMAL,2026-02-13
SUBJ079,BASELINE,TC,Total cholesterol,179.05,mg/dL,125.0,200.0,NORMAL,2026-02-13
SUBJ079,BASELINE,LDL,LDL cholesterol,127.21,mg/dL,0.0,100.0,ABNORMAL,2026-02-13
SUBJ079,BASELINE,HDL,HDL cholesterol,53.98,mg/dL,40.0,999.0,NORMAL,2026-02-13
SUBJ079,BASELINE,TG,Triglycerides,165.82,mg/dL,0.0,150.0,ABNORMAL,2026-02-13
SUBJ079,BASELINE,ALT,Alanine aminotransferase,33.4,U/L,7.0,56.0,NORMAL,2026-02-13
SUBJ079,BASELINE,AST,Aspartate aminotransferase,26.86,U/L,10.0,40.0,NORMAL,2026-02-13
SUBJ079,BASELINE,CREAT,Creatinine,0.98,mg/dL,0.6,1.3,NORMAL,2026-02-13
SUBJ079,BASELINE,EGFR,Estimated glomerular filtration rate,78.93,mL/min/1.73m²,60.0,999.0,NORMAL,2026-02-13
SUBJ079,WEEK4,HBA1C,HbA1c,7.43,%,4.0,5.6,ABNORMAL,2026-03-13
SUBJ079,WEEK4,FPG,Fasting plasma glucose,125.81,mg/dL,70.0,99.0,ABNORMAL,2026-03-13
SUBJ079,WEEK4,INSULIN,Insulin,4.34,µIU/mL,2.6,24.9,NORMAL,2026-03-13
SUBJ079,WEEK4,CPEPTIDE,C-peptide,3.1,ng/mL,1.1,4.4,NORMAL,2026-03-13
SUBJ079,WEEK4,TC,Total cholesterol,170.44,mg/dL,125.0,200.0,NORMAL,2026-03-13
SUBJ079,WEEK4,LDL,LDL cholesterol,118.85,mg/dL,0.0,100.0,ABNORMAL,2026-03-13
SUBJ079,WEEK4,HDL,HDL cholesterol,52.2,mg/dL,40.0,999.0,NORMAL,2026-03-13
SUBJ079,WEEK4,TG,Triglycerides,161.26,mg/dL,0.0,150.0,ABNORMAL,2026-03-13
SUBJ079,WEEK4,ALT,Alanine aminotransferase,23.9,U/L,7.0,56.0,NORMAL,2026-03-13
SUBJ079,WEEK4,AST,Aspartate aminotransferase,31.64,U/L,10.0,40.0,NORMAL,2026-03-13
SUBJ079,WEEK4,CREAT,Creatinine,0.93,mg/dL,0.6,1.3,NORMAL,2026-03-13
SUBJ079,WEEK4,EGFR,Estimated glomerular filtration rate,80.38,mL/min/1.73m²,60.0,999.0,NORMAL,2026-03-13
SUBJ079,WEEK8,HBA1C,HbA1c,7.48,%,4.0,5.6,ABNORMAL,2026-04-09
SUBJ079,WEEK8,FPG,Fasting plasma glucose,120.37,mg/dL,70.0,99.0,ABNORMAL,2026-04-09
SUBJ079,WEEK8,INSULIN,Insulin,4.77,µIU/mL,2.6,24.9,NORMAL,2026-04-09
SUBJ079,WEEK8,CPEPTIDE,C-peptide,3.44,ng/mL,1.1,4.4,NORMAL,2026-04-09
SUBJ079,WEEK8,TC,Total cholesterol,178.02,mg/dL,125.0,200.0,NORMAL,2026-04-09
SUBJ079,WEEK8,LDL,LDL cholesterol,124.52,mg/dL,0.0,100.0,ABNORMAL,2026-04-09
SUBJ079,WEEK8,HDL,HDL cholesterol,52.17,mg/dL,40.0,999.0,NORMAL,2026-04-09
SUBJ079,WEEK8,TG,Triglycerides,171.15,mg/dL,0.0,150.0,ABNORMAL,2026-04-09
SUBJ079,WEEK8,ALT,Alanine aminotransferase,28.8,U/L,7.0,56.0,NORMAL,2026-04-09
SUBJ079,WEEK8,AST,Aspartate aminotransferase,28.18,U/L,10.0,40.0,NORMAL,2026-04-09
SUBJ079,WEEK8,CREAT,Creatinine,0.94,mg/dL,0.6,1.3,NORMAL,2026-04-09
SUBJ079,WEEK8,EGFR,Estimated glomerular filtration rate,83.92,mL/min/1.73m²,60.0,999.0,NORMAL,2026-04-09
SUBJ080,BASELINE,HBA1C,HbA1c,9.66,%,4.0,5.6,ABNORMAL,2026-01-28
SUBJ080,BASELINE,FPG,Fasting plasma glucose,175.62,mg/dL,70.0,99.0,ABNORMAL,2026-01-28
SUBJ080,BASELINE,INSULIN,Insulin,20.05,µIU/mL,2.6,24.9,NORMAL,2026-01-28
SUBJ080,BASELINE,CPEPTIDE,C-peptide,1.94,ng/mL,1.1,4.4,NORMAL,2026-01-28
SUBJ080,BASELINE,TC,Total cholesterol,190.02,mg/dL,125.0,200.0,NORMAL,2026-01-28
SUBJ080,BASELINE,LDL,LDL cholesterol,80.76,mg/dL,0.0,100.0,NORMAL,2026-01-28
SUBJ080,BASELINE,HDL,HDL cholesterol,39.14,mg/dL,40.0,999.0,ABNORMAL,2026-01-28
SUBJ080,BASELINE,TG,Triglycerides,181.41,mg/dL,0.0,150.0,ABNORMAL,2026-01-28
SUBJ080,BASELINE,ALT,Alanine aminotransferase,40.56,U/L,7.0,56.0,NORMAL,2026-01-28
SUBJ080,BASELINE,AST,Aspartate aminotransferase,13.6,U/L,10.0,40.0,NORMAL,2026-01-28
SUBJ080,BASELINE,CREAT,Creatinine,0.96,mg/dL,0.6,1.3,NORMAL,2026-01-28
SUBJ080,BASELINE,EGFR,Estimated glomerular filtration rate,102.4,mL/min/1.73m²,60.0,999.0,NORMAL,2026-01-28
SUBJ080,WEEK4,HBA1C,HbA1c,9.35,%,4.0,5.6,ABNORMAL,2026-02-27
SUBJ080,WEEK4,FPG,Fasting plasma glucose,160.84,mg/dL,70.0,99.0,ABNORMAL,2026-02-27
SUBJ080,WEEK4,INSULIN,Insulin,19.99,µIU/mL,2.6,24.9,NORMAL,2026-02-27
SUBJ080,WEEK4,CPEPTIDE,C-peptide,2.06,ng/mL,1.1,4.4,NORMAL,2026-02-27
SUBJ080,WEEK4,TC,Total cholesterol,189.59,mg/dL,125.0,200.0,NORMAL,2026-02-27
SUBJ080,WEEK4,LDL,LDL cholesterol,77.14,mg/dL,0.0,100.0,NORMAL,2026-02-27
SUBJ080,WEEK4,HDL,HDL cholesterol,41.5,mg/dL,40.0,999.0,NORMAL,2026-02-27
SUBJ080,WEEK4,TG,Triglycerides,192.51,mg/dL,0.0,150.0,ABNORMAL,2026-02-27
SUBJ080,WEEK4,ALT,Alanine aminotransferase,41.31,U/L,7.0,56.0,NORMAL,2026-02-27
SUBJ080,WEEK4,AST,Aspartate aminotransferase,10.78,U/L,10.0,40.0,NORMAL,2026-02-27
SUBJ080,WEEK4,CREAT,Creatinine,0.94,mg/dL,0.6,1.3,NORMAL,2026-02-27
SUBJ080,WEEK4,EGFR,Estimated glomerular filtration rate,98.77,mL/min/1.73m²,60.0,999.0,NORMAL,2026-02-27
SUBJ080,WEEK8,HBA1C,HbA1c,9.17,%,4.0,5.6,ABNORMAL,2026-03-27
SUBJ080,WEEK8,FPG,Fasting plasma glucose,153.22,mg/dL,70.0,99.0,ABNORMAL,2026-03-27
SUBJ080,WEEK8,INSULIN,Insulin,18.24,µIU/mL,2.6,24.9,NORMAL,2026-03-27
SUBJ080,WEEK8,CPEPTIDE,C-peptide,2.27,ng/mL,1.1,4.4,NORMAL,2026-03-27
SUBJ080,WEEK8,TC,Total cholesterol,196.37,mg/dL,125.0,200.0,NORMAL,2026-03-27
SUBJ080,WEEK8,LDL,LDL cholesterol,79.12,mg/dL,0.0,100.0,NORMAL,2026-03-27
SUBJ080,WEEK8,HDL,HDL cholesterol,42.79,mg/dL,40.0,999.0,NORMAL,2026-03-27
SUBJ080,WEEK8,TG,Triglycerides,194.58,mg/dL,0.0,150.0,ABNORMAL,2026-03-27
SUBJ080,WEEK8,ALT,Alanine aminotransferase,43.38,U/L,7.0,56.0,NORMAL,2026-03-27
SUBJ080,WEEK8,AST,Aspartate aminotransferase,7.43,U/L,10.0,40.0,ABNORMAL,2026-03-27
SUBJ080,WEEK8,CREAT,Creatinine,0.97,mg/dL,0.6,1.3,NORMAL,2026-03-27
SUBJ080,WEEK8,EGFR,Estimated glomerular filtration rate,100.61,mL/min/1.73m²,60.0,999.0,NORMAL,2026-03-27
SUBJ081,BASELINE,HBA1C,HbA1c,9.34,%,4.0,5.6,ABNORMAL,2026-01-30
SUBJ081,BASELINE,FPG,Fasting plasma glucose,204.28,mg/dL,70.0,99.0,ABNORMAL,2026-01-30
SUBJ081,BASELINE,INSULIN,Insulin,19.3,µIU/mL,2.6,24.9,NORMAL,2026-01-30
SUBJ081,BASELINE,CPEPTIDE,C-peptide,2.27,ng/mL,1.1,4.4,NORMAL,2026-01-30
SUBJ081,BASELINE,TC,Total cholesterol,200.18,mg/dL,125.0,200.0,ABNORMAL,2026-01-30
SUBJ081,BASELINE,LDL,LDL cholesterol,127.81,mg/dL,0.0,100.0,ABNORMAL,2026-01-30
SUBJ081,BASELINE,HDL,HDL cholesterol,37.45,mg/dL,40.0,999.0,ABNORMAL,2026-01-30
SUBJ081,BASELINE,TG,Triglycerides,185.88,mg/dL,0.0,150.0,ABNORMAL,2026-01-30
SUBJ081,BASELINE,ALT,Alanine aminotransferase,24.29,U/L,7.0,56.0,NORMAL,2026-01-30
SUBJ081,BASELINE,AST,Aspartate aminotransferase,37.99,U/L,10.0,40.0,NORMAL,2026-01-30
SUBJ081,BASELINE,CREAT,Creatinine,0.97,mg/dL,0.6,1.3,NORMAL,2026-01-30
SUBJ081,BASELINE,EGFR,Estimated glomerular filtration rate,119.04,mL/min/1.73m²,60.0,999.0,NORMAL,2026-01-30
SUBJ081,WEEK4,HBA1C,HbA1c,8.91,%,4.0,5.6,ABNORMAL,2026-02-26
SUBJ081,WEEK4,FPG,Fasting plasma glucose,185.53,mg/dL,70.0,99.0,ABNORMAL,2026-02-26
SUBJ081,WEEK4,INSULIN,Insulin,19.73,µIU/mL,2.6,24.9,NORMAL,2026-02-26
SUBJ081,WEEK4,CPEPTIDE,C-peptide,2.31,ng/mL,1.1,4.4,NORMAL,2026-02-26
SUBJ081,WEEK4,TC,Total cholesterol,187.2,mg/dL,125.0,200.0,NORMAL,2026-02-26
SUBJ081,WEEK4,LDL,LDL cholesterol,126.16,mg/dL,0.0,100.0,ABNORMAL,2026-02-26
SUBJ081,WEEK4,HDL,HDL cholesterol,40.23,mg/dL,40.0,999.0,NORMAL,2026-02-26
SUBJ081,WEEK4,TG,Triglycerides,172.47,mg/dL,0.0,150.0,ABNORMAL,2026-02-26
SUBJ081,WEEK4,ALT,Alanine aminotransferase,20.89,U/L,7.0,56.0,NORMAL,2026-02-26
SUBJ081,WEEK4,AST,Aspartate aminotransferase,43.66,U/L,10.0,40.0,ABNORMAL,2026-02-26
SUBJ081,WEEK4,CREAT,Creatinine,0.95,mg/dL,0.6,1.3,NORMAL,2026-02-26
SUBJ081,WEEK4,EGFR,Estimated glomerular filtration rate,119.84,mL/min/1.73m²,60.0,999.0,NORMAL,2026-02-26
SUBJ081,WEEK8,HBA1C,HbA1c,8.66,%,4.0,5.6,ABNORMAL,2026-03-29
SUBJ081,WEEK8,FPG,Fasting plasma glucose,174.37,mg/dL,70.0,99.0,ABNORMAL,2026-03-29
SUBJ081,WEEK8,INSULIN,Insulin,16.69,µIU/mL,2.6,24.9,NORMAL,2026-03-29
SUBJ081,WEEK8,CPEPTIDE,C-peptide,2.28,ng/mL,1.1,4.4,NORMAL,2026-03-29
SUBJ081,WEEK8,TC,Total cholesterol,171.39,mg/dL,125.0,200.0,NORMAL,2026-03-29
SUBJ081,WEEK8,LDL,LDL cholesterol,129.56,mg/dL,0.0,100.0,ABNORMAL,2026-03-29
SUBJ081,WEEK8,HDL,HDL cholesterol,40.13,mg/dL,40.0,999.0,NORMAL,2026-03-29
SUBJ081,WEEK8,TG,Triglycerides,188.68,mg/dL,0.0,150.0,ABNORMAL,2026-03-29
SUBJ081,WEEK8,ALT,Alanine aminotransferase,23.54,U/L,7.0,56.0,NORMAL,2026-03-29
SUBJ081,WEEK8,AST,Aspartate aminotransferase,39.76,U/L,10.0,40.0,NORMAL,2026-03-29
SUBJ081,WEEK8,CREAT,Creatinine,0.88,mg/dL,0.6,1.3,NORMAL,2026-03-29
SUBJ081,WEEK8,EGFR,Estimated glomerular filtration rate,118.71,mL/min/1.73m²,60.0,999.0,NORMAL,2026-03-29
SUBJ082,BASELINE,HBA1C,HbA1c,8.83,%,4.0,5.6,ABNORMAL,2026-01-13
SUBJ082,BASELINE,FPG,Fasting plasma glucose,160.1,mg/dL,70.0,99.0,ABNORMAL,2026-01-13
SUBJ082,BASELINE,INSULIN,Insulin,5.88,µIU/mL,2.6,24.9,NORMAL,2026-01-13
SUBJ082,BASELINE,CPEPTIDE,C-peptide,2.07,ng/mL,1.1,4.4,NORMAL,2026-01-13
SUBJ082,BASELINE,TC,Total cholesterol,156.61,mg/dL,125.0,200.0,NORMAL,2026-01-13
SUBJ082,BASELINE,LDL,LDL cholesterol,154.27,mg/dL,0.0,100.0,ABNORMAL,2026-01-13
SUBJ082,BASELINE,HDL,HDL cholesterol,46.78,mg/dL,40.0,999.0,NORMAL,2026-01-13
SUBJ082,BASELINE,TG,Triglycerides,251.09,mg/dL,0.0,150.0,ABNORMAL,2026-01-13
SUBJ082,BASELINE,ALT,Alanine aminotransferase,34.4,U/L,7.0,56.0,NORMAL,2026-01-13
SUBJ082,BASELINE,AST,Aspartate aminotransferase,24.74,U/L,10.0,40.0,NORMAL,2026-01-13
SUBJ082,BASELINE,CREAT,Creatinine,0.79,mg/dL,0.6,1.3,NORMAL,2026-01-13
SUBJ082,BASELINE,EGFR,Estimated glomerular filtration rate,96.91,mL/min/1.73m²,60.0,999.0,NORMAL,2026-01-13
SUBJ082,WEEK4,HBA1C,HbA1c,8.55,%,4.0,5.6,ABNORMAL,2026-02-12
SUBJ082,WEEK4,FPG,Fasting plasma glucose,152.51,mg/dL,70.0,99.0,ABNORMAL,2026-02-12
SUBJ082,WEEK4,INSULIN,Insulin,7.28,µIU/mL,2.6,24.9,NORMAL,2026-02-12
SUBJ082,WEEK4,CPEPTIDE,C-peptide,1.96,ng/mL,1.1,4.4,NORMAL,2026-02-12
SUBJ082,WEEK4,TC,Total cholesterol,157.57,mg/dL,125.0,200.0,NORMAL,2026-02-12
SUBJ082,WEEK4,LDL,LDL cholesterol,156.72,mg/dL,0.0,100.0,ABNORMAL,2026-02-12
SUBJ082,WEEK4,HDL,HDL cholesterol,51.94,mg/dL,40.0,999.0,NORMAL,2026-02-12
SUBJ082,WEEK4,TG,Triglycerides,250.29,mg/dL,0.0,150.0,ABNORMAL,2026-02-12
SUBJ082,WEEK4,ALT,Alanine aminotransferase,33.76,U/L,7.0,56.0,NORMAL,2026-02-12
SUBJ082,WEEK4,AST,Aspartate aminotransferase,24.58,U/L,10.0,40.0,NORMAL,2026-02-12
SUBJ082,WEEK4,CREAT,Creatinine,0.81,mg/dL,0.6,1.3,NORMAL,2026-02-12
SUBJ082,WEEK4,EGFR,Estimated glomerular filtration rate,100.27,mL/min/1.73m²,60.0,999.0,NORMAL,2026-02-12
SUBJ083,BASELINE,HBA1C,HbA1c,7.65,%,4.0,5.6,ABNORMAL,2026-01-18
SUBJ083,BASELINE,FPG,Fasting plasma glucose,164.22,mg/dL,70.0,99.0,ABNORMAL,2026-01-18
SUBJ083,BASELINE,INSULIN,Insulin,18.77,µIU/mL,2.6,24.9,NORMAL,2026-01-18
SUBJ083,BASELINE,CPEPTIDE,C-peptide,1.13,ng/mL,1.1,4.4,NORMAL,2026-01-18
SUBJ083,BASELINE,TC,Total cholesterol,151.64,mg/dL,125.0,200.0,NORMAL,2026-01-18
SUBJ083,BASELINE,LDL,LDL cholesterol,132.21,mg/dL,0.0,100.0,ABNORMAL,2026-01-18
SUBJ083,BASELINE,HDL,HDL cholesterol,31.59,mg/dL,40.0,999.0,ABNORMAL,2026-01-18
SUBJ083,BASELINE,TG,Triglycerides,63.04,mg/dL,0.0,150.0,NORMAL,2026-01-18
SUBJ083,BASELINE,ALT,Alanine aminotransferase,27.45,U/L,7.0,56.0,NORMAL,2026-01-18
SUBJ083,BASELINE,AST,Aspartate aminotransferase,27.0,U/L,10.0,40.0,NORMAL,2026-01-18
SUBJ083,BASELINE,CREAT,Creatinine,0.62,mg/dL,0.6,1.3,NORMAL,2026-01-18
SUBJ083,BASELINE,EGFR,Estimated glomerular filtration rate,79.29,mL/min/1.73m²,60.0,999.0,NORMAL,2026-01-18
SUBJ083,WEEK4,HBA1C,HbA1c,7.41,%,4.0,5.6,ABNORMAL,2026-02-14
SUBJ083,WEEK4,FPG,Fasting plasma glucose,159.5,mg/dL,70.0,99.0,ABNORMAL,2026-02-14
SUBJ083,WEEK4,INSULIN,Insulin,17.38,µIU/mL,2.6,24.9,NORMAL,2026-02-14
SUBJ083,WEEK4,CPEPTIDE,C-peptide,1.33,ng/mL,1.1,4.4,NORMAL,2026-02-14
SUBJ083,WEEK4,TC,Total cholesterol,142.09,mg/dL,125.0,200.0,NORMAL,2026-02-14
SUBJ083,WEEK4,LDL,LDL cholesterol,119.43,mg/dL,0.0,100.0,ABNORMAL,2026-02-14
SUBJ083,WEEK4,HDL,HDL cholesterol,30.42,mg/dL,40.0,999.0,ABNORMAL,2026-02-14
SUBJ083,WEEK4,TG,Triglycerides,75.39,mg/dL,0.0,150.0,NORMAL,2026-02-14
SUBJ083,WEEK4,ALT,Alanine aminotransferase,21.5,U/L,7.0,56.0,NORMAL,2026-02-14
SUBJ083,WEEK4,AST,Aspartate aminotransferase,30.17,U/L,10.0,40.0,NORMAL,2026-02-14
SUBJ083,WEEK4,CREAT,Creatinine,0.62,mg/dL,0.6,1.3,NORMAL,2026-02-14
SUBJ083,WEEK4,EGFR,Estimated glomerular filtration rate,82.29,mL/min/1.73m²,60.0,999.0,NORMAL,2026-02-14
SUBJ083,WEEK8,HBA1C,HbA1c,7.41,%,4.0,5.6,ABNORMAL,2026-03-15
SUBJ083,WEEK8,FPG,Fasting plasma glucose,148.5,mg/dL,70.0,99.0,ABNORMAL,2026-03-15
SUBJ083,WEEK8,INSULIN,Insulin,19.3,µIU/mL,2.6,24.9,NORMAL,2026-03-15
SUBJ083,WEEK8,CPEPTIDE,C-peptide,1.13,ng/mL,1.1,4.4,NORMAL,2026-03-15
SUBJ083,WEEK8,TC,Total cholesterol,145.02,mg/dL,125.0,200.0,NORMAL,2026-03-15
SUBJ083,WEEK8,LDL,LDL cholesterol,125.38,mg/dL,0.0,100.0,ABNORMAL,2026-03-15
SUBJ083,WEEK8,HDL,HDL cholesterol,30.92,mg/dL,40.0,999.0,ABNORMAL,2026-03-15
SUBJ083,WEEK8,TG,Triglycerides,74.19,mg/dL,0.0,150.0,NORMAL,2026-03-15
SUBJ083,WEEK8,ALT,Alanine aminotransferase,24.2,U/L,7.0,56.0,NORMAL,2026-03-15
SUBJ083,WEEK8,AST,Aspartate aminotransferase,25.65,U/L,10.0,40.0,NORMAL,2026-03-15
SUBJ083,WEEK8,CREAT,Creatinine,0.56,mg/dL,0.6,1.3,ABNORMAL,2026-03-15
SUBJ083,WEEK8,EGFR,Estimated glomerular filtration rate,84.34,mL/min/1.73m²,60.0,999.0,NORMAL,2026-03-15
SUBJ083,WEEK12,HBA1C,HbA1c,7.08,%,4.0,5.6,ABNORMAL,2026-04-11
SUBJ083,WEEK12,FPG,Fasting plasma glucose,147.45,mg/dL,70.0,99.0,ABNORMAL,2026-04-11
SUBJ083,WEEK12,INSULIN,Insulin,17.63,µIU/mL,2.6,24.9,NORMAL,2026-04-11
SUBJ083,WEEK12,CPEPTIDE,C-peptide,1.34,ng/mL,1.1,4.4,NORMAL,2026-04-11
SUBJ083,WEEK12,TC,Total cholesterol,141.82,mg/dL,125.0,200.0,NORMAL,2026-04-11
SUBJ083,WEEK12,LDL,LDL cholesterol,125.12,mg/dL,0.0,100.0,ABNORMAL,2026-04-11
SUBJ083,WEEK12,HDL,HDL cholesterol,37.21,mg/dL,40.0,999.0,ABNORMAL,2026-04-11
SUBJ083,WEEK12,TG,Triglycerides,65.12,mg/dL,0.0,150.0,NORMAL,2026-04-11
SUBJ083,WEEK12,ALT,Alanine aminotransferase,23.1,U/L,7.0,56.0,NORMAL,2026-04-11
SUBJ083,WEEK12,AST,Aspartate aminotransferase,24.54,U/L,10.0,40.0,NORMAL,2026-04-11
SUBJ083,WEEK12,CREAT,Creatinine,0.64,mg/dL,0.6,1.3,NORMAL,2026-04-11
SUBJ083,WEEK12,EGFR,Estimated glomerular filtration rate,74.51,mL/min/1.73m²,60.0,999.0,NORMAL,2026-04-11
SUBJ084,BASELINE,HBA1C,HbA1c,8.86,%,4.0,5.6,ABNORMAL,2026-01-16
SUBJ084,BASELINE,FPG,Fasting plasma glucose,219.27,mg/dL,70.0,99.0,ABNORMAL,2026-01-16
SUBJ084,BASELINE,INSULIN,Insulin,22.7,µIU/mL,2.6,24.9,NORMAL,2026-01-16
SUBJ084,BASELINE,CPEPTIDE,C-peptide,2.26,ng/mL,1.1,4.4,NORMAL,2026-01-16
SUBJ084,BASELINE,TC,Total cholesterol,164.53,mg/dL,125.0,200.0,NORMAL,2026-01-16
SUBJ084,BASELINE,LDL,LDL cholesterol,103.2,mg/dL,0.0,100.0,ABNORMAL,2026-01-16
SUBJ084,BASELINE,HDL,HDL cholesterol,41.55,mg/dL,40.0,999.0,NORMAL,2026-01-16
SUBJ084,BASELINE,TG,Triglycerides,62.23,mg/dL,0.0,150.0,NORMAL,2026-01-16
SUBJ084,BASELINE,ALT,Alanine aminotransferase,23.3,U/L,7.0,56.0,NORMAL,2026-01-16
SUBJ084,BASELINE,AST,Aspartate aminotransferase,32.31,U/L,10.0,40.0,NORMAL,2026-01-16
SUBJ084,BASELINE,CREAT,Creatinine,1.05,mg/dL,0.6,1.3,NORMAL,2026-01-16
SUBJ084,BASELINE,EGFR,Estimated glomerular filtration rate,96.62,mL/min/1.73m²,60.0,999.0,NORMAL,2026-01-16
SUBJ084,WEEK4,HBA1C,HbA1c,8.72,%,4.0,5.6,ABNORMAL,2026-02-13
SUBJ084,WEEK4,FPG,Fasting plasma glucose,216.06,mg/dL,70.0,99.0,ABNORMAL,2026-02-13
SUBJ084,WEEK4,INSULIN,Insulin,22.79,µIU/mL,2.6,24.9,NORMAL,2026-02-13
SUBJ084,WEEK4,CPEPTIDE,C-peptide,2.08,ng/mL,1.1,4.4,NORMAL,2026-02-13
SUBJ084,WEEK4,TC,Total cholesterol,167.1,mg/dL,125.0,200.0,NORMAL,2026-02-13
SUBJ084,WEEK4,LDL,LDL cholesterol,94.08,mg/dL,0.0,100.0,NORMAL,2026-02-13
SUBJ084,WEEK4,HDL,HDL cholesterol,40.67,mg/dL,40.0,999.0,NORMAL,2026-02-13
SUBJ084,WEEK4,TG,Triglycerides,72.43,mg/dL,0.0,150.0,NORMAL,2026-02-13
SUBJ084,WEEK4,ALT,Alanine aminotransferase,19.46,U/L,7.0,56.0,NORMAL,2026-02-13
SUBJ084,WEEK4,AST,Aspartate aminotransferase,32.22,U/L,10.0,40.0,NORMAL,2026-02-13
SUBJ084,WEEK4,CREAT,Creatinine,1.04,mg/dL,0.6,1.3,NORMAL,2026-02-13
SUBJ084,WEEK4,EGFR,Estimated glomerular filtration rate,92.33,mL/min/1.73m²,60.0,999.0,NORMAL,2026-02-13
SUBJ084,WEEK8,HBA1C,HbA1c,8.36,%,4.0,5.6,ABNORMAL,2026-03-12
SUBJ084,WEEK8,FPG,Fasting plasma glucose,197.81,mg/dL,70.0,99.0,ABNORMAL,2026-03-12
SUBJ084,WEEK8,INSULIN,Insulin,21.7,µIU/mL,2.6,24.9,NORMAL,2026-03-12
SUBJ084,WEEK8,CPEPTIDE,C-peptide,2.09,ng/mL,1.1,4.4,NORMAL,2026-03-12
SUBJ084,WEEK8,TC,Total cholesterol,159.22,mg/dL,125.0,200.0,NORMAL,2026-03-12
SUBJ084,WEEK8,LDL,LDL cholesterol,93.02,mg/dL,0.0,100.0,NORMAL,2026-03-12
SUBJ084,WEEK8,HDL,HDL cholesterol,45.17,mg/dL,40.0,999.0,NORMAL,2026-03-12
SUBJ084,WEEK8,TG,Triglycerides,51.32,mg/dL,0.0,150.0,NORMAL,2026-03-12
SUBJ084,WEEK8,ALT,Alanine aminotransferase,10.92,U/L,7.0,56.0,NORMAL,2026-03-12
SUBJ084,WEEK8,AST,Aspartate aminotransferase,35.87,U/L,10.0,40.0,NORMAL,2026-03-12
SUBJ084,WEEK8,CREAT,Creatinine,1.04,mg/dL,0.6,1.3,NORMAL,2026-03-12
SUBJ084,WEEK8,EGFR,Estimated glomerular filtration rate,94.59,mL/min/1.73m²,60.0,999.0,NORMAL,2026-03-12
SUBJ084,WEEK12,HBA1C,HbA1c,8.32,%,4.0,5.6,ABNORMAL,2026-04-09
SUBJ084,WEEK12,FPG,Fasting plasma glucose,195.06,mg/dL,70.0,99.0,ABNORMAL,2026-04-09
SUBJ084,WEEK12,INSULIN,Insulin,22.53,µIU/mL,2.6,24.9,NORMAL,2026-04-09
SUBJ084,WEEK12,CPEPTIDE,C-peptide,2.25,ng/mL,1.1,4.4,NORMAL,2026-04-09
SUBJ084,WEEK12,TC,Total cholesterol,156.78,mg/dL,125.0,200.0,NORMAL,2026-04-09
SUBJ084,WEEK12,LDL,LDL cholesterol,87.59,mg/dL,0.0,100.0,NORMAL,2026-04-09
SUBJ084,WEEK12,HDL,HDL cholesterol,48.93,mg/dL,40.0,999.0,NORMAL,2026-04-09
SUBJ084,WEEK12,TG,Triglycerides,78.5,mg/dL,0.0,150.0,NORMAL,2026-04-09
SUBJ084,WEEK12,ALT,Alanine aminotransferase,19.71,U/L,7.0,56.0,NORMAL,2026-04-09
SUBJ084,WEEK12,AST,Aspartate aminotransferase,32.75,U/L,10.0,40.0,NORMAL,2026-04-09
SUBJ084,WEEK12,CREAT,Creatinine,1.05,mg/dL,0.6,1.3,NORMAL,2026-04-09
SUBJ084,WEEK12,EGFR,Estimated glomerular filtration rate,96.38,mL/min/1.73m²,60.0,999.0,NORMAL,2026-04-09
SUBJ085,BASELINE,HBA1C,HbA1c,8.37,%,4.0,5.6,ABNORMAL,2026-01-07
SUBJ085,BASELINE,FPG,Fasting plasma glucose,169.24,mg/dL,70.0,99.0,ABNORMAL,2026-01-07
SUBJ085,BASELINE,INSULIN,Insulin,11.4,µIU/mL,2.6,24.9,NORMAL,2026-01-07
SUBJ085,BASELINE,CPEPTIDE,C-peptide,2.36,ng/mL,1.1,4.4,NORMAL,2026-01-07
SUBJ085,BASELINE,TC,Total cholesterol,170.44,mg/dL,125.0,200.0,NORMAL,2026-01-07
SUBJ085,BASELINE,LDL,LDL cholesterol,115.07,mg/dL,0.0,100.0,ABNORMAL,2026-01-07
SUBJ085,BASELINE,HDL,HDL cholesterol,32.83,mg/dL,40.0,999.0,ABNORMAL,2026-01-07
SUBJ085,BASELINE,TG,Triglycerides,80.35,mg/dL,0.0,150.0,NORMAL,2026-01-07
SUBJ085,BASELINE,ALT,Alanine aminotransferase,27.68,U/L,7.0,56.0,NORMAL,2026-01-07
SUBJ085,BASELINE,AST,Aspartate aminotransferase,42.61,U/L,10.0,40.0,ABNORMAL,2026-01-07
SUBJ085,BASELINE,CREAT,Creatinine,0.8,mg/dL,0.6,1.3,NORMAL,2026-01-07
SUBJ085,BASELINE,EGFR,Estimated glomerular filtration rate,66.03,mL/min/1.73m²,60.0,999.0,NORMAL,2026-01-07
SUBJ085,WEEK4,HBA1C,HbA1c,8.24,%,4.0,5.6,ABNORMAL,2026-02-04
SUBJ085,WEEK4,FPG,Fasting plasma glucose,169.52,mg/dL,70.0,99.0,ABNORMAL,2026-02-04
SUBJ085,WEEK4,INSULIN,Insulin,7.85,µIU/mL,2.6,24.9,NORMAL,2026-02-04
SUBJ085,WEEK4,CPEPTIDE,C-peptide,2.35,ng/mL,1.1,4.4,NORMAL,2026-02-04
SUBJ085,WEEK4,TC,Total cholesterol,167.31,mg/dL,125.0,200.0,NORMAL,2026-02-04
SUBJ085,WEEK4,LDL,LDL cholesterol,120.21,mg/dL,0.0,100.0,ABNORMAL,2026-02-04
SUBJ085,WEEK4,HDL,HDL cholesterol,32.44,mg/dL,40.0,999.0,ABNORMAL,2026-02-04
SUBJ085,WEEK4,TG,Triglycerides,90.41,mg/dL,0.0,150.0,NORMAL,2026-02-04
SUBJ085,WEEK4,ALT,Alanine aminotransferase,26.16,U/L,7.0,56.0,NORMAL,2026-02-04
SUBJ085,WEEK4,AST,Aspartate aminotransferase,41.92,U/L,10.0,40.0,ABNORMAL,2026-02-04
SUBJ085,WEEK4,CREAT,Creatinine,0.73,mg/dL,0.6,1.3,NORMAL,2026-02-04
SUBJ085,WEEK4,EGFR,Estimated glomerular filtration rate,68.82,mL/min/1.73m²,60.0,999.0,NORMAL,2026-02-04
SUBJ085,WEEK8,HBA1C,HbA1c,8.13,%,4.0,5.6,ABNORMAL,2026-03-03
SUBJ085,WEEK8,FPG,Fasting plasma glucose,168.22,mg/dL,70.0,99.0,ABNORMAL,2026-03-03
SUBJ085,WEEK8,INSULIN,Insulin,9.72,µIU/mL,2.6,24.9,NORMAL,2026-03-03
SUBJ085,WEEK8,CPEPTIDE,C-peptide,2.42,ng/mL,1.1,4.4,NORMAL,2026-03-03
SUBJ085,WEEK8,TC,Total cholesterol,162.32,mg/dL,125.0,200.0,NORMAL,2026-03-03
SUBJ085,WEEK8,LDL,LDL cholesterol,121.36,mg/dL,0.0,100.0,ABNORMAL,2026-03-03
SUBJ085,WEEK8,HDL,HDL cholesterol,34.01,mg/dL,40.0,999.0,ABNORMAL,2026-03-03
SUBJ085,WEEK8,TG,Triglycerides,89.66,mg/dL,0.0,150.0,NORMAL,2026-03-03
SUBJ085,WEEK8,ALT,Alanine aminotransferase,26.55,U/L,7.0,56.0,NORMAL,2026-03-03
SUBJ085,WEEK8,AST,Aspartate aminotransferase,43.91,U/L,10.0,40.0,ABNORMAL,2026-03-03
SUBJ085,WEEK8,CREAT,Creatinine,0.74,mg/dL,0.6,1.3,NORMAL,2026-03-03
SUBJ085,WEEK8,EGFR,Estimated glomerular filtration rate,68.61,mL/min/1.73m²,60.0,999.0,NORMAL,2026-03-03
SUBJ085,WEEK12,HBA1C,HbA1c,7.82,%,4.0,5.6,ABNORMAL,2026-04-03
SUBJ085,WEEK12,FPG,Fasting plasma glucose,169.94,mg/dL,70.0,99.0,ABNORMAL,2026-04-03
SUBJ085,WEEK12,INSULIN,Insulin,6.89,µIU/mL,2.6,24.9,NORMAL,2026-04-03
SUBJ085,WEEK12,CPEPTIDE,C-peptide,1.96,ng/mL,1.1,4.4,NORMAL,2026-04-03
SUBJ085,WEEK12,TC,Total cholesterol,158.04,mg/dL,125.0,200.0,NORMAL,2026-04-03
SUBJ085,WEEK12,LDL,LDL cholesterol,108.83,mg/dL,0.0,100.0,ABNORMAL,2026-04-03
SUBJ085,WEEK12,HDL,HDL cholesterol,31.56,mg/dL,40.0,999.0,ABNORMAL,2026-04-03
SUBJ085,WEEK12,TG,Triglycerides,84.38,mg/dL,0.0,150.0,NORMAL,2026-04-03
SUBJ085,WEEK12,ALT,Alanine aminotransferase,24.86,U/L,7.0,56.0,NORMAL,2026-04-03
SUBJ085,WEEK12,AST,Aspartate aminotransferase,42.41,U/L,10.0,40.0,ABNORMAL,2026-04-03
SUBJ085,WEEK12,CREAT,Creatinine,0.77,mg/dL,0.6,1.3,NORMAL,2026-04-03
SUBJ085,WEEK12,EGFR,Estimated glomerular filtration rate,66.94,mL/min/1.73m²,60.0,999.0,NORMAL,2026-04-03
SUBJ086,BASELINE,HBA1C,HbA1c,8.26,%,4.0,5.6,ABNORMAL,2026-01-13
SUBJ086,BASELINE,FPG,Fasting plasma glucose,163.59,mg/dL,70.0,99.0,ABNORMAL,2026-01-13
SUBJ086,BASELINE,INSULIN,Insulin,17.86,µIU/mL,2.6,24.9,NORMAL,2026-01-13
SUBJ086,BASELINE,CPEPTIDE,C-peptide,3.55,ng/mL,1.1,4.4,NORMAL,2026-01-13
SUBJ086,BASELINE,TC,Total cholesterol,201.19,mg/dL,125.0,200.0,ABNORMAL,2026-01-13
SUBJ086,BASELINE,LDL,LDL cholesterol,137.9,mg/dL,0.0,100.0,ABNORMAL,2026-01-13
SUBJ086,BASELINE,HDL,HDL cholesterol,43.47,mg/dL,40.0,999.0,NORMAL,2026-01-13
SUBJ086,BASELINE,TG,Triglycerides,192.13,mg/dL,0.0,150.0,ABNORMAL,2026-01-13
SUBJ086,BASELINE,ALT,Alanine aminotransferase,26.8,U/L,7.0,56.0,NORMAL,2026-01-13
SUBJ086,BASELINE,AST,Aspartate aminotransferase,32.76,U/L,10.0,40.0,NORMAL,2026-01-13
SUBJ086,BASELINE,CREAT,Creatinine,0.98,mg/dL,0.6,1.3,NORMAL,2026-01-13
SUBJ086,BASELINE,EGFR,Estimated glomerular filtration rate,77.26,mL/min/1.73m²,60.0,999.0,NORMAL,2026-01-13
SUBJ086,WEEK4,HBA1C,HbA1c,7.87,%,4.0,5.6,ABNORMAL,2026-02-10
SUBJ086,WEEK4,FPG,Fasting plasma glucose,158.0,mg/dL,70.0,99.0,ABNORMAL,2026-02-10
SUBJ086,WEEK4,INSULIN,Insulin,16.98,µIU/mL,2.6,24.9,NORMAL,2026-02-10
SUBJ086,WEEK4,CPEPTIDE,C-peptide,3.61,ng/mL,1.1,4.4,NORMAL,2026-02-10
SUBJ086,WEEK4,TC,Total cholesterol,192.81,mg/dL,125.0,200.0,NORMAL,2026-02-10
SUBJ086,WEEK4,LDL,LDL cholesterol,136.95,mg/dL,0.0,100.0,ABNORMAL,2026-02-10
SUBJ086,WEEK4,HDL,HDL cholesterol,42.37,mg/dL,40.0,999.0,NORMAL,2026-02-10
SUBJ086,WEEK4,TG,Triglycerides,190.98,mg/dL,0.0,150.0,ABNORMAL,2026-02-10
SUBJ086,WEEK4,ALT,Alanine aminotransferase,25.52,U/L,7.0,56.0,NORMAL,2026-02-10
SUBJ086,WEEK4,AST,Aspartate aminotransferase,32.98,U/L,10.0,40.0,NORMAL,2026-02-10
SUBJ086,WEEK4,CREAT,Creatinine,0.96,mg/dL,0.6,1.3,NORMAL,2026-02-10
SUBJ086,WEEK4,EGFR,Estimated glomerular filtration rate,74.35,mL/min/1.73m²,60.0,999.0,NORMAL,2026-02-10
SUBJ086,WEEK8,HBA1C,HbA1c,7.69,%,4.0,5.6,ABNORMAL,2026-03-08
SUBJ086,WEEK8,FPG,Fasting plasma glucose,157.54,mg/dL,70.0,99.0,ABNORMAL,2026-03-08
SUBJ086,WEEK8,INSULIN,Insulin,20.7,µIU/mL,2.6,24.9,NORMAL,2026-03-08
SUBJ086,WEEK8,CPEPTIDE,C-peptide,3.44,ng/mL,1.1,4.4,NORMAL,2026-03-08
SUBJ086,WEEK8,TC,Total cholesterol,208.11,mg/dL,125.0,200.0,ABNORMAL,2026-03-08
SUBJ086,WEEK8,LDL,LDL cholesterol,135.83,mg/dL,0.0,100.0,ABNORMAL,2026-03-08
SUBJ086,WEEK8,HDL,HDL cholesterol,42.35,mg/dL,40.0,999.0,NORMAL,2026-03-08
SUBJ086,WEEK8,TG,Triglycerides,153.33,mg/dL,0.0,150.0,ABNORMAL,2026-03-08
SUBJ086,WEEK8,ALT,Alanine aminotransferase,26.97,U/L,7.0,56.0,NORMAL,2026-03-08
SUBJ086,WEEK8,AST,Aspartate aminotransferase,34.61,U/L,10.0,40.0,NORMAL,2026-03-08
SUBJ086,WEEK8,CREAT,Creatinine,0.9,mg/dL,0.6,1.3,NORMAL,2026-03-08
SUBJ086,WEEK8,EGFR,Estimated glomerular filtration rate,70.63,mL/min/1.73m²,60.0,999.0,NORMAL,2026-03-08
SUBJ086,WEEK12,HBA1C,HbA1c,7.59,%,4.0,5.6,ABNORMAL,2026-04-08
SUBJ086,WEEK12,FPG,Fasting plasma glucose,152.07,mg/dL,70.0,99.0,ABNORMAL,2026-04-08
SUBJ086,WEEK12,INSULIN,Insulin,18.38,µIU/mL,2.6,24.9,NORMAL,2026-04-08
SUBJ086,WEEK12,CPEPTIDE,C-peptide,3.53,ng/mL,1.1,4.4,NORMAL,2026-04-08
SUBJ086,WEEK12,TC,Total cholesterol,203.23,mg/dL,125.0,200.0,ABNORMAL,2026-04-08
SUBJ086,WEEK12,LDL,LDL cholesterol,124.47,mg/dL,0.0,100.0,ABNORMAL,2026-04-08
SUBJ086,WEEK12,HDL,HDL cholesterol,45.07,mg/dL,40.0,999.0,NORMAL,2026-04-08
SUBJ086,WEEK12,TG,Triglycerides,164.0,mg/dL,0.0,150.0,ABNORMAL,2026-04-08
SUBJ086,WEEK12,ALT,Alanine aminotransferase,21.9,U/L,7.0,56.0,NORMAL,2026-04-08
SUBJ086,WEEK12,AST,Aspartate aminotransferase,33.73,U/L,10.0,40.0,NORMAL,2026-04-08
SUBJ086,WEEK12,CREAT,Creatinine,0.98,mg/dL,0.6,1.3,NORMAL,2026-04-08
SUBJ086,WEEK12,EGFR,Estimated glomerular filtration rate,75.29,mL/min/1.73m²,60.0,999.0,NORMAL,2026-04-08
SUBJ087,BASELINE,HBA1C,HbA1c,7.58,%,4.0,5.6,ABNORMAL,2026-01-28
SUBJ087,BASELINE,FPG,Fasting plasma glucose,154.71,mg/dL,70.0,99.0,ABNORMAL,2026-01-28
SUBJ087,BASELINE,INSULIN,Insulin,12.14,µIU/mL,2.6,24.9,NORMAL,2026-01-28
SUBJ087,BASELINE,CPEPTIDE,C-peptide,2.09,ng/mL,1.1,4.4,NORMAL,2026-01-28
SUBJ087,BASELINE,TC,Total cholesterol,183.16,mg/dL,125.0,200.0,NORMAL,2026-01-28
SUBJ087,BASELINE,LDL,LDL cholesterol,137.35,mg/dL,0.0,100.0,ABNORMAL,2026-01-28
SUBJ087,BASELINE,HDL,HDL cholesterol,44.82,mg/dL,40.0,999.0,NORMAL,2026-01-28
SUBJ087,BASELINE,TG,Triglycerides,180.54,mg/dL,0.0,150.0,ABNORMAL,2026-01-28
SUBJ087,BASELINE,ALT,Alanine aminotransferase,25.09,U/L,7.0,56.0,NORMAL,2026-01-28
SUBJ087,BASELINE,AST,Aspartate aminotransferase,15.38,U/L,10.0,40.0,NORMAL,2026-01-28
SUBJ087,BASELINE,CREAT,Creatinine,0.87,mg/dL,0.6,1.3,NORMAL,2026-01-28
SUBJ087,BASELINE,EGFR,Estimated glomerular filtration rate,90.48,mL/min/1.73m²,60.0,999.0,NORMAL,2026-01-28
SUBJ087,WEEK4,HBA1C,HbA1c,7.33,%,4.0,5.6,ABNORMAL,2026-02-24
SUBJ087,WEEK4,FPG,Fasting plasma glucose,146.62,mg/dL,70.0,99.0,ABNORMAL,2026-02-24
SUBJ087,WEEK4,INSULIN,Insulin,10.02,µIU/mL,2.6,24.9,NORMAL,2026-02-24
SUBJ087,WEEK4,CPEPTIDE,C-peptide,2.2,ng/mL,1.1,4.4,NORMAL,2026-02-24
SUBJ087,WEEK4,TC,Total cholesterol,177.89,mg/dL,125.0,200.0,NORMAL,2026-02-24
SUBJ087,WEEK4,LDL,LDL cholesterol,143.65,mg/dL,0.0,100.0,ABNORMAL,2026-02-24
SUBJ087,WEEK4,HDL,HDL cholesterol,40.36,mg/dL,40.0,999.0,NORMAL,2026-02-24
SUBJ087,WEEK4,TG,Triglycerides,167.62,mg/dL,0.0,150.0,ABNORMAL,2026-02-24
SUBJ087,WEEK4,ALT,Alanine aminotransferase,25.1,U/L,7.0,56.0,NORMAL,2026-02-24
SUBJ087,WEEK4,AST,Aspartate aminotransferase,18.99,U/L,10.0,40.0,NORMAL,2026-02-24
SUBJ087,WEEK4,CREAT,Creatinine,0.86,mg/dL,0.6,1.3,NORMAL,2026-02-24
SUBJ087,WEEK4,EGFR,Estimated glomerular filtration rate,90.66,mL/min/1.73m²,60.0,999.0,NORMAL,2026-02-24
SUBJ087,WEEK8,HBA1C,HbA1c,7.1,%,4.0,5.6,ABNORMAL,2026-03-25
SUBJ087,WEEK8,FPG,Fasting plasma glucose,148.57,mg/dL,70.0,99.0,ABNORMAL,2026-03-25
SUBJ087,WEEK8,INSULIN,Insulin,11.79,µIU/mL,2.6,24.9,NORMAL,2026-03-25
SUBJ087,WEEK8,CPEPTIDE,C-peptide,2.53,ng/mL,1.1,4.4,NORMAL,2026-03-25
SUBJ087,WEEK8,TC,Total cholesterol,175.73,mg/dL,125.0,200.0,NORMAL,2026-03-25
SUBJ087,WEEK8,LDL,LDL cholesterol,136.83,mg/dL,0.0,100.0,ABNORMAL,2026-03-25
SUBJ087,WEEK8,HDL,HDL cholesterol,41.87,mg/dL,40.0,999.0,NORMAL,2026-03-25
SUBJ087,WEEK8,TG,Triglycerides,132.5,mg/dL,0.0,150.0,NORMAL,2026-03-25
SUBJ087,WEEK8,ALT,Alanine aminotransferase,31.19,U/L,7.0,56.0,NORMAL,2026-03-25
SUBJ087,WEEK8,AST,Aspartate aminotransferase,18.08,U/L,10.0,40.0,NORMAL,2026-03-25
SUBJ087,WEEK8,CREAT,Creatinine,0.87,mg/dL,0.6,1.3,NORMAL,2026-03-25
SUBJ087,WEEK8,EGFR,Estimated glomerular filtration rate,89.33,mL/min/1.73m²,60.0,999.0,NORMAL,2026-03-25
SUBJ087,WEEK12,HBA1C,HbA1c,7.05,%,4.0,5.6,ABNORMAL,2026-04-24
SUBJ087,WEEK12,FPG,Fasting plasma glucose,130.06,mg/dL,70.0,99.0,ABNORMAL,2026-04-24
SUBJ087,WEEK12,INSULIN,Insulin,10.28,µIU/mL,2.6,24.9,NORMAL,2026-04-24
SUBJ087,WEEK12,CPEPTIDE,C-peptide,2.13,ng/mL,1.1,4.4,NORMAL,2026-04-24
SUBJ087,WEEK12,TC,Total cholesterol,176.41,mg/dL,125.0,200.0,NORMAL,2026-04-24
SUBJ087,WEEK12,LDL,LDL cholesterol,134.14,mg/dL,0.0,100.0,ABNORMAL,2026-04-24
SUBJ087,WEEK12,HDL,HDL cholesterol,37.61,mg/dL,40.0,999.0,ABNORMAL,2026-04-24
SUBJ087,WEEK12,TG,Triglycerides,173.43,mg/dL,0.0,150.0,ABNORMAL,2026-04-24
SUBJ087,WEEK12,ALT,Alanine aminotransferase,29.32,U/L,7.0,56.0,NORMAL,2026-04-24
SUBJ087,WEEK12,AST,Aspartate aminotransferase,18.0,U/L,10.0,40.0,NORMAL,2026-04-24
SUBJ087,WEEK12,CREAT,Creatinine,0.9,mg/dL,0.6,1.3,NORMAL,2026-04-24
SUBJ087,WEEK12,EGFR,Estimated glomerular filtration rate,88.41,mL/min/1.73m²,60.0,999.0,NORMAL,2026-04-24
SUBJ088,BASELINE,HBA1C,HbA1c,8.79,%,4.0,5.6,ABNORMAL,2026-02-12
SUBJ088,BASELINE,FPG,Fasting plasma glucose,191.33,mg/dL,70.0,99.0,ABNORMAL,2026-02-12
SUBJ088,BASELINE,INSULIN,Insulin,4.5,µIU/mL,2.6,24.9,NORMAL,2026-02-12
SUBJ088,BASELINE,CPEPTIDE,C-peptide,3.49,ng/mL,1.1,4.4,NORMAL,2026-02-12
SUBJ088,BASELINE,TC,Total cholesterol,213.09,mg/dL,125.0,200.0,ABNORMAL,2026-02-12
SUBJ088,BASELINE,LDL,LDL cholesterol,106.14,mg/dL,0.0,100.0,ABNORMAL,2026-02-12
SUBJ088,BASELINE,HDL,HDL cholesterol,58.59,mg/dL,40.0,999.0,NORMAL,2026-02-12
SUBJ088,BASELINE,TG,Triglycerides,163.16,mg/dL,0.0,150.0,ABNORMAL,2026-02-12
SUBJ088,BASELINE,ALT,Alanine aminotransferase,30.92,U/L,7.0,56.0,NORMAL,2026-02-12
SUBJ088,BASELINE,AST,Aspartate aminotransferase,26.96,U/L,10.0,40.0,NORMAL,2026-02-12
SUBJ088,BASELINE,CREAT,Creatinine,0.91,mg/dL,0.6,1.3,NORMAL,2026-02-12
SUBJ088,BASELINE,EGFR,Estimated glomerular filtration rate,99.86,mL/min/1.73m²,60.0,999.0,NORMAL,2026-02-12
SUBJ088,WEEK4,HBA1C,HbA1c,8.37,%,4.0,5.6,ABNORMAL,2026-03-13
SUBJ088,WEEK4,FPG,Fasting plasma glucose,174.13,mg/dL,70.0,99.0,ABNORMAL,2026-03-13
SUBJ088,WEEK4,INSULIN,Insulin,4.85,µIU/mL,2.6,24.9,NORMAL,2026-03-13
SUBJ088,WEEK4,CPEPTIDE,C-peptide,3.51,ng/mL,1.1,4.4,NORMAL,2026-03-13
SUBJ088,WEEK4,TC,Total cholesterol,240.76,mg/dL,125.0,200.0,ABNORMAL,2026-03-13
SUBJ088,WEEK4,LDL,LDL cholesterol,109.67,mg/dL,0.0,100.0,ABNORMAL,2026-03-13
SUBJ088,WEEK4,HDL,HDL cholesterol,56.16,mg/dL,40.0,999.0,NORMAL,2026-03-13
SUBJ088,WEEK4,TG,Triglycerides,155.49,mg/dL,0.0,150.0,ABNORMAL,2026-03-13
SUBJ088,WEEK4,ALT,Alanine aminotransferase,32.5,U/L,7.0,56.0,NORMAL,2026-03-13
SUBJ088,WEEK4,AST,Aspartate aminotransferase,29.03,U/L,10.0,40.0,NORMAL,2026-03-13
SUBJ088,WEEK4,CREAT,Creatinine,0.94,mg/dL,0.6,1.3,NORMAL,2026-03-13
SUBJ088,WEEK4,EGFR,Estimated glomerular filtration rate,102.16,mL/min/1.73m²,60.0,999.0,NORMAL,2026-03-13
SUBJ088,WEEK8,HBA1C,HbA1c,8.11,%,4.0,5.6,ABNORMAL,2026-04-11
SUBJ088,WEEK8,FPG,Fasting plasma glucose,163.62,mg/dL,70.0,99.0,ABNORMAL,2026-04-11
SUBJ088,WEEK8,INSULIN,Insulin,3.35,µIU/mL,2.6,24.9,NORMAL,2026-04-11
SUBJ088,WEEK8,CPEPTIDE,C-peptide,3.24,ng/mL,1.1,4.4,NORMAL,2026-04-11
SUBJ088,WEEK8,TC,Total cholesterol,224.98,mg/dL,125.0,200.0,ABNORMAL,2026-04-11
SUBJ088,WEEK8,LDL,LDL cholesterol,103.29,mg/dL,0.0,100.0,ABNORMAL,2026-04-11
SUBJ088,WEEK8,HDL,HDL cholesterol,59.62,mg/dL,40.0,999.0,NORMAL,2026-04-11
SUBJ088,WEEK8,TG,Triglycerides,139.53,mg/dL,0.0,150.0,NORMAL,2026-04-11
SUBJ088,WEEK8,ALT,Alanine aminotransferase,31.9,U/L,7.0,56.0,NORMAL,2026-04-11
SUBJ088,WEEK8,AST,Aspartate aminotransferase,26.86,U/L,10.0,40.0,NORMAL,2026-04-11
SUBJ088,WEEK8,CREAT,Creatinine,0.96,mg/dL,0.6,1.3,NORMAL,2026-04-11
SUBJ088,WEEK8,EGFR,Estimated glomerular filtration rate,98.34,mL/min/1.73m²,60.0,999.0,NORMAL,2026-04-11
SUBJ088,WEEK12,HBA1C,HbA1c,7.77,%,4.0,5.6,ABNORMAL,2026-05-07
SUBJ088,WEEK12,FPG,Fasting plasma glucose,150.89,mg/dL,70.0,99.0,ABNORMAL,2026-05-07
SUBJ088,WEEK12,INSULIN,Insulin,3.65,µIU/mL,2.6,24.9,NORMAL,2026-05-07
SUBJ088,WEEK12,CPEPTIDE,C-peptide,3.29,ng/mL,1.1,4.4,NORMAL,2026-05-07
SUBJ088,WEEK12,TC,Total cholesterol,228.82,mg/dL,125.0,200.0,ABNORMAL,2026-05-07
SUBJ088,WEEK12,LDL,LDL cholesterol,105.84,mg/dL,0.0,100.0,ABNORMAL,2026-05-07
SUBJ088,WEEK12,HDL,HDL cholesterol,60.39,mg/dL,40.0,999.0,NORMAL,2026-05-07
SUBJ088,WEEK12,TG,Triglycerides,149.45,mg/dL,0.0,150.0,NORMAL,2026-05-07
SUBJ088,WEEK12,ALT,Alanine aminotransferase,25.23,U/L,7.0,56.0,NORMAL,2026-05-07
SUBJ088,WEEK12,AST,Aspartate aminotransferase,24.53,U/L,10.0,40.0,NORMAL,2026-05-07
SUBJ088,WEEK12,CREAT,Creatinine,0.88,mg/dL,0.6,1.3,NORMAL,2026-05-07
SUBJ088,WEEK12,EGFR,Estimated glomerular filtration rate,94.43,mL/min/1.73m²,60.0,999.0,NORMAL,2026-05-07
SUBJ089,BASELINE,HBA1C,HbA1c,7.29,%,4.0,5.6,ABNORMAL,2026-01-11
SUBJ089,BASELINE,FPG,Fasting plasma glucose,155.86,mg/dL,70.0,99.0,ABNORMAL,2026-01-11
SUBJ089,BASELINE,INSULIN,Insulin,15.21,µIU/mL,2.6,24.9,NORMAL,2026-01-11
SUBJ089,BASELINE,CPEPTIDE,C-peptide,2.67,ng/mL,1.1,4.4,NORMAL,2026-01-11
SUBJ089,BASELINE,TC,Total cholesterol,173.4,mg/dL,125.0,200.0,NORMAL,2026-01-11
SUBJ089,BASELINE,LDL,LDL cholesterol,88.72,mg/dL,0.0,100.0,NORMAL,2026-01-11
SUBJ089,BASELINE,HDL,HDL cholesterol,48.32,mg/dL,40.0,999.0,NORMAL,2026-01-11
SUBJ089,BASELINE,TG,Triglycerides,132.03,mg/dL,0.0,150.0,NORMAL,2026-01-11
SUBJ089,BASELINE,ALT,Alanine aminotransferase,32.38,U/L,7.0,56.0,NORMAL,2026-01-11
SUBJ089,BASELINE,AST,Aspartate aminotransferase,32.01,U/L,10.0,40.0,NORMAL,2026-01-11
SUBJ089,BASELINE,CREAT,Creatinine,0.88,mg/dL,0.6,1.3,NORMAL,2026-01-11
SUBJ089,BASELINE,EGFR,Estimated glomerular filtration rate,108.53,mL/min/1.73m²,60.0,999.0,NORMAL,2026-01-11
SUBJ089,WEEK4,HBA1C,HbA1c,6.96,%,4.0,5.6,ABNORMAL,2026-02-10
SUBJ089,WEEK4,FPG,Fasting plasma glucose,142.55,mg/dL,70.0,99.0,ABNORMAL,2026-02-10
SUBJ089,WEEK4,INSULIN,Insulin,16.52,µIU/mL,2.6,24.9,NORMAL,2026-02-10
SUBJ089,WEEK4,CPEPTIDE,C-peptide,2.48,ng/mL,1.1,4.4,NORMAL,2026-02-10
SUBJ089,WEEK4,TC,Total cholesterol,161.37,mg/dL,125.0,200.0,NORMAL,2026-02-10
SUBJ089,WEEK4,LDL,LDL cholesterol,87.77,mg/dL,0.0,100.0,NORMAL,2026-02-10
SUBJ089,WEEK4,HDL,HDL cholesterol,49.04,mg/dL,40.0,999.0,NORMAL,2026-02-10
SUBJ089,WEEK4,TG,Triglycerides,121.43,mg/dL,0.0,150.0,NORMAL,2026-02-10
SUBJ089,WEEK4,ALT,Alanine aminotransferase,36.33,U/L,7.0,56.0,NORMAL,2026-02-10
SUBJ089,WEEK4,AST,Aspartate aminotransferase,36.07,U/L,10.0,40.0,NORMAL,2026-02-10
SUBJ089,WEEK4,CREAT,Creatinine,0.86,mg/dL,0.6,1.3,NORMAL,2026-02-10
SUBJ089,WEEK4,EGFR,Estimated glomerular filtration rate,107.37,mL/min/1.73m²,60.0,999.0,NORMAL,2026-02-10
SUBJ089,WEEK8,HBA1C,HbA1c,6.72,%,4.0,5.6,ABNORMAL,2026-03-10
SUBJ089,WEEK8,FPG,Fasting plasma glucose,128.98,mg/dL,70.0,99.0,ABNORMAL,2026-03-10
SUBJ089,WEEK8,INSULIN,Insulin,14.0,µIU/mL,2.6,24.9,NORMAL,2026-03-10
SUBJ089,WEEK8,CPEPTIDE,C-peptide,2.78,ng/mL,1.1,4.4,NORMAL,2026-03-10
SUBJ089,WEEK8,TC,Total cholesterol,175.17,mg/dL,125.0,200.0,NORMAL,2026-03-10
SUBJ089,WEEK8,LDL,LDL cholesterol,90.8,mg/dL,0.0,100.0,NORMAL,2026-03-10
SUBJ089,WEEK8,HDL,HDL cholesterol,45.45,mg/dL,40.0,999.0,NORMAL,2026-03-10
SUBJ089,WEEK8,TG,Triglycerides,112.1,mg/dL,0.0,150.0,NORMAL,2026-03-10
SUBJ089,WEEK8,ALT,Alanine aminotransferase,40.81,U/L,7.0,56.0,NORMAL,2026-03-10
SUBJ089,WEEK8,AST,Aspartate aminotransferase,31.27,U/L,10.0,40.0,NORMAL,2026-03-10
SUBJ089,WEEK8,CREAT,Creatinine,0.87,mg/dL,0.6,1.3,NORMAL,2026-03-10
SUBJ089,WEEK8,EGFR,Estimated glomerular filtration rate,106.76,mL/min/1.73m²,60.0,999.0,NORMAL,2026-03-10
SUBJ089,WEEK12,HBA1C,HbA1c,6.55,%,4.0,5.6,ABNORMAL,2026-04-07
SUBJ089,WEEK12,FPG,Fasting plasma glucose,130.09,mg/dL,70.0,99.0,ABNORMAL,2026-04-07
SUBJ089,WEEK12,INSULIN,Insulin,15.59,µIU/mL,2.6,24.9,NORMAL,2026-04-07
SUBJ089,WEEK12,CPEPTIDE,C-peptide,2.65,ng/mL,1.1,4.4,NORMAL,2026-04-07
SUBJ089,WEEK12,TC,Total cholesterol,166.27,mg/dL,125.0,200.0,NORMAL,2026-04-07
SUBJ089,WEEK12,LDL,LDL cholesterol,87.54,mg/dL,0.0,100.0,NORMAL,2026-04-07
SUBJ089,WEEK12,HDL,HDL cholesterol,49.86,mg/dL,40.0,999.0,NORMAL,2026-04-07
SUBJ089,WEEK12,TG,Triglycerides,120.73,mg/dL,0.0,150.0,NORMAL,2026-04-07
SUBJ089,WEEK12,ALT,Alanine aminotransferase,39.35,U/L,7.0,56.0,NORMAL,2026-04-07
SUBJ089,WEEK12,AST,Aspartate aminotransferase,32.24,U/L,10.0,40.0,NORMAL,2026-04-07
SUBJ089,WEEK12,CREAT,Creatinine,0.9,mg/dL,0.6,1.3,NORMAL,2026-04-07
SUBJ089,WEEK12,EGFR,Estimated glomerular filtration rate,104.42,mL/min/1.73m²,60.0,999.0,NORMAL,2026-04-07
SUBJ090,BASELINE,HBA1C,HbA1c,7.93,%,4.0,5.6,ABNORMAL,2026-01-13
SUBJ090,BASELINE,FPG,Fasting plasma glucose,194.36,mg/dL,70.0,99.0,ABNORMAL,2026-01-13
SUBJ090,BASELINE,INSULIN,Insulin,3.73,µIU/mL,2.6,24.9,NORMAL,2026-01-13
SUBJ090,BASELINE,CPEPTIDE,C-peptide,1.72,ng/mL,1.1,4.4,NORMAL,2026-01-13
SUBJ090,BASELINE,TC,Total cholesterol,160.78,mg/dL,125.0,200.0,NORMAL,2026-01-13
SUBJ090,BASELINE,LDL,LDL cholesterol,112.7,mg/dL,0.0,100.0,ABNORMAL,2026-01-13
SUBJ090,BASELINE,HDL,HDL cholesterol,52.17,mg/dL,40.0,999.0,NORMAL,2026-01-13
SUBJ090,BASELINE,TG,Triglycerides,198.23,mg/dL,0.0,150.0,ABNORMAL,2026-01-13
SUBJ090,BASELINE,ALT,Alanine aminotransferase,14.01,U/L,7.0,56.0,NORMAL,2026-01-13
SUBJ090,BASELINE,AST,Aspartate aminotransferase,23.17,U/L,10.0,40.0,NORMAL,2026-01-13
SUBJ090,BASELINE,CREAT,Creatinine,1.1,mg/dL,0.6,1.3,NORMAL,2026-01-13
SUBJ090,BASELINE,EGFR,Estimated glomerular filtration rate,80.02,mL/min/1.73m²,60.0,999.0,NORMAL,2026-01-13
SUBJ090,WEEK4,HBA1C,HbA1c,7.9,%,4.0,5.6,ABNORMAL,2026-02-08
SUBJ090,WEEK4,FPG,Fasting plasma glucose,188.54,mg/dL,70.0,99.0,ABNORMAL,2026-02-08
SUBJ090,WEEK4,INSULIN,Insulin,4.92,µIU/mL,2.6,24.9,NORMAL,2026-02-08
SUBJ090,WEEK4,CPEPTIDE,C-peptide,1.57,ng/mL,1.1,4.4,NORMAL,2026-02-08
SUBJ090,WEEK4,TC,Total cholesterol,166.39,mg/dL,125.0,200.0,NORMAL,2026-02-08
SUBJ090,WEEK4,LDL,LDL cholesterol,110.02,mg/dL,0.0,100.0,ABNORMAL,2026-02-08
SUBJ090,WEEK4,HDL,HDL cholesterol,50.5,mg/dL,40.0,999.0,NORMAL,2026-02-08
SUBJ090,WEEK4,TG,Triglycerides,191.08,mg/dL,0.0,150.0,ABNORMAL,2026-02-08
SUBJ090,WEEK4,ALT,Alanine aminotransferase,11.43,U/L,7.0,56.0,NORMAL,2026-02-08
SUBJ090,WEEK4,AST,Aspartate aminotransferase,23.16,U/L,10.0,40.0,NORMAL,2026-02-08
SUBJ090,WEEK4,CREAT,Creatinine,1.11,mg/dL,0.6,1.3,NORMAL,2026-02-08
SUBJ090,WEEK4,EGFR,Estimated glomerular filtration rate,80.56,mL/min/1.73m²,60.0,999.0,NORMAL,2026-02-08
SUBJ090,WEEK8,HBA1C,HbA1c,7.55,%,4.0,5.6,ABNORMAL,2026-03-09
SUBJ090,WEEK8,FPG,Fasting plasma glucose,186.34,mg/dL,70.0,99.0,ABNORMAL,2026-03-09
SUBJ090,WEEK8,INSULIN,Insulin,4.33,µIU/mL,2.6,24.9,NORMAL,2026-03-09
SUBJ090,WEEK8,CPEPTIDE,C-peptide,1.7,ng/mL,1.1,4.4,NORMAL,2026-03-09
SUBJ090,WEEK8,TC,Total cholesterol,157.32,mg/dL,125.0,200.0,NORMAL,2026-03-09
SUBJ090,WEEK8,LDL,LDL cholesterol,111.2,mg/dL,0.0,100.0,ABNORMAL,2026-03-09
SUBJ090,WEEK8,HDL,HDL cholesterol,51.43,mg/dL,40.0,999.0,NORMAL,2026-03-09
SUBJ090,WEEK8,TG,Triglycerides,196.21,mg/dL,0.0,150.0,ABNORMAL,2026-03-09
SUBJ090,WEEK8,ALT,Alanine aminotransferase,16.11,U/L,7.0,56.0,NORMAL,2026-03-09
SUBJ090,WEEK8,AST,Aspartate aminotransferase,24.59,U/L,10.0,40.0,NORMAL,2026-03-09
SUBJ090,WEEK8,CREAT,Creatinine,1.04,mg/dL,0.6,1.3,NORMAL,2026-03-09
SUBJ090,WEEK8,EGFR,Estimated glomerular filtration rate,81.66,mL/min/1.73m²,60.0,999.0,NORMAL,2026-03-09
SUBJ090,WEEK12,HBA1C,HbA1c,7.6,%,4.0,5.6,ABNORMAL,2026-04-08
SUBJ090,WEEK12,FPG,Fasting plasma glucose,179.25,mg/dL,70.0,99.0,ABNORMAL,2026-04-08
SUBJ090,WEEK12,INSULIN,Insulin,5.84,µIU/mL,2.6,24.9,NORMAL,2026-04-08
SUBJ090,WEEK12,CPEPTIDE,C-peptide,1.58,ng/mL,1.1,4.4,NORMAL,2026-04-08
SUBJ090,WEEK12,TC,Total cholesterol,169.34,mg/dL,125.0,200.0,NORMAL,2026-04-08
SUBJ090,WEEK12,LDL,LDL cholesterol,107.53,mg/dL,0.0,100.0,ABNORMAL,2026-04-08
SUBJ090,WEEK12,HDL,HDL cholesterol,55.93,mg/dL,40.0,999.0,NORMAL,2026-04-08
SUBJ090,WEEK12,TG,Triglycerides,183.6,mg/dL,0.0,150.0,ABNORMAL,2026-04-08
SUBJ090,WEEK12,ALT,Alanine aminotransferase,8.73,U/L,7.0,56.0,NORMAL,2026-04-08
SUBJ090,WEEK12,AST,Aspartate aminotransferase,24.44,U/L,10.0,40.0,NORMAL,2026-04-08
SUBJ090,WEEK12,CREAT,Creatinine,1.13,mg/dL,0.6,1.3,NORMAL,2026-04-08
SUBJ090,WEEK12,EGFR,Estimated glomerular filtration rate,83.24,mL/min/1.73m²,60.0,999.0,NORMAL,2026-04-08
SUBJ091,BASELINE,HBA1C,HbA1c,8.61,%,4.0,5.6,ABNORMAL,2026-02-15
SUBJ091,BASELINE,FPG,Fasting plasma glucose,151.34,mg/dL,70.0,99.0,ABNORMAL,2026-02-15
SUBJ091,BASELINE,INSULIN,Insulin,18.03,µIU/mL,2.6,24.9,NORMAL,2026-02-15
SUBJ091,BASELINE,CPEPTIDE,C-peptide,2.32,ng/mL,1.1,4.4,NORMAL,2026-02-15
SUBJ091,BASELINE,TC,Total cholesterol,200.29,mg/dL,125.0,200.0,ABNORMAL,2026-02-15
SUBJ091,BASELINE,LDL,LDL cholesterol,115.81,mg/dL,0.0,100.0,ABNORMAL,2026-02-15
SUBJ091,BASELINE,HDL,HDL cholesterol,34.69,mg/dL,40.0,999.0,ABNORMAL,2026-02-15
SUBJ091,BASELINE,TG,Triglycerides,160.68,mg/dL,0.0,150.0,ABNORMAL,2026-02-15
SUBJ091,BASELINE,ALT,Alanine aminotransferase,29.66,U/L,7.0,56.0,NORMAL,2026-02-15
SUBJ091,BASELINE,AST,Aspartate aminotransferase,23.5,U/L,10.0,40.0,NORMAL,2026-02-15
SUBJ091,BASELINE,CREAT,Creatinine,0.92,mg/dL,0.6,1.3,NORMAL,2026-02-15
SUBJ091,BASELINE,EGFR,Estimated glomerular filtration rate,93.44,mL/min/1.73m²,60.0,999.0,NORMAL,2026-02-15
SUBJ091,WEEK4,HBA1C,HbA1c,8.35,%,4.0,5.6,ABNORMAL,2026-03-17
SUBJ091,WEEK4,FPG,Fasting plasma glucose,142.33,mg/dL,70.0,99.0,ABNORMAL,2026-03-17
SUBJ091,WEEK4,INSULIN,Insulin,18.12,µIU/mL,2.6,24.9,NORMAL,2026-03-17
SUBJ091,WEEK4,CPEPTIDE,C-peptide,2.07,ng/mL,1.1,4.4,NORMAL,2026-03-17
SUBJ091,WEEK4,TC,Total cholesterol,193.21,mg/dL,125.0,200.0,NORMAL,2026-03-17
SUBJ091,WEEK4,LDL,LDL cholesterol,107.15,mg/dL,0.0,100.0,ABNORMAL,2026-03-17
SUBJ091,WEEK4,HDL,HDL cholesterol,36.16,mg/dL,40.0,999.0,ABNORMAL,2026-03-17
SUBJ091,WEEK4,TG,Triglycerides,141.51,mg/dL,0.0,150.0,NORMAL,2026-03-17
SUBJ091,WEEK4,ALT,Alanine aminotransferase,31.55,U/L,7.0,56.0,NORMAL,2026-03-17
SUBJ091,WEEK4,AST,Aspartate aminotransferase,22.58,U/L,10.0,40.0,NORMAL,2026-03-17
SUBJ091,WEEK4,CREAT,Creatinine,0.96,mg/dL,0.6,1.3,NORMAL,2026-03-17
SUBJ091,WEEK4,EGFR,Estimated glomerular filtration rate,96.32,mL/min/1.73m²,60.0,999.0,NORMAL,2026-03-17
SUBJ091,WEEK8,HBA1C,HbA1c,8.2,%,4.0,5.6,ABNORMAL,2026-04-14
SUBJ091,WEEK8,FPG,Fasting plasma glucose,144.17,mg/dL,70.0,99.0,ABNORMAL,2026-04-14
SUBJ091,WEEK8,INSULIN,Insulin,19.27,µIU/mL,2.6,24.9,NORMAL,2026-04-14
SUBJ091,WEEK8,CPEPTIDE,C-peptide,2.29,ng/mL,1.1,4.4,NORMAL,2026-04-14
SUBJ091,WEEK8,TC,Total cholesterol,194.75,mg/dL,125.0,200.0,NORMAL,2026-04-14
SUBJ091,WEEK8,LDL,LDL cholesterol,113.58,mg/dL,0.0,100.0,ABNORMAL,2026-04-14
SUBJ091,WEEK8,HDL,HDL cholesterol,35.84,mg/dL,40.0,999.0,ABNORMAL,2026-04-14
SUBJ091,WEEK8,TG,Triglycerides,156.36,mg/dL,0.0,150.0,ABNORMAL,2026-04-14
SUBJ091,WEEK8,ALT,Alanine aminotransferase,33.17,U/L,7.0,56.0,NORMAL,2026-04-14
SUBJ091,WEEK8,AST,Aspartate aminotransferase,26.13,U/L,10.0,40.0,NORMAL,2026-04-14
SUBJ091,WEEK8,CREAT,Creatinine,0.99,mg/dL,0.6,1.3,NORMAL,2026-04-14
SUBJ091,WEEK8,EGFR,Estimated glomerular filtration rate,98.28,mL/min/1.73m²,60.0,999.0,NORMAL,2026-04-14
SUBJ091,WEEK12,HBA1C,HbA1c,7.9,%,4.0,5.6,ABNORMAL,2026-05-10
SUBJ091,WEEK12,FPG,Fasting plasma glucose,134.62,mg/dL,70.0,99.0,ABNORMAL,2026-05-10
SUBJ091,WEEK12,INSULIN,Insulin,15.83,µIU/mL,2.6,24.9,NORMAL,2026-05-10
SUBJ091,WEEK12,CPEPTIDE,C-peptide,2.03,ng/mL,1.1,4.4,NORMAL,2026-05-10
SUBJ091,WEEK12,TC,Total cholesterol,189.11,mg/dL,125.0,200.0,NORMAL,2026-05-10
SUBJ091,WEEK12,LDL,LDL cholesterol,104.03,mg/dL,0.0,100.0,ABNORMAL,2026-05-10
SUBJ091,WEEK12,HDL,HDL cholesterol,34.05,mg/dL,40.0,999.0,ABNORMAL,2026-05-10
SUBJ091,WEEK12,TG,Triglycerides,158.44,mg/dL,0.0,150.0,ABNORMAL,2026-05-10
SUBJ091,WEEK12,ALT,Alanine aminotransferase,30.54,U/L,7.0,56.0,NORMAL,2026-05-10
SUBJ091,WEEK12,AST,Aspartate aminotransferase,24.86,U/L,10.0,40.0,NORMAL,2026-05-10
SUBJ091,WEEK12,CREAT,Creatinine,0.93,mg/dL,0.6,1.3,NORMAL,2026-05-10
SUBJ091,WEEK12,EGFR,Estimated glomerular filtration rate,95.5,mL/min/1.73m²,60.0,999.0,NORMAL,2026-05-10
SUBJ092,BASELINE,HBA1C,HbA1c,8.33,%,4.0,5.6,ABNORMAL,2026-02-12
SUBJ092,BASELINE,FPG,Fasting plasma glucose,147.24,mg/dL,70.0,99.0,ABNORMAL,2026-02-12
SUBJ092,BASELINE,INSULIN,Insulin,16.85,µIU/mL,2.6,24.9,NORMAL,2026-02-12
SUBJ092,BASELINE,CPEPTIDE,C-peptide,2.72,ng/mL,1.1,4.4,NORMAL,2026-02-12
SUBJ092,BASELINE,TC,Total cholesterol,168.1,mg/dL,125.0,200.0,NORMAL,2026-02-12
SUBJ092,BASELINE,LDL,LDL cholesterol,90.3,mg/dL,0.0,100.0,NORMAL,2026-02-12
SUBJ092,BASELINE,HDL,HDL cholesterol,40.74,mg/dL,40.0,999.0,NORMAL,2026-02-12
SUBJ092,BASELINE,TG,Triglycerides,92.82,mg/dL,0.0,150.0,NORMAL,2026-02-12
SUBJ092,BASELINE,ALT,Alanine aminotransferase,34.76,U/L,7.0,56.0,NORMAL,2026-02-12
SUBJ092,BASELINE,AST,Aspartate aminotransferase,27.1,U/L,10.0,40.0,NORMAL,2026-02-12
SUBJ092,BASELINE,CREAT,Creatinine,0.79,mg/dL,0.6,1.3,NORMAL,2026-02-12
SUBJ092,BASELINE,EGFR,Estimated glomerular filtration rate,72.41,mL/min/1.73m²,60.0,999.0,NORMAL,2026-02-12
SUBJ092,WEEK4,HBA1C,HbA1c,8.56,%,4.0,5.6,ABNORMAL,2026-03-13
SUBJ092,WEEK4,FPG,Fasting plasma glucose,143.06,mg/dL,70.0,99.0,ABNORMAL,2026-03-13
SUBJ092,WEEK4,INSULIN,Insulin,17.3,µIU/mL,2.6,24.9,NORMAL,2026-03-13
SUBJ092,WEEK4,CPEPTIDE,C-peptide,2.47,ng/mL,1.1,4.4,NORMAL,2026-03-13
SUBJ092,WEEK4,TC,Total cholesterol,175.44,mg/dL,125.0,200.0,NORMAL,2026-03-13
SUBJ092,WEEK4,LDL,LDL cholesterol,84.58,mg/dL,0.0,100.0,NORMAL,2026-03-13
SUBJ092,WEEK4,HDL,HDL cholesterol,40.28,mg/dL,40.0,999.0,NORMAL,2026-03-13
SUBJ092,WEEK4,TG,Triglycerides,118.98,mg/dL,0.0,150.0,NORMAL,2026-03-13
SUBJ092,WEEK4,ALT,Alanine aminotransferase,35.72,U/L,7.0,56.0,NORMAL,2026-03-13
SUBJ092,WEEK4,AST,Aspartate aminotransferase,24.19,U/L,10.0,40.0,NORMAL,2026-03-13
SUBJ092,WEEK4,CREAT,Creatinine,0.8,mg/dL,0.6,1.3,NORMAL,2026-03-13
SUBJ092,WEEK4,EGFR,Estimated glomerular filtration rate,70.49,mL/min/1.73m²,60.0,999.0,NORMAL,2026-03-13
SUBJ092,WEEK8,HBA1C,HbA1c,8.23,%,4.0,5.6,ABNORMAL,2026-04-11
SUBJ092,WEEK8,FPG,Fasting plasma glucose,143.06,mg/dL,70.0,99.0,ABNORMAL,2026-04-11
SUBJ092,WEEK8,INSULIN,Insulin,16.16,µIU/mL,2.6,24.9,NORMAL,2026-04-11
SUBJ092,WEEK8,CPEPTIDE,C-peptide,2.59,ng/mL,1.1,4.4,NORMAL,2026-04-11
SUBJ092,WEEK8,TC,Total cholesterol,171.51,mg/dL,125.0,200.0,NORMAL,2026-04-11
SUBJ092,WEEK8,LDL,LDL cholesterol,86.82,mg/dL,0.0,100.0,NORMAL,2026-04-11
SUBJ092,WEEK8,HDL,HDL cholesterol,35.75,mg/dL,40.0,999.0,ABNORMAL,2026-04-11
SUBJ092,WEEK8,TG,Triglycerides,103.41,mg/dL,0.0,150.0,NORMAL,2026-04-11
SUBJ092,WEEK8,ALT,Alanine aminotransferase,38.11,U/L,7.0,56.0,NORMAL,2026-04-11
SUBJ092,WEEK8,AST,Aspartate aminotransferase,24.48,U/L,10.0,40.0,NORMAL,2026-04-11
SUBJ092,WEEK8,CREAT,Creatinine,0.87,mg/dL,0.6,1.3,NORMAL,2026-04-11
SUBJ092,WEEK8,EGFR,Estimated glomerular filtration rate,70.9,mL/min/1.73m²,60.0,999.0,NORMAL,2026-04-11
SUBJ092,WEEK12,HBA1C,HbA1c,8.07,%,4.0,5.6,ABNORMAL,2026-05-06
SUBJ092,WEEK12,FPG,Fasting plasma glucose,138.04,mg/dL,70.0,99.0,ABNORMAL,2026-05-06
SUBJ092,WEEK12,INSULIN,Insulin,15.4,µIU/mL,2.6,24.9,NORMAL,2026-05-06
SUBJ092,WEEK12,CPEPTIDE,C-peptide,2.73,ng/mL,1.1,4.4,NORMAL,2026-05-06
SUBJ092,WEEK12,TC,Total cholesterol,161.32,mg/dL,125.0,200.0,NORMAL,2026-05-06
SUBJ092,WEEK12,LDL,LDL cholesterol,79.72,mg/dL,0.0,100.0,NORMAL,2026-05-06
SUBJ092,WEEK12,HDL,HDL cholesterol,39.43,mg/dL,40.0,999.0,ABNORMAL,2026-05-06
SUBJ092,WEEK12,TG,Triglycerides,116.92,mg/dL,0.0,150.0,NORMAL,2026-05-06
SUBJ092,WEEK12,ALT,Alanine aminotransferase,34.96,U/L,7.0,56.0,NORMAL,2026-05-06
SUBJ092,WEEK12,AST,Aspartate aminotransferase,26.02,U/L,10.0,40.0,NORMAL,2026-05-06
SUBJ092,WEEK12,CREAT,Creatinine,0.81,mg/dL,0.6,1.3,NORMAL,2026-05-06
SUBJ092,WEEK12,EGFR,Estimated glomerular filtration rate,69.05,mL/min/1.73m²,60.0,999.0,NORMAL,2026-05-06
SUBJ093,BASELINE,HBA1C,HbA1c,8.57,%,4.0,5.6,ABNORMAL,2026-02-07
SUBJ093,BASELINE,FPG,Fasting plasma glucose,154.69,mg/dL,70.0,99.0,ABNORMAL,2026-02-07
SUBJ093,BASELINE,INSULIN,Insulin,8.48,µIU/mL,2.6,24.9,NORMAL,2026-02-07
SUBJ093,BASELINE,CPEPTIDE,C-peptide,2.44,ng/mL,1.1,4.4,NORMAL,2026-02-07
SUBJ093,BASELINE,TC,Total cholesterol,191.95,mg/dL,125.0,200.0,NORMAL,2026-02-07
SUBJ093,BASELINE,LDL,LDL cholesterol,123.29,mg/dL,0.0,100.0,ABNORMAL,2026-02-07
SUBJ093,BASELINE,HDL,HDL cholesterol,46.11,mg/dL,40.0,999.0,NORMAL,2026-02-07
SUBJ093,BASELINE,TG,Triglycerides,144.93,mg/dL,0.0,150.0,NORMAL,2026-02-07
SUBJ093,BASELINE,ALT,Alanine aminotransferase,31.15,U/L,7.0,56.0,NORMAL,2026-02-07
SUBJ093,BASELINE,AST,Aspartate aminotransferase,23.92,U/L,10.0,40.0,NORMAL,2026-02-07
SUBJ093,BASELINE,CREAT,Creatinine,1.11,mg/dL,0.6,1.3,NORMAL,2026-02-07
SUBJ093,BASELINE,EGFR,Estimated glomerular filtration rate,83.11,mL/min/1.73m²,60.0,999.0,NORMAL,2026-02-07
SUBJ093,WEEK4,HBA1C,HbA1c,8.22,%,4.0,5.6,ABNORMAL,2026-03-07
SUBJ093,WEEK4,FPG,Fasting plasma glucose,143.15,mg/dL,70.0,99.0,ABNORMAL,2026-03-07
SUBJ093,WEEK4,INSULIN,Insulin,7.43,µIU/mL,2.6,24.9,NORMAL,2026-03-07
SUBJ093,WEEK4,CPEPTIDE,C-peptide,2.42,ng/mL,1.1,4.4,NORMAL,2026-03-07
SUBJ093,WEEK4,TC,Total cholesterol,196.73,mg/dL,125.0,200.0,NORMAL,2026-03-07
SUBJ093,WEEK4,LDL,LDL cholesterol,107.31,mg/dL,0.0,100.0,ABNORMAL,2026-03-07
SUBJ093,WEEK4,HDL,HDL cholesterol,46.72,mg/dL,40.0,999.0,NORMAL,2026-03-07
SUBJ093,WEEK4,TG,Triglycerides,139.92,mg/dL,0.0,150.0,NORMAL,2026-03-07
SUBJ093,WEEK4,ALT,Alanine aminotransferase,27.8,U/L,7.0,56.0,NORMAL,2026-03-07
SUBJ093,WEEK4,AST,Aspartate aminotransferase,23.48,U/L,10.0,40.0,NORMAL,2026-03-07
SUBJ093,WEEK4,CREAT,Creatinine,1.2,mg/dL,0.6,1.3,NORMAL,2026-03-07
SUBJ093,WEEK4,EGFR,Estimated glomerular filtration rate,83.6,mL/min/1.73m²,60.0,999.0,NORMAL,2026-03-07
SUBJ093,WEEK8,HBA1C,HbA1c,7.79,%,4.0,5.6,ABNORMAL,2026-04-06
SUBJ093,WEEK8,FPG,Fasting plasma glucose,134.34,mg/dL,70.0,99.0,ABNORMAL,2026-04-06
SUBJ093,WEEK8,INSULIN,Insulin,8.71,µIU/mL,2.6,24.9,NORMAL,2026-04-06
SUBJ093,WEEK8,CPEPTIDE,C-peptide,2.54,ng/mL,1.1,4.4,NORMAL,2026-04-06
SUBJ093,WEEK8,TC,Total cholesterol,192.03,mg/dL,125.0,200.0,NORMAL,2026-04-06
SUBJ093,WEEK8,LDL,LDL cholesterol,113.67,mg/dL,0.0,100.0,ABNORMAL,2026-04-06
SUBJ093,WEEK8,HDL,HDL cholesterol,46.02,mg/dL,40.0,999.0,NORMAL,2026-04-06
SUBJ093,WEEK8,TG,Triglycerides,147.97,mg/dL,0.0,150.0,NORMAL,2026-04-06
SUBJ093,WEEK8,ALT,Alanine aminotransferase,27.87,U/L,7.0,56.0,NORMAL,2026-04-06
SUBJ093,WEEK8,AST,Aspartate aminotransferase,24.93,U/L,10.0,40.0,NORMAL,2026-04-06
SUBJ093,WEEK8,CREAT,Creatinine,1.09,mg/dL,0.6,1.3,NORMAL,2026-04-06
SUBJ093,WEEK8,EGFR,Estimated glomerular filtration rate,85.52,mL/min/1.73m²,60.0,999.0,NORMAL,2026-04-06
SUBJ093,WEEK12,HBA1C,HbA1c,7.91,%,4.0,5.6,ABNORMAL,2026-04-30
SUBJ093,WEEK12,FPG,Fasting plasma glucose,135.72,mg/dL,70.0,99.0,ABNORMAL,2026-04-30
SUBJ093,WEEK12,INSULIN,Insulin,8.55,µIU/mL,2.6,24.9,NORMAL,2026-04-30
SUBJ093,WEEK12,CPEPTIDE,C-peptide,2.6,ng/mL,1.1,4.4,NORMAL,2026-04-30
SUBJ093,WEEK12,TC,Total cholesterol,191.78,mg/dL,125.0,200.0,NORMAL,2026-04-30
SUBJ093,WEEK12,LDL,LDL cholesterol,124.14,mg/dL,0.0,100.0,ABNORMAL,2026-04-30
SUBJ093,WEEK12,HDL,HDL cholesterol,45.94,mg/dL,40.0,999.0,NORMAL,2026-04-30
SUBJ093,WEEK12,TG,Triglycerides,124.22,mg/dL,0.0,150.0,NORMAL,2026-04-30
SUBJ093,WEEK12,ALT,Alanine aminotransferase,29.29,U/L,7.0,56.0,NORMAL,2026-04-30
SUBJ093,WEEK12,AST,Aspartate aminotransferase,21.68,U/L,10.0,40.0,NORMAL,2026-04-30
SUBJ093,WEEK12,CREAT,Creatinine,1.14,mg/dL,0.6,1.3,NORMAL,2026-04-30
SUBJ093,WEEK12,EGFR,Estimated glomerular filtration rate,87.7,mL/min/1.73m²,60.0,999.0,NORMAL,2026-04-30
SUBJ094,BASELINE,HBA1C,HbA1c,7.97,%,4.0,5.6,ABNORMAL,2026-02-01
SUBJ094,BASELINE,FPG,Fasting plasma glucose,190.64,mg/dL,70.0,99.0,ABNORMAL,2026-02-01
SUBJ094,BASELINE,INSULIN,Insulin,12.32,µIU/mL,2.6,24.9,NORMAL,2026-02-01
SUBJ094,BASELINE,CPEPTIDE,C-peptide,2.17,ng/mL,1.1,4.4,NORMAL,2026-02-01
SUBJ094,BASELINE,TC,Total cholesterol,189.94,mg/dL,125.0,200.0,NORMAL,2026-02-01
SUBJ094,BASELINE,LDL,LDL cholesterol,170.67,mg/dL,0.0,100.0,ABNORMAL,2026-02-01
SUBJ094,BASELINE,HDL,HDL cholesterol,36.08,mg/dL,40.0,999.0,ABNORMAL,2026-02-01
SUBJ094,BASELINE,TG,Triglycerides,139.83,mg/dL,0.0,150.0,NORMAL,2026-02-01
SUBJ094,BASELINE,ALT,Alanine aminotransferase,51.72,U/L,7.0,56.0,NORMAL,2026-02-01
SUBJ094,BASELINE,AST,Aspartate aminotransferase,33.19,U/L,10.0,40.0,NORMAL,2026-02-01
SUBJ094,BASELINE,CREAT,Creatinine,0.79,mg/dL,0.6,1.3,NORMAL,2026-02-01
SUBJ094,BASELINE,EGFR,Estimated glomerular filtration rate,82.33,mL/min/1.73m²,60.0,999.0,NORMAL,2026-02-01
SUBJ094,WEEK4,HBA1C,HbA1c,7.63,%,4.0,5.6,ABNORMAL,2026-03-01
SUBJ094,WEEK4,FPG,Fasting plasma glucose,180.26,mg/dL,70.0,99.0,ABNORMAL,2026-03-01
SUBJ094,WEEK4,INSULIN,Insulin,14.66,µIU/mL,2.6,24.9,NORMAL,2026-03-01
SUBJ094,WEEK4,CPEPTIDE,C-peptide,2.44,ng/mL,1.1,4.4,NORMAL,2026-03-01
SUBJ094,WEEK4,TC,Total cholesterol,185.6,mg/dL,125.0,200.0,NORMAL,2026-03-01
SUBJ094,WEEK4,LDL,LDL cholesterol,164.17,mg/dL,0.0,100.0,ABNORMAL,2026-03-01
SUBJ094,WEEK4,HDL,HDL cholesterol,37.51,mg/dL,40.0,999.0,ABNORMAL,2026-03-01
SUBJ094,WEEK4,TG,Triglycerides,149.24,mg/dL,0.0,150.0,NORMAL,2026-03-01
SUBJ094,WEEK4,ALT,Alanine aminotransferase,44.13,U/L,7.0,56.0,NORMAL,2026-03-01
SUBJ094,WEEK4,AST,Aspartate aminotransferase,30.48,U/L,10.0,40.0,NORMAL,2026-03-01
SUBJ094,WEEK4,CREAT,Creatinine,0.83,mg/dL,0.6,1.3,NORMAL,2026-03-01
SUBJ094,WEEK4,EGFR,Estimated glomerular filtration rate,79.87,mL/min/1.73m²,60.0,999.0,NORMAL,2026-03-01
SUBJ095,BASELINE,HBA1C,HbA1c,8.17,%,4.0,5.6,ABNORMAL,2026-02-06
SUBJ095,BASELINE,FPG,Fasting plasma glucose,201.44,mg/dL,70.0,99.0,ABNORMAL,2026-02-06
SUBJ095,BASELINE,INSULIN,Insulin,13.3,µIU/mL,2.6,24.9,NORMAL,2026-02-06
SUBJ095,BASELINE,CPEPTIDE,C-peptide,3.94,ng/mL,1.1,4.4,NORMAL,2026-02-06
SUBJ095,BASELINE,TC,Total cholesterol,213.79,mg/dL,125.0,200.0,ABNORMAL,2026-02-06
SUBJ095,BASELINE,LDL,LDL cholesterol,116.81,mg/dL,0.0,100.0,ABNORMAL,2026-02-06
SUBJ095,BASELINE,HDL,HDL cholesterol,42.31,mg/dL,40.0,999.0,NORMAL,2026-02-06
SUBJ095,BASELINE,TG,Triglycerides,136.1,mg/dL,0.0,150.0,NORMAL,2026-02-06
SUBJ095,BASELINE,ALT,Alanine aminotransferase,45.96,U/L,7.0,56.0,NORMAL,2026-02-06
SUBJ095,BASELINE,AST,Aspartate aminotransferase,27.36,U/L,10.0,40.0,NORMAL,2026-02-06
SUBJ095,BASELINE,CREAT,Creatinine,0.82,mg/dL,0.6,1.3,NORMAL,2026-02-06
SUBJ095,BASELINE,EGFR,Estimated glomerular filtration rate,101.33,mL/min/1.73m²,60.0,999.0,NORMAL,2026-02-06
SUBJ095,WEEK4,HBA1C,HbA1c,7.82,%,4.0,5.6,ABNORMAL,2026-03-08
SUBJ095,WEEK4,FPG,Fasting plasma glucose,185.7,mg/dL,70.0,99.0,ABNORMAL,2026-03-08
SUBJ095,WEEK4,INSULIN,Insulin,14.61,µIU/mL,2.6,24.9,NORMAL,2026-03-08
SUBJ095,WEEK4,CPEPTIDE,C-peptide,3.67,ng/mL,1.1,4.4,NORMAL,2026-03-08
SUBJ095,WEEK4,TC,Total cholesterol,219.88,mg/dL,125.0,200.0,ABNORMAL,2026-03-08
SUBJ095,WEEK4,LDL,LDL cholesterol,115.62,mg/dL,0.0,100.0,ABNORMAL,2026-03-08
SUBJ095,WEEK4,HDL,HDL cholesterol,38.18,mg/dL,40.0,999.0,ABNORMAL,2026-03-08
SUBJ095,WEEK4,TG,Triglycerides,142.85,mg/dL,0.0,150.0,NORMAL,2026-03-08
SUBJ095,WEEK4,ALT,Alanine aminotransferase,49.42,U/L,7.0,56.0,NORMAL,2026-03-08
SUBJ095,WEEK4,AST,Aspartate aminotransferase,28.37,U/L,10.0,40.0,NORMAL,2026-03-08
SUBJ095,WEEK4,CREAT,Creatinine,0.79,mg/dL,0.6,1.3,NORMAL,2026-03-08
SUBJ095,WEEK4,EGFR,Estimated glomerular filtration rate,97.49,mL/min/1.73m²,60.0,999.0,NORMAL,2026-03-08
SUBJ095,WEEK8,HBA1C,HbA1c,7.59,%,4.0,5.6,ABNORMAL,2026-04-05
SUBJ095,WEEK8,FPG,Fasting plasma glucose,183.52,mg/dL,70.0,99.0,ABNORMAL,2026-04-05
SUBJ095,WEEK8,INSULIN,Insulin,12.53,µIU/mL,2.6,24.9,NORMAL,2026-04-05
SUBJ095,WEEK8,CPEPTIDE,C-peptide,3.85,ng/mL,1.1,4.4,NORMAL,2026-04-05
SUBJ095,WEEK8,TC,Total cholesterol,222.61,mg/dL,125.0,200.0,ABNORMAL,2026-04-05
SUBJ095,WEEK8,LDL,LDL cholesterol,111.5,mg/dL,0.0,100.0,ABNORMAL,2026-04-05
SUBJ095,WEEK8,HDL,HDL cholesterol,39.26,mg/dL,40.0,999.0,ABNORMAL,2026-04-05
SUBJ095,WEEK8,TG,Triglycerides,132.25,mg/dL,0.0,150.0,NORMAL,2026-04-05
SUBJ095,WEEK8,ALT,Alanine aminotransferase,45.79,U/L,7.0,56.0,NORMAL,2026-04-05
SUBJ095,WEEK8,AST,Aspartate aminotransferase,29.28,U/L,10.0,40.0,NORMAL,2026-04-05
SUBJ095,WEEK8,CREAT,Creatinine,0.78,mg/dL,0.6,1.3,NORMAL,2026-04-05
SUBJ095,WEEK8,EGFR,Estimated glomerular filtration rate,99.67,mL/min/1.73m²,60.0,999.0,NORMAL,2026-04-05
SUBJ095,WEEK12,HBA1C,HbA1c,7.18,%,4.0,5.6,ABNORMAL,2026-04-30
SUBJ095,WEEK12,FPG,Fasting plasma glucose,178.55,mg/dL,70.0,99.0,ABNORMAL,2026-04-30
SUBJ095,WEEK12,INSULIN,Insulin,10.85,µIU/mL,2.6,24.9,NORMAL,2026-04-30
SUBJ095,WEEK12,CPEPTIDE,C-peptide,3.71,ng/mL,1.1,4.4,NORMAL,2026-04-30
SUBJ095,WEEK12,TC,Total cholesterol,218.02,mg/dL,125.0,200.0,ABNORMAL,2026-04-30
SUBJ095,WEEK12,LDL,LDL cholesterol,107.32,mg/dL,0.0,100.0,ABNORMAL,2026-04-30
SUBJ095,WEEK12,HDL,HDL cholesterol,43.64,mg/dL,40.0,999.0,NORMAL,2026-04-30
SUBJ095,WEEK12,TG,Triglycerides,135.05,mg/dL,0.0,150.0,NORMAL,2026-04-30
SUBJ095,WEEK12,ALT,Alanine aminotransferase,43.62,U/L,7.0,56.0,NORMAL,2026-04-30
SUBJ095,WEEK12,AST,Aspartate aminotransferase,27.74,U/L,10.0,40.0,NORMAL,2026-04-30
SUBJ095,WEEK12,CREAT,Creatinine,0.8,mg/dL,0.6,1.3,NORMAL,2026-04-30
SUBJ095,WEEK12,EGFR,Estimated glomerular filtration rate,96.81,mL/min/1.73m²,60.0,999.0,NORMAL,2026-04-30
SUBJ096,BASELINE,HBA1C,HbA1c,8.75,%,4.0,5.6,ABNORMAL,2026-01-30
SUBJ096,BASELINE,FPG,Fasting plasma glucose,123.54,mg/dL,70.0,99.0,ABNORMAL,2026-01-30
SUBJ096,BASELINE,INSULIN,Insulin,21.45,µIU/mL,2.6,24.9,NORMAL,2026-01-30
SUBJ096,BASELINE,CPEPTIDE,C-peptide,4.79,ng/mL,1.1,4.4,ABNORMAL,2026-01-30
SUBJ096,BASELINE,TC,Total cholesterol,199.87,mg/dL,125.0,200.0,NORMAL,2026-01-30
SUBJ096,BASELINE,LDL,LDL cholesterol,92.84,mg/dL,0.0,100.0,NORMAL,2026-01-30
SUBJ096,BASELINE,HDL,HDL cholesterol,40.18,mg/dL,40.0,999.0,NORMAL,2026-01-30
SUBJ096,BASELINE,TG,Triglycerides,170.16,mg/dL,0.0,150.0,ABNORMAL,2026-01-30
SUBJ096,BASELINE,ALT,Alanine aminotransferase,45.72,U/L,7.0,56.0,NORMAL,2026-01-30
SUBJ096,BASELINE,AST,Aspartate aminotransferase,15.77,U/L,10.0,40.0,NORMAL,2026-01-30
SUBJ096,BASELINE,CREAT,Creatinine,0.94,mg/dL,0.6,1.3,NORMAL,2026-01-30
SUBJ096,BASELINE,EGFR,Estimated glomerular filtration rate,78.05,mL/min/1.73m²,60.0,999.0,NORMAL,2026-01-30
SUBJ096,WEEK4,HBA1C,HbA1c,8.3,%,4.0,5.6,ABNORMAL,2026-02-28
SUBJ096,WEEK4,FPG,Fasting plasma glucose,114.49,mg/dL,70.0,99.0,ABNORMAL,2026-02-28
SUBJ096,WEEK4,INSULIN,Insulin,21.67,µIU/mL,2.6,24.9,NORMAL,2026-02-28
SUBJ096,WEEK4,CPEPTIDE,C-peptide,4.71,ng/mL,1.1,4.4,ABNORMAL,2026-02-28
SUBJ096,WEEK4,TC,Total cholesterol,209.06,mg/dL,125.0,200.0,ABNORMAL,2026-02-28
SUBJ096,WEEK4,LDL,LDL cholesterol,92.88,mg/dL,0.0,100.0,NORMAL,2026-02-28
SUBJ096,WEEK4,HDL,HDL cholesterol,39.34,mg/dL,40.0,999.0,ABNORMAL,2026-02-28
SUBJ096,WEEK4,TG,Triglycerides,155.26,mg/dL,0.0,150.0,ABNORMAL,2026-02-28
SUBJ096,WEEK4,ALT,Alanine aminotransferase,41.12,U/L,7.0,56.0,NORMAL,2026-02-28
SUBJ096,WEEK4,AST,Aspartate aminotransferase,17.33,U/L,10.0,40.0,NORMAL,2026-02-28
SUBJ096,WEEK4,CREAT,Creatinine,0.95,mg/dL,0.6,1.3,NORMAL,2026-02-28
SUBJ096,WEEK4,EGFR,Estimated glomerular filtration rate,81.92,mL/min/1.73m²,60.0,999.0,NORMAL,2026-02-28
SUBJ096,WEEK8,HBA1C,HbA1c,8.22,%,4.0,5.6,ABNORMAL,2026-03-27
SUBJ096,WEEK8,FPG,Fasting plasma glucose,107.22,mg/dL,70.0,99.0,ABNORMAL,2026-03-27
SUBJ096,WEEK8,INSULIN,Insulin,21.82,µIU/mL,2.6,24.9,NORMAL,2026-03-27
SUBJ096,WEEK8,CPEPTIDE,C-peptide,4.86,ng/mL,1.1,4.4,ABNORMAL,2026-03-27
SUBJ096,WEEK8,TC,Total cholesterol,202.67,mg/dL,125.0,200.0,ABNORMAL,2026-03-27
SUBJ096,WEEK8,LDL,LDL cholesterol,94.95,mg/dL,0.0,100.0,NORMAL,2026-03-27
SUBJ096,WEEK8,HDL,HDL cholesterol,36.67,mg/dL,40.0,999.0,ABNORMAL,2026-03-27
SUBJ096,WEEK8,TG,Triglycerides,147.07,mg/dL,0.0,150.0,NORMAL,2026-03-27
SUBJ096,WEEK8,ALT,Alanine aminotransferase,38.99,U/L,7.0,56.0,NORMAL,2026-03-27
SUBJ096,WEEK8,AST,Aspartate aminotransferase,19.84,U/L,10.0,40.0,NORMAL,2026-03-27
SUBJ096,WEEK8,CREAT,Creatinine,0.94,mg/dL,0.6,1.3,NORMAL,2026-03-27
SUBJ096,WEEK8,EGFR,Estimated glomerular filtration rate,79.82,mL/min/1.73m²,60.0,999.0,NORMAL,2026-03-27
SUBJ096,WEEK12,HBA1C,HbA1c,8.04,%,4.0,5.6,ABNORMAL,2026-04-25
SUBJ096,WEEK12,FPG,Fasting plasma glucose,100.92,mg/dL,70.0,99.0,ABNORMAL,2026-04-25
SUBJ096,WEEK12,INSULIN,Insulin,18.52,µIU/mL,2.6,24.9,NORMAL,2026-04-25
SUBJ096,WEEK12,CPEPTIDE,C-peptide,4.98,ng/mL,1.1,4.4,ABNORMAL,2026-04-25
SUBJ096,WEEK12,TC,Total cholesterol,192.37,mg/dL,125.0,200.0,NORMAL,2026-04-25
SUBJ096,WEEK12,LDL,LDL cholesterol,98.74,mg/dL,0.0,100.0,NORMAL,2026-04-25
SUBJ096,WEEK12,HDL,HDL cholesterol,37.22,mg/dL,40.0,999.0,ABNORMAL,2026-04-25
SUBJ096,WEEK12,TG,Triglycerides,156.32,mg/dL,0.0,150.0,ABNORMAL,2026-04-25
SUBJ096,WEEK12,ALT,Alanine aminotransferase,42.82,U/L,7.0,56.0,NORMAL,2026-04-25
SUBJ096,WEEK12,AST,Aspartate aminotransferase,22.0,U/L,10.0,40.0,NORMAL,2026-04-25
SUBJ096,WEEK12,CREAT,Creatinine,0.91,mg/dL,0.6,1.3,NORMAL,2026-04-25
SUBJ096,WEEK12,EGFR,Estimated glomerular filtration rate,75.57,mL/min/1.73m²,60.0,999.0,NORMAL,2026-04-25
SUBJ097,BASELINE,HBA1C,HbA1c,8.7,%,4.0,5.6,ABNORMAL,2026-01-13
SUBJ097,BASELINE,FPG,Fasting plasma glucose,156.55,mg/dL,70.0,99.0,ABNORMAL,2026-01-13
SUBJ097,BASELINE,INSULIN,Insulin,19.31,µIU/mL,2.6,24.9,NORMAL,2026-01-13
SUBJ097,BASELINE,CPEPTIDE,C-peptide,2.46,ng/mL,1.1,4.4,NORMAL,2026-01-13
SUBJ097,BASELINE,TC,Total cholesterol,217.78,mg/dL,125.0,200.0,ABNORMAL,2026-01-13
SUBJ097,BASELINE,LDL,LDL cholesterol,88.49,mg/dL,0.0,100.0,NORMAL,2026-01-13
SUBJ097,BASELINE,HDL,HDL cholesterol,42.92,mg/dL,40.0,999.0,NORMAL,2026-01-13
SUBJ097,BASELINE,TG,Triglycerides,80.35,mg/dL,0.0,150.0,NORMAL,2026-01-13
SUBJ097,BASELINE,ALT,Alanine aminotransferase,35.89,U/L,7.0,56.0,NORMAL,2026-01-13
SUBJ097,BASELINE,AST,Aspartate aminotransferase,20.38,U/L,10.0,40.0,NORMAL,2026-01-13
SUBJ097,BASELINE,CREAT,Creatinine,0.87,mg/dL,0.6,1.3,NORMAL,2026-01-13
SUBJ097,BASELINE,EGFR,Estimated glomerular filtration rate,98.38,mL/min/1.73m²,60.0,999.0,NORMAL,2026-01-13
SUBJ097,WEEK4,HBA1C,HbA1c,8.45,%,4.0,5.6,ABNORMAL,2026-02-08
SUBJ097,WEEK4,FPG,Fasting plasma glucose,137.4,mg/dL,70.0,99.0,ABNORMAL,2026-02-08
SUBJ097,WEEK4,INSULIN,Insulin,14.48,µIU/mL,2.6,24.9,NORMAL,2026-02-08
SUBJ097,WEEK4,CPEPTIDE,C-peptide,1.96,ng/mL,1.1,4.4,NORMAL,2026-02-08
SUBJ097,WEEK4,TC,Total cholesterol,213.88,mg/dL,125.0,200.0,ABNORMAL,2026-02-08
SUBJ097,WEEK4,LDL,LDL cholesterol,86.52,mg/dL,0.0,100.0,NORMAL,2026-02-08
SUBJ097,WEEK4,HDL,HDL cholesterol,44.24,mg/dL,40.0,999.0,NORMAL,2026-02-08
SUBJ097,WEEK4,TG,Triglycerides,107.6,mg/dL,0.0,150.0,NORMAL,2026-02-08
SUBJ097,WEEK4,ALT,Alanine aminotransferase,37.83,U/L,7.0,56.0,NORMAL,2026-02-08
SUBJ097,WEEK4,AST,Aspartate aminotransferase,20.87,U/L,10.0,40.0,NORMAL,2026-02-08
SUBJ097,WEEK4,CREAT,Creatinine,0.88,mg/dL,0.6,1.3,NORMAL,2026-02-08
SUBJ097,WEEK4,EGFR,Estimated glomerular filtration rate,99.46,mL/min/1.73m²,60.0,999.0,NORMAL,2026-02-08
SUBJ098,BASELINE,HBA1C,HbA1c,7.78,%,4.0,5.6,ABNORMAL,2026-01-12
SUBJ098,BASELINE,FPG,Fasting plasma glucose,145.68,mg/dL,70.0,99.0,ABNORMAL,2026-01-12
SUBJ098,BASELINE,INSULIN,Insulin,11.59,µIU/mL,2.6,24.9,NORMAL,2026-01-12
SUBJ098,BASELINE,CPEPTIDE,C-peptide,2.22,ng/mL,1.1,4.4,NORMAL,2026-01-12
SUBJ098,BASELINE,TC,Total cholesterol,179.55,mg/dL,125.0,200.0,NORMAL,2026-01-12
SUBJ098,BASELINE,LDL,LDL cholesterol,58.23,mg/dL,0.0,100.0,NORMAL,2026-01-12
SUBJ098,BASELINE,HDL,HDL cholesterol,35.73,mg/dL,40.0,999.0,ABNORMAL,2026-01-12
SUBJ098,BASELINE,TG,Triglycerides,150.71,mg/dL,0.0,150.0,ABNORMAL,2026-01-12
SUBJ098,BASELINE,ALT,Alanine aminotransferase,36.2,U/L,7.0,56.0,NORMAL,2026-01-12
SUBJ098,BASELINE,AST,Aspartate aminotransferase,35.27,U/L,10.0,40.0,NORMAL,2026-01-12
SUBJ098,BASELINE,CREAT,Creatinine,0.75,mg/dL,0.6,1.3,NORMAL,2026-01-12
SUBJ098,BASELINE,EGFR,Estimated glomerular filtration rate,72.17,mL/min/1.73m²,60.0,999.0,NORMAL,2026-01-12
SUBJ098,WEEK4,HBA1C,HbA1c,7.51,%,4.0,5.6,ABNORMAL,2026-02-09
SUBJ098,WEEK4,FPG,Fasting plasma glucose,147.02,mg/dL,70.0,99.0,ABNORMAL,2026-02-09
SUBJ098,WEEK4,INSULIN,Insulin,9.34,µIU/mL,2.6,24.9,NORMAL,2026-02-09
SUBJ098,WEEK4,CPEPTIDE,C-peptide,2.23,ng/mL,1.1,4.4,NORMAL,2026-02-09
SUBJ098,WEEK4,TC,Total cholesterol,180.47,mg/dL,125.0,200.0,NORMAL,2026-02-09
SUBJ098,WEEK4,LDL,LDL cholesterol,55.06,mg/dL,0.0,100.0,NORMAL,2026-02-09
SUBJ098,WEEK4,HDL,HDL cholesterol,33.15,mg/dL,40.0,999.0,ABNORMAL,2026-02-09
SUBJ098,WEEK4,TG,Triglycerides,173.07,mg/dL,0.0,150.0,ABNORMAL,2026-02-09
SUBJ098,WEEK4,ALT,Alanine aminotransferase,35.22,U/L,7.0,56.0,NORMAL,2026-02-09
SUBJ098,WEEK4,AST,Aspartate aminotransferase,35.92,U/L,10.0,40.0,NORMAL,2026-02-09
SUBJ098,WEEK4,CREAT,Creatinine,0.75,mg/dL,0.6,1.3,NORMAL,2026-02-09
SUBJ098,WEEK4,EGFR,Estimated glomerular filtration rate,73.55,mL/min/1.73m²,60.0,999.0,NORMAL,2026-02-09
SUBJ098,WEEK8,HBA1C,HbA1c,7.19,%,4.0,5.6,ABNORMAL,2026-03-08
SUBJ098,WEEK8,FPG,Fasting plasma glucose,142.1,mg/dL,70.0,99.0,ABNORMAL,2026-03-08
SUBJ098,WEEK8,INSULIN,Insulin,9.81,µIU/mL,2.6,24.9,NORMAL,2026-03-08
SUBJ098,WEEK8,CPEPTIDE,C-peptide,2.14,ng/mL,1.1,4.4,NORMAL,2026-03-08
SUBJ098,WEEK8,TC,Total cholesterol,175.02,mg/dL,125.0,200.0,NORMAL,2026-03-08
SUBJ098,WEEK8,LDL,LDL cholesterol,49.91,mg/dL,0.0,100.0,NORMAL,2026-03-08
SUBJ098,WEEK8,HDL,HDL cholesterol,39.0,mg/dL,40.0,999.0,ABNORMAL,2026-03-08
SUBJ098,WEEK8,TG,Triglycerides,161.93,mg/dL,0.0,150.0,ABNORMAL,2026-03-08
SUBJ098,WEEK8,ALT,Alanine aminotransferase,37.03,U/L,7.0,56.0,NORMAL,2026-03-08
SUBJ098,WEEK8,AST,Aspartate aminotransferase,34.68,U/L,10.0,40.0,NORMAL,2026-03-08
SUBJ098,WEEK8,CREAT,Creatinine,0.79,mg/dL,0.6,1.3,NORMAL,2026-03-08
SUBJ098,WEEK8,EGFR,Estimated glomerular filtration rate,72.79,mL/min/1.73m²,60.0,999.0,NORMAL,2026-03-08
SUBJ098,WEEK12,HBA1C,HbA1c,7.1,%,4.0,5.6,ABNORMAL,2026-04-06
SUBJ098,WEEK12,FPG,Fasting plasma glucose,124.79,mg/dL,70.0,99.0,ABNORMAL,2026-04-06
SUBJ098,WEEK12,INSULIN,Insulin,8.54,µIU/mL,2.6,24.9,NORMAL,2026-04-06
SUBJ098,WEEK12,CPEPTIDE,C-peptide,2.05,ng/mL,1.1,4.4,NORMAL,2026-04-06
SUBJ098,WEEK12,TC,Total cholesterol,175.86,mg/dL,125.0,200.0,NORMAL,2026-04-06
SUBJ098,WEEK12,LDL,LDL cholesterol,60.76,mg/dL,0.0,100.0,NORMAL,2026-04-06
SUBJ098,WEEK12,HDL,HDL cholesterol,33.77,mg/dL,40.0,999.0,ABNORMAL,2026-04-06
SUBJ098,WEEK12,TG,Triglycerides,129.29,mg/dL,0.0,150.0,NORMAL,2026-04-06
SUBJ098,WEEK12,ALT,Alanine aminotransferase,36.08,U/L,7.0,56.0,NORMAL,2026-04-06
SUBJ098,WEEK12,AST,Aspartate aminotransferase,35.18,U/L,10.0,40.0,NORMAL,2026-04-06
SUBJ098,WEEK12,CREAT,Creatinine,0.75,mg/dL,0.6,1.3,NORMAL,2026-04-06
SUBJ098,WEEK12,EGFR,Estimated glomerular filtration rate,72.33,mL/min/1.73m²,60.0,999.0,NORMAL,2026-04-06
SUBJ099,BASELINE,HBA1C,HbA1c,7.66,%,4.0,5.6,ABNORMAL,2026-01-20
SUBJ099,BASELINE,FPG,Fasting plasma glucose,206.07,mg/dL,70.0,99.0,ABNORMAL,2026-01-20
SUBJ099,BASELINE,INSULIN,Insulin,12.02,µIU/mL,2.6,24.9,NORMAL,2026-01-20
SUBJ099,BASELINE,CPEPTIDE,C-peptide,4.54,ng/mL,1.1,4.4,ABNORMAL,2026-01-20
SUBJ099,BASELINE,TC,Total cholesterol,196.04,mg/dL,125.0,200.0,NORMAL,2026-01-20
SUBJ099,BASELINE,LDL,LDL cholesterol,125.0,mg/dL,0.0,100.0,ABNORMAL,2026-01-20
SUBJ099,BASELINE,HDL,HDL cholesterol,41.49,mg/dL,40.0,999.0,NORMAL,2026-01-20
SUBJ099,BASELINE,TG,Triglycerides,255.57,mg/dL,0.0,150.0,ABNORMAL,2026-01-20
SUBJ099,BASELINE,ALT,Alanine aminotransferase,20.63,U/L,7.0,56.0,NORMAL,2026-01-20
SUBJ099,BASELINE,AST,Aspartate aminotransferase,19.72,U/L,10.0,40.0,NORMAL,2026-01-20
SUBJ099,BASELINE,CREAT,Creatinine,0.62,mg/dL,0.6,1.3,NORMAL,2026-01-20
SUBJ099,BASELINE,EGFR,Estimated glomerular filtration rate,82.83,mL/min/1.73m²,60.0,999.0,NORMAL,2026-01-20
SUBJ099,WEEK4,HBA1C,HbA1c,7.56,%,4.0,5.6,ABNORMAL,2026-02-17
SUBJ099,WEEK4,FPG,Fasting plasma glucose,207.29,mg/dL,70.0,99.0,ABNORMAL,2026-02-17
SUBJ099,WEEK4,INSULIN,Insulin,14.41,µIU/mL,2.6,24.9,NORMAL,2026-02-17
SUBJ099,WEEK4,CPEPTIDE,C-peptide,4.61,ng/mL,1.1,4.4,ABNORMAL,2026-02-17
SUBJ099,WEEK4,TC,Total cholesterol,190.29,mg/dL,125.0,200.0,NORMAL,2026-02-17
SUBJ099,WEEK4,LDL,LDL cholesterol,126.96,mg/dL,0.0,100.0,ABNORMAL,2026-02-17
SUBJ099,WEEK4,HDL,HDL cholesterol,42.72,mg/dL,40.0,999.0,NORMAL,2026-02-17
SUBJ099,WEEK4,TG,Triglycerides,266.31,mg/dL,0.0,150.0,ABNORMAL,2026-02-17
SUBJ099,WEEK4,ALT,Alanine aminotransferase,18.97,U/L,7.0,56.0,NORMAL,2026-02-17
SUBJ099,WEEK4,AST,Aspartate aminotransferase,22.52,U/L,10.0,40.0,NORMAL,2026-02-17
SUBJ099,WEEK4,CREAT,Creatinine,0.67,mg/dL,0.6,1.3,NORMAL,2026-02-17
SUBJ099,WEEK4,EGFR,Estimated glomerular filtration rate,79.36,mL/min/1.73m²,60.0,999.0,NORMAL,2026-02-17
SUBJ100,BASELINE,HBA1C,HbA1c,8.39,%,4.0,5.6,ABNORMAL,2026-01-22
SUBJ100,BASELINE,FPG,Fasting plasma glucose,161.51,mg/dL,70.0,99.0,ABNORMAL,2026-01-22
SUBJ100,BASELINE,INSULIN,Insulin,26.61,µIU/mL,2.6,24.9,ABNORMAL,2026-01-22
SUBJ100,BASELINE,CPEPTIDE,C-peptide,2.36,ng/mL,1.1,4.4,NORMAL,2026-01-22
SUBJ100,BASELINE,TC,Total cholesterol,201.94,mg/dL,125.0,200.0,ABNORMAL,2026-01-22
SUBJ100,BASELINE,LDL,LDL cholesterol,152.72,mg/dL,0.0,100.0,ABNORMAL,2026-01-22
SUBJ100,BASELINE,HDL,HDL cholesterol,48.3,mg/dL,40.0,999.0,NORMAL,2026-01-22
SUBJ100,BASELINE,TG,Triglycerides,64.07,mg/dL,0.0,150.0,NORMAL,2026-01-22
SUBJ100,BASELINE,ALT,Alanine aminotransferase,40.99,U/L,7.0,56.0,NORMAL,2026-01-22
SUBJ100,BASELINE,AST,Aspartate aminotransferase,26.64,U/L,10.0,40.0,NORMAL,2026-01-22
SUBJ100,BASELINE,CREAT,Creatinine,0.64,mg/dL,0.6,1.3,NORMAL,2026-01-22
SUBJ100,BASELINE,EGFR,Estimated glomerular filtration rate,92.73,mL/min/1.73m²,60.0,999.0,NORMAL,2026-01-22
SUBJ100,WEEK4,HBA1C,HbA1c,8.23,%,4.0,5.6,ABNORMAL,2026-02-18
SUBJ100,WEEK4,FPG,Fasting plasma glucose,159.48,mg/dL,70.0,99.0,ABNORMAL,2026-02-18
SUBJ100,WEEK4,INSULIN,Insulin,26.06,µIU/mL,2.6,24.9,ABNORMAL,2026-02-18
SUBJ100,WEEK4,CPEPTIDE,C-peptide,2.46,ng/mL,1.1,4.4,NORMAL,2026-02-18
SUBJ100,WEEK4,TC,Total cholesterol,197.28,mg/dL,125.0,200.0,NORMAL,2026-02-18
SUBJ100,WEEK4,LDL,LDL cholesterol,139.31,mg/dL,0.0,100.0,ABNORMAL,2026-02-18
SUBJ100,WEEK4,HDL,HDL cholesterol,51.65,mg/dL,40.0,999.0,NORMAL,2026-02-18
SUBJ100,WEEK4,TG,Triglycerides,61.91,mg/dL,0.0,150.0,NORMAL,2026-02-18
SUBJ100,WEEK4,ALT,Alanine aminotransferase,34.28,U/L,7.0,56.0,NORMAL,2026-02-18
SUBJ100,WEEK4,AST,Aspartate aminotransferase,27.14,U/L,10.0,40.0,NORMAL,2026-02-18
SUBJ100,WEEK4,CREAT,Creatinine,0.68,mg/dL,0.6,1.3,NORMAL,2026-02-18
SUBJ100,WEEK4,EGFR,Estimated glomerular filtration rate,94.25,mL/min/1.73m²,60.0,999.0,NORMAL,2026-02-18
SUBJ100,WEEK8,HBA1C,HbA1c,8.17,%,4.0,5.6,ABNORMAL,2026-03-18
SUBJ100,WEEK8,FPG,Fasting plasma glucose,158.1,mg/dL,70.0,99.0,ABNORMAL,2026-03-18
SUBJ100,WEEK8,INSULIN,Insulin,24.32,µIU/mL,2.6,24.9,NORMAL,2026-03-18
SUBJ100,WEEK8,CPEPTIDE,C-peptide,2.49,ng/mL,1.1,4.4,NORMAL,2026-03-18
SUBJ100,WEEK8,TC,Total cholesterol,193.63,mg/dL,125.0,200.0,NORMAL,2026-03-18
SUBJ100,WEEK8,LDL,LDL cholesterol,145.08,mg/dL,0.0,100.0,ABNORMAL,2026-03-18
SUBJ100,WEEK8,HDL,HDL cholesterol,55.07,mg/dL,40.0,999.0,NORMAL,2026-03-18
SUBJ100,WEEK8,TG,Triglycerides,60.25,mg/dL,0.0,150.0,NORMAL,2026-03-18
SUBJ100,WEEK8,ALT,Alanine aminotransferase,38.71,U/L,7.0,56.0,NORMAL,2026-03-18
SUBJ100,WEEK8,AST,Aspartate aminotransferase,27.21,U/L,10.0,40.0,NORMAL,2026-03-18
SUBJ100,WEEK8,CREAT,Creatinine,0.65,mg/dL,0.6,1.3,NORMAL,2026-03-18
SUBJ100,WEEK8,EGFR,Estimated glomerular filtration rate,91.01,mL/min/1.73m²,60.0,999.0,NORMAL,2026-03-18
SUBJ100,WEEK12,HBA1C,HbA1c,8.01,%,4.0,5.6,ABNORMAL,2026-04-14
SUBJ100,WEEK12,FPG,Fasting plasma glucose,153.34,mg/dL,70.0,99.0,ABNORMAL,2026-04-14
SUBJ100,WEEK12,INSULIN,Insulin,24.99,µIU/mL,2.6,24.9,ABNORMAL,2026-04-14
SUBJ100,WEEK12,CPEPTIDE,C-peptide,2.6,ng/mL,1.1,4.4,NORMAL,2026-04-14
SUBJ100,WEEK12,TC,Total cholesterol,196.87,mg/dL,125.0,200.0,NORMAL,2026-04-14
SUBJ100,WEEK12,LDL,LDL cholesterol,151.94,mg/dL,0.0,100.0,ABNORMAL,2026-04-14
SUBJ100,WEEK12,HDL,HDL cholesterol,52.16,mg/dL,40.0,999.0,NORMAL,2026-04-14
SUBJ100,WEEK12,TG,Triglycerides,44.2,mg/dL,0.0,150.0,NORMAL,2026-04-14
SUBJ100,WEEK12,ALT,Alanine aminotransferase,35.47,U/L,7.0,56.0,NORMAL,2026-04-14
SUBJ100,WEEK12,AST,Aspartate aminotransferase,28.75,U/L,10.0,40.0,NORMAL,2026-04-14
SUBJ100,WEEK12,CREAT,Creatinine,0.68,mg/dL,0.6,1.3,NORMAL,2026-04-14
SUBJ100,WEEK12,EGFR,Estimated glomerular filtration rate,92.2,mL/min/1.73m²,60.0,999.0,NORMAL,2026-04-14
SUBJ101,BASELINE,HBA1C,HbA1c,8.69,%,4.0,5.6,ABNORMAL,2026-02-09
SUBJ101,BASELINE,FPG,Fasting plasma glucose,146.63,mg/dL,70.0,99.0,ABNORMAL,2026-02-09
SUBJ101,BASELINE,INSULIN,Insulin,16.84,µIU/mL,2.6,24.9,NORMAL,2026-02-09
SUBJ101,BASELINE,CPEPTIDE,C-peptide,2.17,ng/mL,1.1,4.4,NORMAL,2026-02-09
SUBJ101,BASELINE,TC,Total cholesterol,216.62,mg/dL,125.0,200.0,ABNORMAL,2026-02-09
SUBJ101,BASELINE,LDL,LDL cholesterol,132.9,mg/dL,0.0,100.0,ABNORMAL,2026-02-09
SUBJ101,BASELINE,HDL,HDL cholesterol,35.95,mg/dL,40.0,999.0,ABNORMAL,2026-02-09
SUBJ101,BASELINE,TG,Triglycerides,118.43,mg/dL,0.0,150.0,NORMAL,2026-02-09
SUBJ101,BASELINE,ALT,Alanine aminotransferase,40.49,U/L,7.0,56.0,NORMAL,2026-02-09
SUBJ101,BASELINE,AST,Aspartate aminotransferase,23.52,U/L,10.0,40.0,NORMAL,2026-02-09
SUBJ101,BASELINE,CREAT,Creatinine,0.65,mg/dL,0.6,1.3,NORMAL,2026-02-09
SUBJ101,BASELINE,EGFR,Estimated glomerular filtration rate,99.31,mL/min/1.73m²,60.0,999.0,NORMAL,2026-02-09
SUBJ101,WEEK4,HBA1C,HbA1c,8.32,%,4.0,5.6,ABNORMAL,2026-03-09
SUBJ101,WEEK4,FPG,Fasting plasma glucose,138.77,mg/dL,70.0,99.0,ABNORMAL,2026-03-09
SUBJ101,WEEK4,INSULIN,Insulin,16.05,µIU/mL,2.6,24.9,NORMAL,2026-03-09
SUBJ101,WEEK4,CPEPTIDE,C-peptide,2.07,ng/mL,1.1,4.4,NORMAL,2026-03-09
SUBJ101,WEEK4,TC,Total cholesterol,216.58,mg/dL,125.0,200.0,ABNORMAL,2026-03-09
SUBJ101,WEEK4,LDL,LDL cholesterol,140.85,mg/dL,0.0,100.0,ABNORMAL,2026-03-09
SUBJ101,WEEK4,HDL,HDL cholesterol,31.1,mg/dL,40.0,999.0,ABNORMAL,2026-03-09
SUBJ101,WEEK4,TG,Triglycerides,96.75,mg/dL,0.0,150.0,NORMAL,2026-03-09
SUBJ101,WEEK4,ALT,Alanine aminotransferase,35.6,U/L,7.0,56.0,NORMAL,2026-03-09
SUBJ101,WEEK4,AST,Aspartate aminotransferase,24.65,U/L,10.0,40.0,NORMAL,2026-03-09
SUBJ101,WEEK4,CREAT,Creatinine,0.63,mg/dL,0.6,1.3,NORMAL,2026-03-09
SUBJ101,WEEK4,EGFR,Estimated glomerular filtration rate,93.74,mL/min/1.73m²,60.0,999.0,NORMAL,2026-03-09
SUBJ101,WEEK8,HBA1C,HbA1c,8.02,%,4.0,5.6,ABNORMAL,2026-04-06
SUBJ101,WEEK8,FPG,Fasting plasma glucose,127.54,mg/dL,70.0,99.0,ABNORMAL,2026-04-06
SUBJ101,WEEK8,INSULIN,Insulin,16.97,µIU/mL,2.6,24.9,NORMAL,2026-04-06
SUBJ101,WEEK8,CPEPTIDE,C-peptide,1.98,ng/mL,1.1,4.4,NORMAL,2026-04-06
SUBJ101,WEEK8,TC,Total cholesterol,234.05,mg/dL,125.0,200.0,ABNORMAL,2026-04-06
SUBJ101,WEEK8,LDL,LDL cholesterol,139.78,mg/dL,0.0,100.0,ABNORMAL,2026-04-06
SUBJ101,WEEK8,HDL,HDL cholesterol,31.88,mg/dL,40.0,999.0,ABNORMAL,2026-04-06
SUBJ101,WEEK8,TG,Triglycerides,102.3,mg/dL,0.0,150.0,NORMAL,2026-04-06
SUBJ101,WEEK8,ALT,Alanine aminotransferase,37.09,U/L,7.0,56.0,NORMAL,2026-04-06
SUBJ101,WEEK8,AST,Aspartate aminotransferase,27.1,U/L,10.0,40.0,NORMAL,2026-04-06
SUBJ101,WEEK8,CREAT,Creatinine,0.71,mg/dL,0.6,1.3,NORMAL,2026-04-06
SUBJ101,WEEK8,EGFR,Estimated glomerular filtration rate,94.83,mL/min/1.73m²,60.0,999.0,NORMAL,2026-04-06
SUBJ101,WEEK12,HBA1C,HbA1c,7.79,%,4.0,5.6,ABNORMAL,2026-05-05
SUBJ101,WEEK12,FPG,Fasting plasma glucose,106.52,mg/dL,70.0,99.0,ABNORMAL,2026-05-05
SUBJ101,WEEK12,INSULIN,Insulin,16.87,µIU/mL,2.6,24.9,NORMAL,2026-05-05
SUBJ101,WEEK12,CPEPTIDE,C-peptide,1.96,ng/mL,1.1,4.4,NORMAL,2026-05-05
SUBJ101,WEEK12,TC,Total cholesterol,220.18,mg/dL,125.0,200.0,ABNORMAL,2026-05-05
SUBJ101,WEEK12,LDL,LDL cholesterol,131.57,mg/dL,0.0,100.0,ABNORMAL,2026-05-05
SUBJ101,WEEK12,HDL,HDL cholesterol,34.41,mg/dL,40.0,999.0,ABNORMAL,2026-05-05
SUBJ101,WEEK12,TG,Triglycerides,97.21,mg/dL,0.0,150.0,NORMAL,2026-05-05
SUBJ101,WEEK12,ALT,Alanine aminotransferase,39.47,U/L,7.0,56.0,NORMAL,2026-05-05
SUBJ101,WEEK12,AST,Aspartate aminotransferase,26.71,U/L,10.0,40.0,NORMAL,2026-05-05
SUBJ101,WEEK12,CREAT,Creatinine,0.68,mg/dL,0.6,1.3,NORMAL,2026-05-05
SUBJ101,WEEK12,EGFR,Estimated glomerular filtration rate,93.56,mL/min/1.73m²,60.0,999.0,NORMAL,2026-05-05
SUBJ102,BASELINE,HBA1C,HbA1c,9.09,%,4.0,5.6,ABNORMAL,2026-01-12
SUBJ102,BASELINE,FPG,Fasting plasma glucose,131.31,mg/dL,70.0,99.0,ABNORMAL,2026-01-12
SUBJ102,BASELINE,INSULIN,Insulin,26.84,µIU/mL,2.6,24.9,ABNORMAL,2026-01-12
SUBJ102,BASELINE,CPEPTIDE,C-peptide,2.76,ng/mL,1.1,4.4,NORMAL,2026-01-12
SUBJ102,BASELINE,TC,Total cholesterol,171.25,mg/dL,125.0,200.0,NORMAL,2026-01-12
SUBJ102,BASELINE,LDL,LDL cholesterol,108.56,mg/dL,0.0,100.0,ABNORMAL,2026-01-12
SUBJ102,BASELINE,HDL,HDL cholesterol,52.35,mg/dL,40.0,999.0,NORMAL,2026-01-12
SUBJ102,BASELINE,TG,Triglycerides,121.1,mg/dL,0.0,150.0,NORMAL,2026-01-12
SUBJ102,BASELINE,ALT,Alanine aminotransferase,20.49,U/L,7.0,56.0,NORMAL,2026-01-12
SUBJ102,BASELINE,AST,Aspartate aminotransferase,27.2,U/L,10.0,40.0,NORMAL,2026-01-12
SUBJ102,BASELINE,CREAT,Creatinine,1.0,mg/dL,0.6,1.3,NORMAL,2026-01-12
SUBJ102,BASELINE,EGFR,Estimated glomerular filtration rate,74.9,mL/min/1.73m²,60.0,999.0,NORMAL,2026-01-12
SUBJ102,WEEK4,HBA1C,HbA1c,9.02,%,4.0,5.6,ABNORMAL,2026-02-10
SUBJ102,WEEK4,FPG,Fasting plasma glucose,121.26,mg/dL,70.0,99.0,ABNORMAL,2026-02-10
SUBJ102,WEEK4,INSULIN,Insulin,22.47,µIU/mL,2.6,24.9,NORMAL,2026-02-10
SUBJ102,WEEK4,CPEPTIDE,C-peptide,2.93,ng/mL,1.1,4.4,NORMAL,2026-02-10
SUBJ102,WEEK4,TC,Total cholesterol,172.1,mg/dL,125.0,200.0,NORMAL,2026-02-10
SUBJ102,WEEK4,LDL,LDL cholesterol,99.91,mg/dL,0.0,100.0,NORMAL,2026-02-10
SUBJ102,WEEK4,HDL,HDL cholesterol,54.23,mg/dL,40.0,999.0,NORMAL,2026-02-10
SUBJ102,WEEK4,TG,Triglycerides,148.85,mg/dL,0.0,150.0,NORMAL,2026-02-10
SUBJ102,WEEK4,ALT,Alanine aminotransferase,22.21,U/L,7.0,56.0,NORMAL,2026-02-10
SUBJ102,WEEK4,AST,Aspartate aminotransferase,30.06,U/L,10.0,40.0,NORMAL,2026-02-10
SUBJ102,WEEK4,CREAT,Creatinine,1.03,mg/dL,0.6,1.3,NORMAL,2026-02-10
SUBJ102,WEEK4,EGFR,Estimated glomerular filtration rate,76.29,mL/min/1.73m²,60.0,999.0,NORMAL,2026-02-10
SUBJ102,WEEK8,HBA1C,HbA1c,9.02,%,4.0,5.6,ABNORMAL,2026-03-09
SUBJ102,WEEK8,FPG,Fasting plasma glucose,122.9,mg/dL,70.0,99.0,ABNORMAL,2026-03-09
SUBJ102,WEEK8,INSULIN,Insulin,24.39,µIU/mL,2.6,24.9,NORMAL,2026-03-09
SUBJ102,WEEK8,CPEPTIDE,C-peptide,2.93,ng/mL,1.1,4.4,NORMAL,2026-03-09
SUBJ102,WEEK8,TC,Total cholesterol,175.31,mg/dL,125.0,200.0,NORMAL,2026-03-09
SUBJ102,WEEK8,LDL,LDL cholesterol,97.95,mg/dL,0.0,100.0,NORMAL,2026-03-09
SUBJ102,WEEK8,HDL,HDL cholesterol,52.4,mg/dL,40.0,999.0,NORMAL,2026-03-09
SUBJ102,WEEK8,TG,Triglycerides,121.83,mg/dL,0.0,150.0,NORMAL,2026-03-09
SUBJ102,WEEK8,ALT,Alanine aminotransferase,18.03,U/L,7.0,56.0,NORMAL,2026-03-09
SUBJ102,WEEK8,AST,Aspartate aminotransferase,28.39,U/L,10.0,40.0,NORMAL,2026-03-09
SUBJ102,WEEK8,CREAT,Creatinine,1.09,mg/dL,0.6,1.3,NORMAL,2026-03-09
SUBJ102,WEEK8,EGFR,Estimated glomerular filtration rate,75.02,mL/min/1.73m²,60.0,999.0,NORMAL,2026-03-09
SUBJ103,BASELINE,HBA1C,HbA1c,8.78,%,4.0,5.6,ABNORMAL,2026-02-12
SUBJ103,BASELINE,FPG,Fasting plasma glucose,156.91,mg/dL,70.0,99.0,ABNORMAL,2026-02-12
SUBJ103,BASELINE,INSULIN,Insulin,14.49,µIU/mL,2.6,24.9,NORMAL,2026-02-12
SUBJ103,BASELINE,CPEPTIDE,C-peptide,2.23,ng/mL,1.1,4.4,NORMAL,2026-02-12
SUBJ103,BASELINE,TC,Total cholesterol,244.01,mg/dL,125.0,200.0,ABNORMAL,2026-02-12
SUBJ103,BASELINE,LDL,LDL cholesterol,78.72,mg/dL,0.0,100.0,NORMAL,2026-02-12
SUBJ103,BASELINE,HDL,HDL cholesterol,51.51,mg/dL,40.0,999.0,NORMAL,2026-02-12
SUBJ103,BASELINE,TG,Triglycerides,205.61,mg/dL,0.0,150.0,ABNORMAL,2026-02-12
SUBJ103,BASELINE,ALT,Alanine aminotransferase,28.39,U/L,7.0,56.0,NORMAL,2026-02-12
SUBJ103,BASELINE,AST,Aspartate aminotransferase,37.92,U/L,10.0,40.0,NORMAL,2026-02-12
SUBJ103,BASELINE,CREAT,Creatinine,0.91,mg/dL,0.6,1.3,NORMAL,2026-02-12
SUBJ103,BASELINE,EGFR,Estimated glomerular filtration rate,94.86,mL/min/1.73m²,60.0,999.0,NORMAL,2026-02-12
SUBJ103,WEEK4,HBA1C,HbA1c,8.61,%,4.0,5.6,ABNORMAL,2026-03-13
SUBJ103,WEEK4,FPG,Fasting plasma glucose,154.77,mg/dL,70.0,99.0,ABNORMAL,2026-03-13
SUBJ103,WEEK4,INSULIN,Insulin,12.53,µIU/mL,2.6,24.9,NORMAL,2026-03-13
SUBJ103,WEEK4,CPEPTIDE,C-peptide,2.13,ng/mL,1.1,4.4,NORMAL,2026-03-13
SUBJ103,WEEK4,TC,Total cholesterol,245.28,mg/dL,125.0,200.0,ABNORMAL,2026-03-13
SUBJ103,WEEK4,LDL,LDL cholesterol,78.46,mg/dL,0.0,100.0,NORMAL,2026-03-13
SUBJ103,WEEK4,HDL,HDL cholesterol,47.36,mg/dL,40.0,999.0,NORMAL,2026-03-13
SUBJ103,WEEK4,TG,Triglycerides,210.03,mg/dL,0.0,150.0,ABNORMAL,2026-03-13
SUBJ103,WEEK4,ALT,Alanine aminotransferase,33.48,U/L,7.0,56.0,NORMAL,2026-03-13
SUBJ103,WEEK4,AST,Aspartate aminotransferase,36.12,U/L,10.0,40.0,NORMAL,2026-03-13
SUBJ103,WEEK4,CREAT,Creatinine,0.87,mg/dL,0.6,1.3,NORMAL,2026-03-13
SUBJ103,WEEK4,EGFR,Estimated glomerular filtration rate,94.55,mL/min/1.73m²,60.0,999.0,NORMAL,2026-03-13
SUBJ103,WEEK8,HBA1C,HbA1c,8.41,%,4.0,5.6,ABNORMAL,2026-04-07
SUBJ103,WEEK8,FPG,Fasting plasma glucose,142.43,mg/dL,70.0,99.0,ABNORMAL,2026-04-07
SUBJ103,WEEK8,INSULIN,Insulin,14.97,µIU/mL,2.6,24.9,NORMAL,2026-04-07
SUBJ103,WEEK8,CPEPTIDE,C-peptide,2.5,ng/mL,1.1,4.4,NORMAL,2026-04-07
SUBJ103,WEEK8,TC,Total cholesterol,246.95,mg/dL,125.0,200.0,ABNORMAL,2026-04-07
SUBJ103,WEEK8,LDL,LDL cholesterol,83.89,mg/dL,0.0,100.0,NORMAL,2026-04-07
SUBJ103,WEEK8,HDL,HDL cholesterol,46.08,mg/dL,40.0,999.0,NORMAL,2026-04-07
SUBJ103,WEEK8,TG,Triglycerides,196.68,mg/dL,0.0,150.0,ABNORMAL,2026-04-07
SUBJ103,WEEK8,ALT,Alanine aminotransferase,28.73,U/L,7.0,56.0,NORMAL,2026-04-07
SUBJ103,WEEK8,AST,Aspartate aminotransferase,32.23,U/L,10.0,40.0,NORMAL,2026-04-07
SUBJ103,WEEK8,CREAT,Creatinine,0.89,mg/dL,0.6,1.3,NORMAL,2026-04-07
SUBJ103,WEEK8,EGFR,Estimated glomerular filtration rate,91.29,mL/min/1.73m²,60.0,999.0,NORMAL,2026-04-07
SUBJ103,WEEK12,HBA1C,HbA1c,8.08,%,4.0,5.6,ABNORMAL,2026-05-06
SUBJ103,WEEK12,FPG,Fasting plasma glucose,127.16,mg/dL,70.0,99.0,ABNORMAL,2026-05-06
SUBJ103,WEEK12,INSULIN,Insulin,12.4,µIU/mL,2.6,24.9,NORMAL,2026-05-06
SUBJ103,WEEK12,CPEPTIDE,C-peptide,2.19,ng/mL,1.1,4.4,NORMAL,2026-05-06
SUBJ103,WEEK12,TC,Total cholesterol,236.05,mg/dL,125.0,200.0,ABNORMAL,2026-05-06
SUBJ103,WEEK12,LDL,LDL cholesterol,76.12,mg/dL,0.0,100.0,NORMAL,2026-05-06
SUBJ103,WEEK12,HDL,HDL cholesterol,50.98,mg/dL,40.0,999.0,NORMAL,2026-05-06
SUBJ103,WEEK12,TG,Triglycerides,196.94,mg/dL,0.0,150.0,ABNORMAL,2026-05-06
SUBJ103,WEEK12,ALT,Alanine aminotransferase,34.79,U/L,7.0,56.0,NORMAL,2026-05-06
SUBJ103,WEEK12,AST,Aspartate aminotransferase,32.72,U/L,10.0,40.0,NORMAL,2026-05-06
SUBJ103,WEEK12,CREAT,Creatinine,0.88,mg/dL,0.6,1.3,NORMAL,2026-05-06
SUBJ103,WEEK12,EGFR,Estimated glomerular filtration rate,92.88,mL/min/1.73m²,60.0,999.0,NORMAL,2026-05-06
SUBJ104,BASELINE,HBA1C,HbA1c,8.72,%,4.0,5.6,ABNORMAL,2026-01-31
SUBJ104,BASELINE,FPG,Fasting plasma glucose,131.31,mg/dL,70.0,99.0,ABNORMAL,2026-01-31
SUBJ104,BASELINE,INSULIN,Insulin,9.66,µIU/mL,2.6,24.9,NORMAL,2026-01-31
SUBJ104,BASELINE,CPEPTIDE,C-peptide,2.15,ng/mL,1.1,4.4,NORMAL,2026-01-31
SUBJ104,BASELINE,TC,Total cholesterol,161.24,mg/dL,125.0,200.0,NORMAL,2026-01-31
SUBJ104,BASELINE,LDL,LDL cholesterol,103.17,mg/dL,0.0,100.0,ABNORMAL,2026-01-31
SUBJ104,BASELINE,HDL,HDL cholesterol,44.7,mg/dL,40.0,999.0,NORMAL,2026-01-31
SUBJ104,BASELINE,TG,Triglycerides,174.16,mg/dL,0.0,150.0,ABNORMAL,2026-01-31
SUBJ104,BASELINE,ALT,Alanine aminotransferase,37.88,U/L,7.0,56.0,NORMAL,2026-01-31
SUBJ104,BASELINE,AST,Aspartate aminotransferase,27.75,U/L,10.0,40.0,NORMAL,2026-01-31
SUBJ104,BASELINE,CREAT,Creatinine,0.68,mg/dL,0.6,1.3,NORMAL,2026-01-31
SUBJ104,BASELINE,EGFR,Estimated glomerular filtration rate,89.97,mL/min/1.73m²,60.0,999.0,NORMAL,2026-01-31
SUBJ104,WEEK4,HBA1C,HbA1c,8.49,%,4.0,5.6,ABNORMAL,2026-02-27
SUBJ104,WEEK4,FPG,Fasting plasma glucose,120.71,mg/dL,70.0,99.0,ABNORMAL,2026-02-27
SUBJ104,WEEK4,INSULIN,Insulin,9.86,µIU/mL,2.6,24.9,NORMAL,2026-02-27
SUBJ104,WEEK4,CPEPTIDE,C-peptide,2.11,ng/mL,1.1,4.4,NORMAL,2026-02-27
SUBJ104,WEEK4,TC,Total cholesterol,147.57,mg/dL,125.0,200.0,NORMAL,2026-02-27
SUBJ104,WEEK4,LDL,LDL cholesterol,103.42,mg/dL,0.0,100.0,ABNORMAL,2026-02-27
SUBJ104,WEEK4,HDL,HDL cholesterol,45.7,mg/dL,40.0,999.0,NORMAL,2026-02-27
SUBJ104,WEEK4,TG,Triglycerides,189.01,mg/dL,0.0,150.0,ABNORMAL,2026-02-27
SUBJ104,WEEK4,ALT,Alanine aminotransferase,40.28,U/L,7.0,56.0,NORMAL,2026-02-27
SUBJ104,WEEK4,AST,Aspartate aminotransferase,35.19,U/L,10.0,40.0,NORMAL,2026-02-27
SUBJ104,WEEK4,CREAT,Creatinine,0.73,mg/dL,0.6,1.3,NORMAL,2026-02-27
SUBJ104,WEEK4,EGFR,Estimated glomerular filtration rate,87.58,mL/min/1.73m²,60.0,999.0,NORMAL,2026-02-27
SUBJ104,WEEK8,HBA1C,HbA1c,8.16,%,4.0,5.6,ABNORMAL,2026-03-29
SUBJ104,WEEK8,FPG,Fasting plasma glucose,107.95,mg/dL,70.0,99.0,ABNORMAL,2026-03-29
SUBJ104,WEEK8,INSULIN,Insulin,10.34,µIU/mL,2.6,24.9,NORMAL,2026-03-29
SUBJ104,WEEK8,CPEPTIDE,C-peptide,2.21,ng/mL,1.1,4.4,NORMAL,2026-03-29
SUBJ104,WEEK8,TC,Total cholesterol,154.88,mg/dL,125.0,200.0,NORMAL,2026-03-29
SUBJ104,WEEK8,LDL,LDL cholesterol,99.07,mg/dL,0.0,100.0,NORMAL,2026-03-29
SUBJ104,WEEK8,HDL,HDL cholesterol,42.34,mg/dL,40.0,999.0,NORMAL,2026-03-29
SUBJ104,WEEK8,TG,Triglycerides,170.03,mg/dL,0.0,150.0,ABNORMAL,2026-03-29
SUBJ104,WEEK8,ALT,Alanine aminotransferase,39.98,U/L,7.0,56.0,NORMAL,2026-03-29
SUBJ104,WEEK8,AST,Aspartate aminotransferase,34.76,U/L,10.0,40.0,NORMAL,2026-03-29
SUBJ104,WEEK8,CREAT,Creatinine,0.67,mg/dL,0.6,1.3,NORMAL,2026-03-29
SUBJ104,WEEK8,EGFR,Estimated glomerular filtration rate,90.39,mL/min/1.73m²,60.0,999.0,NORMAL,2026-03-29
SUBJ104,WEEK12,HBA1C,HbA1c,7.73,%,4.0,5.6,ABNORMAL,2026-04-24
SUBJ104,WEEK12,FPG,Fasting plasma glucose,99.81,mg/dL,70.0,99.0,ABNORMAL,2026-04-24
SUBJ104,WEEK12,INSULIN,Insulin,8.2,µIU/mL,2.6,24.9,NORMAL,2026-04-24
SUBJ104,WEEK12,CPEPTIDE,C-peptide,2.19,ng/mL,1.1,4.4,NORMAL,2026-04-24
SUBJ104,WEEK12,TC,Total cholesterol,159.8,mg/dL,125.0,200.0,NORMAL,2026-04-24
SUBJ104,WEEK12,LDL,LDL cholesterol,97.28,mg/dL,0.0,100.0,NORMAL,2026-04-24
SUBJ104,WEEK12,HDL,HDL cholesterol,43.71,mg/dL,40.0,999.0,NORMAL,2026-04-24
SUBJ104,WEEK12,TG,Triglycerides,175.71,mg/dL,0.0,150.0,ABNORMAL,2026-04-24
SUBJ104,WEEK12,ALT,Alanine aminotransferase,37.95,U/L,7.0,56.0,NORMAL,2026-04-24
SUBJ104,WEEK12,AST,Aspartate aminotransferase,26.7,U/L,10.0,40.0,NORMAL,2026-04-24
SUBJ104,WEEK12,CREAT,Creatinine,0.73,mg/dL,0.6,1.3,NORMAL,2026-04-24
SUBJ104,WEEK12,EGFR,Estimated glomerular filtration rate,87.64,mL/min/1.73m²,60.0,999.0,NORMAL,2026-04-24
SUBJ105,BASELINE,HBA1C,HbA1c,9.6,%,4.0,5.6,ABNORMAL,2026-02-09
SUBJ105,BASELINE,FPG,Fasting plasma glucose,189.36,mg/dL,70.0,99.0,ABNORMAL,2026-02-09
SUBJ105,BASELINE,INSULIN,Insulin,20.24,µIU/mL,2.6,24.9,NORMAL,2026-02-09
SUBJ105,BASELINE,CPEPTIDE,C-peptide,2.7,ng/mL,1.1,4.4,NORMAL,2026-02-09
SUBJ105,BASELINE,TC,Total cholesterol,193.18,mg/dL,125.0,200.0,NORMAL,2026-02-09
SUBJ105,BASELINE,LDL,LDL cholesterol,86.11,mg/dL,0.0,100.0,NORMAL,2026-02-09
SUBJ105,BASELINE,HDL,HDL cholesterol,43.1,mg/dL,40.0,999.0,NORMAL,2026-02-09
SUBJ105,BASELINE,TG,Triglycerides,131.87,mg/dL,0.0,150.0,NORMAL,2026-02-09
SUBJ105,BASELINE,ALT,Alanine aminotransferase,36.4,U/L,7.0,56.0,NORMAL,2026-02-09
SUBJ105,BASELINE,AST,Aspartate aminotransferase,18.07,U/L,10.0,40.0,NORMAL,2026-02-09
SUBJ105,BASELINE,CREAT,Creatinine,0.7,mg/dL,0.6,1.3,NORMAL,2026-02-09
SUBJ105,BASELINE,EGFR,Estimated glomerular filtration rate,69.85,mL/min/1.73m²,60.0,999.0,NORMAL,2026-02-09
SUBJ105,WEEK4,HBA1C,HbA1c,9.57,%,4.0,5.6,ABNORMAL,2026-03-07
SUBJ105,WEEK4,FPG,Fasting plasma glucose,174.39,mg/dL,70.0,99.0,ABNORMAL,2026-03-07
SUBJ105,WEEK4,INSULIN,Insulin,19.43,µIU/mL,2.6,24.9,NORMAL,2026-03-07
SUBJ105,WEEK4,CPEPTIDE,C-peptide,2.65,ng/mL,1.1,4.4,NORMAL,2026-03-07
SUBJ105,WEEK4,TC,Total cholesterol,199.86,mg/dL,125.0,200.0,NORMAL,2026-03-07
SUBJ105,WEEK4,LDL,LDL cholesterol,80.54,mg/dL,0.0,100.0,NORMAL,2026-03-07
SUBJ105,WEEK4,HDL,HDL cholesterol,43.76,mg/dL,40.0,999.0,NORMAL,2026-03-07
SUBJ105,WEEK4,TG,Triglycerides,149.57,mg/dL,0.0,150.0,NORMAL,2026-03-07
SUBJ105,WEEK4,ALT,Alanine aminotransferase,31.34,U/L,7.0,56.0,NORMAL,2026-03-07
SUBJ105,WEEK4,AST,Aspartate aminotransferase,17.62,U/L,10.0,40.0,NORMAL,2026-03-07
SUBJ105,WEEK4,CREAT,Creatinine,0.63,mg/dL,0.6,1.3,NORMAL,2026-03-07
SUBJ105,WEEK4,EGFR,Estimated glomerular filtration rate,68.7,mL/min/1.73m²,60.0,999.0,NORMAL,2026-03-07
SUBJ105,WEEK8,HBA1C,HbA1c,9.33,%,4.0,5.6,ABNORMAL,2026-04-08
SUBJ105,WEEK8,FPG,Fasting plasma glucose,171.4,mg/dL,70.0,99.0,ABNORMAL,2026-04-08
SUBJ105,WEEK8,INSULIN,Insulin,18.88,µIU/mL,2.6,24.9,NORMAL,2026-04-08
SUBJ105,WEEK8,CPEPTIDE,C-peptide,2.8,ng/mL,1.1,4.4,NORMAL,2026-04-08
SUBJ105,WEEK8,TC,Total cholesterol,191.7,mg/dL,125.0,200.0,NORMAL,2026-04-08
SUBJ105,WEEK8,LDL,LDL cholesterol,77.6,mg/dL,0.0,100.0,NORMAL,2026-04-08
SUBJ105,WEEK8,HDL,HDL cholesterol,45.22,mg/dL,40.0,999.0,NORMAL,2026-04-08
SUBJ105,WEEK8,TG,Triglycerides,130.48,mg/dL,0.0,150.0,NORMAL,2026-04-08
SUBJ105,WEEK8,ALT,Alanine aminotransferase,35.31,U/L,7.0,56.0,NORMAL,2026-04-08
SUBJ105,WEEK8,AST,Aspartate aminotransferase,24.23,U/L,10.0,40.0,NORMAL,2026-04-08
SUBJ105,WEEK8,CREAT,Creatinine,0.66,mg/dL,0.6,1.3,NORMAL,2026-04-08
SUBJ105,WEEK8,EGFR,Estimated glomerular filtration rate,68.75,mL/min/1.73m²,60.0,999.0,NORMAL,2026-04-08
SUBJ105,WEEK12,HBA1C,HbA1c,9.19,%,4.0,5.6,ABNORMAL,2026-05-03
SUBJ105,WEEK12,FPG,Fasting plasma glucose,162.81,mg/dL,70.0,99.0,ABNORMAL,2026-05-03
SUBJ105,WEEK12,INSULIN,Insulin,18.81,µIU/mL,2.6,24.9,NORMAL,2026-05-03
SUBJ105,WEEK12,CPEPTIDE,C-peptide,2.65,ng/mL,1.1,4.4,NORMAL,2026-05-03
SUBJ105,WEEK12,TC,Total cholesterol,191.83,mg/dL,125.0,200.0,NORMAL,2026-05-03
SUBJ105,WEEK12,LDL,LDL cholesterol,77.84,mg/dL,0.0,100.0,NORMAL,2026-05-03
SUBJ105,WEEK12,HDL,HDL cholesterol,41.18,mg/dL,40.0,999.0,NORMAL,2026-05-03
SUBJ105,WEEK12,TG,Triglycerides,118.81,mg/dL,0.0,150.0,NORMAL,2026-05-03
SUBJ105,WEEK12,ALT,Alanine aminotransferase,34.53,U/L,7.0,56.0,NORMAL,2026-05-03
SUBJ105,WEEK12,AST,Aspartate aminotransferase,18.96,U/L,10.0,40.0,NORMAL,2026-05-03
SUBJ105,WEEK12,CREAT,Creatinine,0.64,mg/dL,0.6,1.3,NORMAL,2026-05-03
SUBJ105,WEEK12,EGFR,Estimated glomerular filtration rate,66.9,mL/min/1.73m²,60.0,999.0,NORMAL,2026-05-03
SUBJ106,BASELINE,HBA1C,HbA1c,9.43,%,4.0,5.6,ABNORMAL,2026-01-30
SUBJ106,BASELINE,FPG,Fasting plasma glucose,134.66,mg/dL,70.0,99.0,ABNORMAL,2026-01-30
SUBJ106,BASELINE,INSULIN,Insulin,10.17,µIU/mL,2.6,24.9,NORMAL,2026-01-30
SUBJ106,BASELINE,CPEPTIDE,C-peptide,3.33,ng/mL,1.1,4.4,NORMAL,2026-01-30
SUBJ106,BASELINE,TC,Total cholesterol,178.0,mg/dL,125.0,200.0,NORMAL,2026-01-30
SUBJ106,BASELINE,LDL,LDL cholesterol,120.12,mg/dL,0.0,100.0,ABNORMAL,2026-01-30
SUBJ106,BASELINE,HDL,HDL cholesterol,43.73,mg/dL,40.0,999.0,NORMAL,2026-01-30
SUBJ106,BASELINE,TG,Triglycerides,142.2,mg/dL,0.0,150.0,NORMAL,2026-01-30
SUBJ106,BASELINE,ALT,Alanine aminotransferase,52.23,U/L,7.0,56.0,NORMAL,2026-01-30
SUBJ106,BASELINE,AST,Aspartate aminotransferase,25.09,U/L,10.0,40.0,NORMAL,2026-01-30
SUBJ106,BASELINE,CREAT,Creatinine,0.78,mg/dL,0.6,1.3,NORMAL,2026-01-30
SUBJ106,BASELINE,EGFR,Estimated glomerular filtration rate,89.74,mL/min/1.73m²,60.0,999.0,NORMAL,2026-01-30
SUBJ106,WEEK4,HBA1C,HbA1c,9.06,%,4.0,5.6,ABNORMAL,2026-02-28
SUBJ106,WEEK4,FPG,Fasting plasma glucose,122.77,mg/dL,70.0,99.0,ABNORMAL,2026-02-28
SUBJ106,WEEK4,INSULIN,Insulin,11.41,µIU/mL,2.6,24.9,NORMAL,2026-02-28
SUBJ106,WEEK4,CPEPTIDE,C-peptide,3.62,ng/mL,1.1,4.4,NORMAL,2026-02-28
SUBJ106,WEEK4,TC,Total cholesterol,170.99,mg/dL,125.0,200.0,NORMAL,2026-02-28
SUBJ106,WEEK4,LDL,LDL cholesterol,123.44,mg/dL,0.0,100.0,ABNORMAL,2026-02-28
SUBJ106,WEEK4,HDL,HDL cholesterol,46.23,mg/dL,40.0,999.0,NORMAL,2026-02-28
SUBJ106,WEEK4,TG,Triglycerides,148.72,mg/dL,0.0,150.0,NORMAL,2026-02-28
SUBJ106,WEEK4,ALT,Alanine aminotransferase,48.64,U/L,7.0,56.0,NORMAL,2026-02-28
SUBJ106,WEEK4,AST,Aspartate aminotransferase,30.28,U/L,10.0,40.0,NORMAL,2026-02-28
SUBJ106,WEEK4,CREAT,Creatinine,0.78,mg/dL,0.6,1.3,NORMAL,2026-02-28
SUBJ106,WEEK4,EGFR,Estimated glomerular filtration rate,85.62,mL/min/1.73m²,60.0,999.0,NORMAL,2026-02-28
SUBJ106,WEEK8,HBA1C,HbA1c,9.2,%,4.0,5.6,ABNORMAL,2026-03-27
SUBJ106,WEEK8,FPG,Fasting plasma glucose,108.21,mg/dL,70.0,99.0,ABNORMAL,2026-03-27
SUBJ106,WEEK8,INSULIN,Insulin,8.7,µIU/mL,2.6,24.9,NORMAL,2026-03-27
SUBJ106,WEEK8,CPEPTIDE,C-peptide,3.57,ng/mL,1.1,4.4,NORMAL,2026-03-27
SUBJ106,WEEK8,TC,Total cholesterol,182.44,mg/dL,125.0,200.0,NORMAL,2026-03-27
SUBJ106,WEEK8,LDL,LDL cholesterol,125.22,mg/dL,0.0,100.0,ABNORMAL,2026-03-27
SUBJ106,WEEK8,HDL,HDL cholesterol,44.36,mg/dL,40.0,999.0,NORMAL,2026-03-27
SUBJ106,WEEK8,TG,Triglycerides,118.32,mg/dL,0.0,150.0,NORMAL,2026-03-27
SUBJ106,WEEK8,ALT,Alanine aminotransferase,50.45,U/L,7.0,56.0,NORMAL,2026-03-27
SUBJ106,WEEK8,AST,Aspartate aminotransferase,25.42,U/L,10.0,40.0,NORMAL,2026-03-27
SUBJ106,WEEK8,CREAT,Creatinine,0.82,mg/dL,0.6,1.3,NORMAL,2026-03-27
SUBJ106,WEEK8,EGFR,Estimated glomerular filtration rate,89.47,mL/min/1.73m²,60.0,999.0,NORMAL,2026-03-27
SUBJ106,WEEK12,HBA1C,HbA1c,8.53,%,4.0,5.6,ABNORMAL,2026-04-22
SUBJ106,WEEK12,FPG,Fasting plasma glucose,101.38,mg/dL,70.0,99.0,ABNORMAL,2026-04-22
SUBJ106,WEEK12,INSULIN,Insulin,11.69,µIU/mL,2.6,24.9,NORMAL,2026-04-22
SUBJ106,WEEK12,CPEPTIDE,C-peptide,3.58,ng/mL,1.1,4.4,NORMAL,2026-04-22
SUBJ106,WEEK12,TC,Total cholesterol,174.76,mg/dL,125.0,200.0,NORMAL,2026-04-22
SUBJ106,WEEK12,LDL,LDL cholesterol,121.15,mg/dL,0.0,100.0,ABNORMAL,2026-04-22
SUBJ106,WEEK12,HDL,HDL cholesterol,43.13,mg/dL,40.0,999.0,NORMAL,2026-04-22
SUBJ106,WEEK12,TG,Triglycerides,123.13,mg/dL,0.0,150.0,NORMAL,2026-04-22
SUBJ106,WEEK12,ALT,Alanine aminotransferase,55.71,U/L,7.0,56.0,NORMAL,2026-04-22
SUBJ106,WEEK12,AST,Aspartate aminotransferase,26.46,U/L,10.0,40.0,NORMAL,2026-04-22
SUBJ106,WEEK12,CREAT,Creatinine,0.81,mg/dL,0.6,1.3,NORMAL,2026-04-22
SUBJ106,WEEK12,EGFR,Estimated glomerular filtration rate,85.62,mL/min/1.73m²,60.0,999.0,NORMAL,2026-04-22
SUBJ107,BASELINE,HBA1C,HbA1c,8.76,%,4.0,5.6,ABNORMAL,2026-01-08
SUBJ107,BASELINE,FPG,Fasting plasma glucose,193.41,mg/dL,70.0,99.0,ABNORMAL,2026-01-08
SUBJ107,BASELINE,INSULIN,Insulin,13.3,µIU/mL,2.6,24.9,NORMAL,2026-01-08
SUBJ107,BASELINE,CPEPTIDE,C-peptide,2.31,ng/mL,1.1,4.4,NORMAL,2026-01-08
SUBJ107,BASELINE,TC,Total cholesterol,147.32,mg/dL,125.0,200.0,NORMAL,2026-01-08
SUBJ107,BASELINE,LDL,LDL cholesterol,112.67,mg/dL,0.0,100.0,ABNORMAL,2026-01-08
SUBJ107,BASELINE,HDL,HDL cholesterol,43.81,mg/dL,40.0,999.0,NORMAL,2026-01-08
SUBJ107,BASELINE,TG,Triglycerides,177.31,mg/dL,0.0,150.0,ABNORMAL,2026-01-08
SUBJ107,BASELINE,ALT,Alanine aminotransferase,72.71,U/L,7.0,56.0,ABNORMAL,2026-01-08
SUBJ107,BASELINE,AST,Aspartate aminotransferase,30.25,U/L,10.0,40.0,NORMAL,2026-01-08
SUBJ107,BASELINE,CREAT,Creatinine,0.84,mg/dL,0.6,1.3,NORMAL,2026-01-08
SUBJ107,BASELINE,EGFR,Estimated glomerular filtration rate,58.66,mL/min/1.73m²,60.0,999.0,ABNORMAL,2026-01-08
SUBJ107,WEEK4,HBA1C,HbA1c,8.59,%,4.0,5.6,ABNORMAL,2026-02-05
SUBJ107,WEEK4,FPG,Fasting plasma glucose,178.29,mg/dL,70.0,99.0,ABNORMAL,2026-02-05
SUBJ107,WEEK4,INSULIN,Insulin,15.47,µIU/mL,2.6,24.9,NORMAL,2026-02-05
SUBJ107,WEEK4,CPEPTIDE,C-peptide,2.24,ng/mL,1.1,4.4,NORMAL,2026-02-05
SUBJ107,WEEK4,TC,Total cholesterol,146.26,mg/dL,125.0,200.0,NORMAL,2026-02-05
SUBJ107,WEEK4,LDL,LDL cholesterol,113.44,mg/dL,0.0,100.0,ABNORMAL,2026-02-05
SUBJ107,WEEK4,HDL,HDL cholesterol,43.63,mg/dL,40.0,999.0,NORMAL,2026-02-05
SUBJ107,WEEK4,TG,Triglycerides,178.23,mg/dL,0.0,150.0,ABNORMAL,2026-02-05
SUBJ107,WEEK4,ALT,Alanine aminotransferase,66.01,U/L,7.0,56.0,ABNORMAL,2026-02-05
SUBJ107,WEEK4,AST,Aspartate aminotransferase,30.15,U/L,10.0,40.0,NORMAL,2026-02-05
SUBJ107,WEEK4,CREAT,Creatinine,0.81,mg/dL,0.6,1.3,NORMAL,2026-02-05
SUBJ107,WEEK4,EGFR,Estimated glomerular filtration rate,53.18,mL/min/1.73m²,60.0,999.0,ABNORMAL,2026-02-05
SUBJ108,BASELINE,HBA1C,HbA1c,8.07,%,4.0,5.6,ABNORMAL,2026-02-11
SUBJ108,BASELINE,FPG,Fasting plasma glucose,138.99,mg/dL,70.0,99.0,ABNORMAL,2026-02-11
SUBJ108,BASELINE,INSULIN,Insulin,17.63,µIU/mL,2.6,24.9,NORMAL,2026-02-11
SUBJ108,BASELINE,CPEPTIDE,C-peptide,1.86,ng/mL,1.1,4.4,NORMAL,2026-02-11
SUBJ108,BASELINE,TC,Total cholesterol,129.85,mg/dL,125.0,200.0,NORMAL,2026-02-11
SUBJ108,BASELINE,LDL,LDL cholesterol,103.54,mg/dL,0.0,100.0,ABNORMAL,2026-02-11
SUBJ108,BASELINE,HDL,HDL cholesterol,46.57,mg/dL,40.0,999.0,NORMAL,2026-02-11
SUBJ108,BASELINE,TG,Triglycerides,168.19,mg/dL,0.0,150.0,ABNORMAL,2026-02-11
SUBJ108,BASELINE,ALT,Alanine aminotransferase,23.09,U/L,7.0,56.0,NORMAL,2026-02-11
SUBJ108,BASELINE,AST,Aspartate aminotransferase,42.75,U/L,10.0,40.0,ABNORMAL,2026-02-11
SUBJ108,BASELINE,CREAT,Creatinine,0.81,mg/dL,0.6,1.3,NORMAL,2026-02-11
SUBJ108,BASELINE,EGFR,Estimated glomerular filtration rate,86.09,mL/min/1.73m²,60.0,999.0,NORMAL,2026-02-11
SUBJ108,WEEK4,HBA1C,HbA1c,7.64,%,4.0,5.6,ABNORMAL,2026-03-12
SUBJ108,WEEK4,FPG,Fasting plasma glucose,125.23,mg/dL,70.0,99.0,ABNORMAL,2026-03-12
SUBJ108,WEEK4,INSULIN,Insulin,17.7,µIU/mL,2.6,24.9,NORMAL,2026-03-12
SUBJ108,WEEK4,CPEPTIDE,C-peptide,2.0,ng/mL,1.1,4.4,NORMAL,2026-03-12
SUBJ108,WEEK4,TC,Total cholesterol,127.75,mg/dL,125.0,200.0,NORMAL,2026-03-12
SUBJ108,WEEK4,LDL,LDL cholesterol,102.94,mg/dL,0.0,100.0,ABNORMAL,2026-03-12
SUBJ108,WEEK4,HDL,HDL cholesterol,48.26,mg/dL,40.0,999.0,NORMAL,2026-03-12
SUBJ108,WEEK4,TG,Triglycerides,156.02,mg/dL,0.0,150.0,ABNORMAL,2026-03-12
SUBJ108,WEEK4,ALT,Alanine aminotransferase,27.38,U/L,7.0,56.0,NORMAL,2026-03-12
SUBJ108,WEEK4,AST,Aspartate aminotransferase,41.7,U/L,10.0,40.0,ABNORMAL,2026-03-12
SUBJ108,WEEK4,CREAT,Creatinine,0.8,mg/dL,0.6,1.3,NORMAL,2026-03-12
SUBJ108,WEEK4,EGFR,Estimated glomerular filtration rate,84.33,mL/min/1.73m²,60.0,999.0,NORMAL,2026-03-12
SUBJ108,WEEK8,HBA1C,HbA1c,7.37,%,4.0,5.6,ABNORMAL,2026-04-10
SUBJ108,WEEK8,FPG,Fasting plasma glucose,118.85,mg/dL,70.0,99.0,ABNORMAL,2026-04-10
SUBJ108,WEEK8,INSULIN,Insulin,18.55,µIU/mL,2.6,24.9,NORMAL,2026-04-10
SUBJ108,WEEK8,CPEPTIDE,C-peptide,2.01,ng/mL,1.1,4.4,NORMAL,2026-04-10
SUBJ108,WEEK8,TC,Total cholesterol,125.64,mg/dL,125.0,200.0,NORMAL,2026-04-10
SUBJ108,WEEK8,LDL,LDL cholesterol,107.31,mg/dL,0.0,100.0,ABNORMAL,2026-04-10
SUBJ108,WEEK8,HDL,HDL cholesterol,48.48,mg/dL,40.0,999.0,NORMAL,2026-04-10
SUBJ108,WEEK8,TG,Triglycerides,179.24,mg/dL,0.0,150.0,ABNORMAL,2026-04-10
SUBJ108,WEEK8,ALT,Alanine aminotransferase,25.6,U/L,7.0,56.0,NORMAL,2026-04-10
SUBJ108,WEEK8,AST,Aspartate aminotransferase,38.72,U/L,10.0,40.0,NORMAL,2026-04-10
SUBJ108,WEEK8,CREAT,Creatinine,0.82,mg/dL,0.6,1.3,NORMAL,2026-04-10
SUBJ108,WEEK8,EGFR,Estimated glomerular filtration rate,87.31,mL/min/1.73m²,60.0,999.0,NORMAL,2026-04-10
SUBJ108,WEEK12,HBA1C,HbA1c,7.05,%,4.0,5.6,ABNORMAL,2026-05-04
SUBJ108,WEEK12,FPG,Fasting plasma glucose,110.71,mg/dL,70.0,99.0,ABNORMAL,2026-05-04
SUBJ108,WEEK12,INSULIN,Insulin,17.9,µIU/mL,2.6,24.9,NORMAL,2026-05-04
SUBJ108,WEEK12,CPEPTIDE,C-peptide,2.02,ng/mL,1.1,4.4,NORMAL,2026-05-04
SUBJ108,WEEK12,TC,Total cholesterol,122.4,mg/dL,125.0,200.0,ABNORMAL,2026-05-04
SUBJ108,WEEK12,LDL,LDL cholesterol,100.57,mg/dL,0.0,100.0,ABNORMAL,2026-05-04
SUBJ108,WEEK12,HDL,HDL cholesterol,47.88,mg/dL,40.0,999.0,NORMAL,2026-05-04
SUBJ108,WEEK12,TG,Triglycerides,151.53,mg/dL,0.0,150.0,ABNORMAL,2026-05-04
SUBJ108,WEEK12,ALT,Alanine aminotransferase,31.12,U/L,7.0,56.0,NORMAL,2026-05-04
SUBJ108,WEEK12,AST,Aspartate aminotransferase,38.94,U/L,10.0,40.0,NORMAL,2026-05-04
SUBJ108,WEEK12,CREAT,Creatinine,0.87,mg/dL,0.6,1.3,NORMAL,2026-05-04
SUBJ108,WEEK12,EGFR,Estimated glomerular filtration rate,85.7,mL/min/1.73m²,60.0,999.0,NORMAL,2026-05-04
SUBJ109,BASELINE,HBA1C,HbA1c,8.54,%,4.0,5.6,ABNORMAL,2026-01-12
SUBJ109,BASELINE,FPG,Fasting plasma glucose,141.85,mg/dL,70.0,99.0,ABNORMAL,2026-01-12
SUBJ109,BASELINE,INSULIN,Insulin,12.9,µIU/mL,2.6,24.9,NORMAL,2026-01-12
SUBJ109,BASELINE,CPEPTIDE,C-peptide,2.4,ng/mL,1.1,4.4,NORMAL,2026-01-12
SUBJ109,BASELINE,TC,Total cholesterol,153.48,mg/dL,125.0,200.0,NORMAL,2026-01-12
SUBJ109,BASELINE,LDL,LDL cholesterol,120.72,mg/dL,0.0,100.0,ABNORMAL,2026-01-12
SUBJ109,BASELINE,HDL,HDL cholesterol,40.43,mg/dL,40.0,999.0,NORMAL,2026-01-12
SUBJ109,BASELINE,TG,Triglycerides,214.61,mg/dL,0.0,150.0,ABNORMAL,2026-01-12
SUBJ109,BASELINE,ALT,Alanine aminotransferase,36.37,U/L,7.0,56.0,NORMAL,2026-01-12
SUBJ109,BASELINE,AST,Aspartate aminotransferase,23.92,U/L,10.0,40.0,NORMAL,2026-01-12
SUBJ109,BASELINE,CREAT,Creatinine,1.02,mg/dL,0.6,1.3,NORMAL,2026-01-12
SUBJ109,BASELINE,EGFR,Estimated glomerular filtration rate,119.79,mL/min/1.73m²,60.0,999.0,NORMAL,2026-01-12
SUBJ109,WEEK4,HBA1C,HbA1c,8.38,%,4.0,5.6,ABNORMAL,2026-02-09
SUBJ109,WEEK4,FPG,Fasting plasma glucose,127.21,mg/dL,70.0,99.0,ABNORMAL,2026-02-09
SUBJ109,WEEK4,INSULIN,Insulin,16.89,µIU/mL,2.6,24.9,NORMAL,2026-02-09
SUBJ109,WEEK4,CPEPTIDE,C-peptide,2.45,ng/mL,1.1,4.4,NORMAL,2026-02-09
SUBJ109,WEEK4,TC,Total cholesterol,162.98,mg/dL,125.0,200.0,NORMAL,2026-02-09
SUBJ109,WEEK4,LDL,LDL cholesterol,112.95,mg/dL,0.0,100.0,ABNORMAL,2026-02-09
SUBJ109,WEEK4,HDL,HDL cholesterol,39.67,mg/dL,40.0,999.0,ABNORMAL,2026-02-09
SUBJ109,WEEK4,TG,Triglycerides,200.31,mg/dL,0.0,150.0,ABNORMAL,2026-02-09
SUBJ109,WEEK4,ALT,Alanine aminotransferase,32.7,U/L,7.0,56.0,NORMAL,2026-02-09
SUBJ109,WEEK4,AST,Aspartate aminotransferase,25.22,U/L,10.0,40.0,NORMAL,2026-02-09
SUBJ109,WEEK4,CREAT,Creatinine,1.04,mg/dL,0.6,1.3,NORMAL,2026-02-09
SUBJ109,WEEK4,EGFR,Estimated glomerular filtration rate,120.68,mL/min/1.73m²,60.0,999.0,NORMAL,2026-02-09
SUBJ109,WEEK8,HBA1C,HbA1c,8.41,%,4.0,5.6,ABNORMAL,2026-03-10
SUBJ109,WEEK8,FPG,Fasting plasma glucose,127.89,mg/dL,70.0,99.0,ABNORMAL,2026-03-10
SUBJ109,WEEK8,INSULIN,Insulin,12.96,µIU/mL,2.6,24.9,NORMAL,2026-03-10
SUBJ109,WEEK8,CPEPTIDE,C-peptide,2.47,ng/mL,1.1,4.4,NORMAL,2026-03-10
SUBJ109,WEEK8,TC,Total cholesterol,158.93,mg/dL,125.0,200.0,NORMAL,2026-03-10
SUBJ109,WEEK8,LDL,LDL cholesterol,109.53,mg/dL,0.0,100.0,ABNORMAL,2026-03-10
SUBJ109,WEEK8,HDL,HDL cholesterol,41.06,mg/dL,40.0,999.0,NORMAL,2026-03-10
SUBJ109,WEEK8,TG,Triglycerides,182.46,mg/dL,0.0,150.0,ABNORMAL,2026-03-10
SUBJ109,WEEK8,ALT,Alanine aminotransferase,28.22,U/L,7.0,56.0,NORMAL,2026-03-10
SUBJ109,WEEK8,AST,Aspartate aminotransferase,26.22,U/L,10.0,40.0,NORMAL,2026-03-10
SUBJ109,WEEK8,CREAT,Creatinine,1.1,mg/dL,0.6,1.3,NORMAL,2026-03-10
SUBJ109,WEEK8,EGFR,Estimated glomerular filtration rate,114.55,mL/min/1.73m²,60.0,999.0,NORMAL,2026-03-10
SUBJ109,WEEK12,HBA1C,HbA1c,8.19,%,4.0,5.6,ABNORMAL,2026-04-04
SUBJ109,WEEK12,FPG,Fasting plasma glucose,115.96,mg/dL,70.0,99.0,ABNORMAL,2026-04-04
SUBJ109,WEEK12,INSULIN,Insulin,13.04,µIU/mL,2.6,24.9,NORMAL,2026-04-04
SUBJ109,WEEK12,CPEPTIDE,C-peptide,2.41,ng/mL,1.1,4.4,NORMAL,2026-04-04
SUBJ109,WEEK12,TC,Total cholesterol,163.88,mg/dL,125.0,200.0,NORMAL,2026-04-04
SUBJ109,WEEK12,LDL,LDL cholesterol,105.57,mg/dL,0.0,100.0,ABNORMAL,2026-04-04
SUBJ109,WEEK12,HDL,HDL cholesterol,40.06,mg/dL,40.0,999.0,NORMAL,2026-04-04
SUBJ109,WEEK12,TG,Triglycerides,182.65,mg/dL,0.0,150.0,ABNORMAL,2026-04-04
SUBJ109,WEEK12,ALT,Alanine aminotransferase,34.38,U/L,7.0,56.0,NORMAL,2026-04-04
SUBJ109,WEEK12,AST,Aspartate aminotransferase,28.9,U/L,10.0,40.0,NORMAL,2026-04-04
SUBJ109,WEEK12,CREAT,Creatinine,1.08,mg/dL,0.6,1.3,NORMAL,2026-04-04
SUBJ109,WEEK12,EGFR,Estimated glomerular filtration rate,121.5,mL/min/1.73m²,60.0,999.0,NORMAL,2026-04-04
SUBJ110,BASELINE,HBA1C,HbA1c,7.59,%,4.0,5.6,ABNORMAL,2026-01-18
SUBJ110,BASELINE,FPG,Fasting plasma glucose,200.63,mg/dL,70.0,99.0,ABNORMAL,2026-01-18
SUBJ110,BASELINE,INSULIN,Insulin,17.0,µIU/mL,2.6,24.9,NORMAL,2026-01-18
SUBJ110,BASELINE,CPEPTIDE,C-peptide,1.15,ng/mL,1.1,4.4,NORMAL,2026-01-18
SUBJ110,BASELINE,TC,Total cholesterol,221.21,mg/dL,125.0,200.0,ABNORMAL,2026-01-18
SUBJ110,BASELINE,LDL,LDL cholesterol,145.04,mg/dL,0.0,100.0,ABNORMAL,2026-01-18
SUBJ110,BASELINE,HDL,HDL cholesterol,46.53,mg/dL,40.0,999.0,NORMAL,2026-01-18
SUBJ110,BASELINE,TG,Triglycerides,77.66,mg/dL,0.0,150.0,NORMAL,2026-01-18
SUBJ110,BASELINE,ALT,Alanine aminotransferase,22.81,U/L,7.0,56.0,NORMAL,2026-01-18
SUBJ110,BASELINE,AST,Aspartate aminotransferase,28.33,U/L,10.0,40.0,NORMAL,2026-01-18
SUBJ110,BASELINE,CREAT,Creatinine,0.85,mg/dL,0.6,1.3,NORMAL,2026-01-18
SUBJ110,BASELINE,EGFR,Estimated glomerular filtration rate,97.87,mL/min/1.73m²,60.0,999.0,NORMAL,2026-01-18
SUBJ110,WEEK4,HBA1C,HbA1c,7.33,%,4.0,5.6,ABNORMAL,2026-02-17
SUBJ110,WEEK4,FPG,Fasting plasma glucose,195.47,mg/dL,70.0,99.0,ABNORMAL,2026-02-17
SUBJ110,WEEK4,INSULIN,Insulin,16.85,µIU/mL,2.6,24.9,NORMAL,2026-02-17
SUBJ110,WEEK4,CPEPTIDE,C-peptide,1.25,ng/mL,1.1,4.4,NORMAL,2026-02-17
SUBJ110,WEEK4,TC,Total cholesterol,215.93,mg/dL,125.0,200.0,ABNORMAL,2026-02-17
SUBJ110,WEEK4,LDL,LDL cholesterol,140.76,mg/dL,0.0,100.0,ABNORMAL,2026-02-17
SUBJ110,WEEK4,HDL,HDL cholesterol,47.26,mg/dL,40.0,999.0,NORMAL,2026-02-17
SUBJ110,WEEK4,TG,Triglycerides,73.19,mg/dL,0.0,150.0,NORMAL,2026-02-17
SUBJ110,WEEK4,ALT,Alanine aminotransferase,23.59,U/L,7.0,56.0,NORMAL,2026-02-17
SUBJ110,WEEK4,AST,Aspartate aminotransferase,25.6,U/L,10.0,40.0,NORMAL,2026-02-17
SUBJ110,WEEK4,CREAT,Creatinine,0.85,mg/dL,0.6,1.3,NORMAL,2026-02-17
SUBJ110,WEEK4,EGFR,Estimated glomerular filtration rate,98.87,mL/min/1.73m²,60.0,999.0,NORMAL,2026-02-17
SUBJ110,WEEK8,HBA1C,HbA1c,7.0,%,4.0,5.6,ABNORMAL,2026-03-13
SUBJ110,WEEK8,FPG,Fasting plasma glucose,192.5,mg/dL,70.0,99.0,ABNORMAL,2026-03-13
SUBJ110,WEEK8,INSULIN,Insulin,12.97,µIU/mL,2.6,24.9,NORMAL,2026-03-13
SUBJ110,WEEK8,CPEPTIDE,C-peptide,0.97,ng/mL,1.1,4.4,ABNORMAL,2026-03-13
SUBJ110,WEEK8,TC,Total cholesterol,224.72,mg/dL,125.0,200.0,ABNORMAL,2026-03-13
SUBJ110,WEEK8,LDL,LDL cholesterol,145.05,mg/dL,0.0,100.0,ABNORMAL,2026-03-13
SUBJ110,WEEK8,HDL,HDL cholesterol,45.37,mg/dL,40.0,999.0,NORMAL,2026-03-13
SUBJ110,WEEK8,TG,Triglycerides,60.74,mg/dL,0.0,150.0,NORMAL,2026-03-13
SUBJ110,WEEK8,ALT,Alanine aminotransferase,19.62,U/L,7.0,56.0,NORMAL,2026-03-13
SUBJ110,WEEK8,AST,Aspartate aminotransferase,25.73,U/L,10.0,40.0,NORMAL,2026-03-13
SUBJ110,WEEK8,CREAT,Creatinine,0.84,mg/dL,0.6,1.3,NORMAL,2026-03-13
SUBJ110,WEEK8,EGFR,Estimated glomerular filtration rate,96.97,mL/min/1.73m²,60.0,999.0,NORMAL,2026-03-13
SUBJ110,WEEK12,HBA1C,HbA1c,6.81,%,4.0,5.6,ABNORMAL,2026-04-12
SUBJ110,WEEK12,FPG,Fasting plasma glucose,182.41,mg/dL,70.0,99.0,ABNORMAL,2026-04-12
SUBJ110,WEEK12,INSULIN,Insulin,17.13,µIU/mL,2.6,24.9,NORMAL,2026-04-12
SUBJ110,WEEK12,CPEPTIDE,C-peptide,0.99,ng/mL,1.1,4.4,ABNORMAL,2026-04-12
SUBJ110,WEEK12,TC,Total cholesterol,215.21,mg/dL,125.0,200.0,ABNORMAL,2026-04-12
SUBJ110,WEEK12,LDL,LDL cholesterol,138.51,mg/dL,0.0,100.0,ABNORMAL,2026-04-12
SUBJ110,WEEK12,HDL,HDL cholesterol,44.86,mg/dL,40.0,999.0,NORMAL,2026-04-12
SUBJ110,WEEK12,TG,Triglycerides,73.29,mg/dL,0.0,150.0,NORMAL,2026-04-12
SUBJ110,WEEK12,ALT,Alanine aminotransferase,21.37,U/L,7.0,56.0,NORMAL,2026-04-12
SUBJ110,WEEK12,AST,Aspartate aminotransferase,20.81,U/L,10.0,40.0,NORMAL,2026-04-12
SUBJ110,WEEK12,CREAT,Creatinine,0.86,mg/dL,0.6,1.3,NORMAL,2026-04-12
SUBJ110,WEEK12,EGFR,Estimated glomerular filtration rate,100.33,mL/min/1.73m²,60.0,999.0,NORMAL,2026-04-12
SUBJ111,BASELINE,HBA1C,HbA1c,7.77,%,4.0,5.6,ABNORMAL,2026-01-24
SUBJ111,BASELINE,FPG,Fasting plasma glucose,165.97,mg/dL,70.0,99.0,ABNORMAL,2026-01-24
SUBJ111,BASELINE,INSULIN,Insulin,15.91,µIU/mL,2.6,24.9,NORMAL,2026-01-24
SUBJ111,BASELINE,CPEPTIDE,C-peptide,2.16,ng/mL,1.1,4.4,NORMAL,2026-01-24
SUBJ111,BASELINE,TC,Total cholesterol,232.0,mg/dL,125.0,200.0,ABNORMAL,2026-01-24
SUBJ111,BASELINE,LDL,LDL cholesterol,79.85,mg/dL,0.0,100.0,NORMAL,2026-01-24
SUBJ111,BASELINE,HDL,HDL cholesterol,50.0,mg/dL,40.0,999.0,NORMAL,2026-01-24
SUBJ111,BASELINE,TG,Triglycerides,49.19,mg/dL,0.0,150.0,NORMAL,2026-01-24
SUBJ111,BASELINE,ALT,Alanine aminotransferase,24.85,U/L,7.0,56.0,NORMAL,2026-01-24
SUBJ111,BASELINE,AST,Aspartate aminotransferase,47.2,U/L,10.0,40.0,ABNORMAL,2026-01-24
SUBJ111,BASELINE,CREAT,Creatinine,0.9,mg/dL,0.6,1.3,NORMAL,2026-01-24
SUBJ111,BASELINE,EGFR,Estimated glomerular filtration rate,96.45,mL/min/1.73m²,60.0,999.0,NORMAL,2026-01-24
SUBJ111,WEEK4,HBA1C,HbA1c,7.52,%,4.0,5.6,ABNORMAL,2026-02-23
SUBJ111,WEEK4,FPG,Fasting plasma glucose,161.06,mg/dL,70.0,99.0,ABNORMAL,2026-02-23
SUBJ111,WEEK4,INSULIN,Insulin,16.42,µIU/mL,2.6,24.9,NORMAL,2026-02-23
SUBJ111,WEEK4,CPEPTIDE,C-peptide,2.35,ng/mL,1.1,4.4,NORMAL,2026-02-23
SUBJ111,WEEK4,TC,Total cholesterol,232.01,mg/dL,125.0,200.0,ABNORMAL,2026-02-23
SUBJ111,WEEK4,LDL,LDL cholesterol,83.49,mg/dL,0.0,100.0,NORMAL,2026-02-23
SUBJ111,WEEK4,HDL,HDL cholesterol,54.3,mg/dL,40.0,999.0,NORMAL,2026-02-23
SUBJ111,WEEK4,TG,Triglycerides,84.28,mg/dL,0.0,150.0,NORMAL,2026-02-23
SUBJ111,WEEK4,ALT,Alanine aminotransferase,27.0,U/L,7.0,56.0,NORMAL,2026-02-23
SUBJ111,WEEK4,AST,Aspartate aminotransferase,46.73,U/L,10.0,40.0,ABNORMAL,2026-02-23
SUBJ111,WEEK4,CREAT,Creatinine,0.86,mg/dL,0.6,1.3,NORMAL,2026-02-23
SUBJ111,WEEK4,EGFR,Estimated glomerular filtration rate,88.81,mL/min/1.73m²,60.0,999.0,NORMAL,2026-02-23
SUBJ111,WEEK8,HBA1C,HbA1c,7.42,%,4.0,5.6,ABNORMAL,2026-03-21
SUBJ111,WEEK8,FPG,Fasting plasma glucose,152.41,mg/dL,70.0,99.0,ABNORMAL,2026-03-21
SUBJ111,WEEK8,INSULIN,Insulin,16.79,µIU/mL,2.6,24.9,NORMAL,2026-03-21
SUBJ111,WEEK8,CPEPTIDE,C-peptide,2.36,ng/mL,1.1,4.4,NORMAL,2026-03-21
SUBJ111,WEEK8,TC,Total cholesterol,224.34,mg/dL,125.0,200.0,ABNORMAL,2026-03-21
SUBJ111,WEEK8,LDL,LDL cholesterol,81.86,mg/dL,0.0,100.0,NORMAL,2026-03-21
SUBJ111,WEEK8,HDL,HDL cholesterol,55.15,mg/dL,40.0,999.0,NORMAL,2026-03-21
SUBJ111,WEEK8,TG,Triglycerides,64.1,mg/dL,0.0,150.0,NORMAL,2026-03-21
SUBJ111,WEEK8,ALT,Alanine aminotransferase,29.3,U/L,7.0,56.0,NORMAL,2026-03-21
SUBJ111,WEEK8,AST,Aspartate aminotransferase,46.13,U/L,10.0,40.0,ABNORMAL,2026-03-21
SUBJ111,WEEK8,CREAT,Creatinine,0.82,mg/dL,0.6,1.3,NORMAL,2026-03-21
SUBJ111,WEEK8,EGFR,Estimated glomerular filtration rate,90.34,mL/min/1.73m²,60.0,999.0,NORMAL,2026-03-21
SUBJ111,WEEK12,HBA1C,HbA1c,7.23,%,4.0,5.6,ABNORMAL,2026-04-18
SUBJ111,WEEK12,FPG,Fasting plasma glucose,143.53,mg/dL,70.0,99.0,ABNORMAL,2026-04-18
SUBJ111,WEEK12,INSULIN,Insulin,16.05,µIU/mL,2.6,24.9,NORMAL,2026-04-18
SUBJ111,WEEK12,CPEPTIDE,C-peptide,2.22,ng/mL,1.1,4.4,NORMAL,2026-04-18
SUBJ111,WEEK12,TC,Total cholesterol,222.44,mg/dL,125.0,200.0,ABNORMAL,2026-04-18
SUBJ111,WEEK12,LDL,LDL cholesterol,78.19,mg/dL,0.0,100.0,NORMAL,2026-04-18
SUBJ111,WEEK12,HDL,HDL cholesterol,52.64,mg/dL,40.0,999.0,NORMAL,2026-04-18
SUBJ111,WEEK12,TG,Triglycerides,61.53,mg/dL,0.0,150.0,NORMAL,2026-04-18
SUBJ111,WEEK12,ALT,Alanine aminotransferase,24.01,U/L,7.0,56.0,NORMAL,2026-04-18
SUBJ111,WEEK12,AST,Aspartate aminotransferase,48.27,U/L,10.0,40.0,ABNORMAL,2026-04-18
SUBJ111,WEEK12,CREAT,Creatinine,0.92,mg/dL,0.6,1.3,NORMAL,2026-04-18
SUBJ111,WEEK12,EGFR,Estimated glomerular filtration rate,92.25,mL/min/1.73m²,60.0,999.0,NORMAL,2026-04-18
SUBJ112,BASELINE,HBA1C,HbA1c,8.03,%,4.0,5.6,ABNORMAL,2026-01-25
SUBJ112,BASELINE,FPG,Fasting plasma glucose,111.94,mg/dL,70.0,99.0,ABNORMAL,2026-01-25
SUBJ112,BASELINE,INSULIN,Insulin,11.13,µIU/mL,2.6,24.9,NORMAL,2026-01-25
SUBJ112,BASELINE,CPEPTIDE,C-peptide,2.93,ng/mL,1.1,4.4,NORMAL,2026-01-25
SUBJ112,BASELINE,TC,Total cholesterol,180.35,mg/dL,125.0,200.0,NORMAL,2026-01-25
SUBJ112,BASELINE,LDL,LDL cholesterol,106.03,mg/dL,0.0,100.0,ABNORMAL,2026-01-25
SUBJ112,BASELINE,HDL,HDL cholesterol,51.64,mg/dL,40.0,999.0,NORMAL,2026-01-25
SUBJ112,BASELINE,TG,Triglycerides,237.0,mg/dL,0.0,150.0,ABNORMAL,2026-01-25
SUBJ112,BASELINE,ALT,Alanine aminotransferase,17.75,U/L,7.0,56.0,NORMAL,2026-01-25
SUBJ112,BASELINE,AST,Aspartate aminotransferase,28.7,U/L,10.0,40.0,NORMAL,2026-01-25
SUBJ112,BASELINE,CREAT,Creatinine,0.7,mg/dL,0.6,1.3,NORMAL,2026-01-25
SUBJ112,BASELINE,EGFR,Estimated glomerular filtration rate,86.6,mL/min/1.73m²,60.0,999.0,NORMAL,2026-01-25
SUBJ112,WEEK4,HBA1C,HbA1c,7.81,%,4.0,5.6,ABNORMAL,2026-02-20
SUBJ112,WEEK4,FPG,Fasting plasma glucose,108.03,mg/dL,70.0,99.0,ABNORMAL,2026-02-20
SUBJ112,WEEK4,INSULIN,Insulin,12.37,µIU/mL,2.6,24.9,NORMAL,2026-02-20
SUBJ112,WEEK4,CPEPTIDE,C-peptide,3.02,ng/mL,1.1,4.4,NORMAL,2026-02-20
SUBJ112,WEEK4,TC,Total cholesterol,181.82,mg/dL,125.0,200.0,NORMAL,2026-02-20
SUBJ112,WEEK4,LDL,LDL cholesterol,104.01,mg/dL,0.0,100.0,ABNORMAL,2026-02-20
SUBJ112,WEEK4,HDL,HDL cholesterol,51.29,mg/dL,40.0,999.0,NORMAL,2026-02-20
SUBJ112,WEEK4,TG,Triglycerides,222.81,mg/dL,0.0,150.0,ABNORMAL,2026-02-20
SUBJ112,WEEK4,ALT,Alanine aminotransferase,17.66,U/L,7.0,56.0,NORMAL,2026-02-20
SUBJ112,WEEK4,AST,Aspartate aminotransferase,26.83,U/L,10.0,40.0,NORMAL,2026-02-20
SUBJ112,WEEK4,CREAT,Creatinine,0.68,mg/dL,0.6,1.3,NORMAL,2026-02-20
SUBJ112,WEEK4,EGFR,Estimated glomerular filtration rate,85.45,mL/min/1.73m²,60.0,999.0,NORMAL,2026-02-20
SUBJ112,WEEK8,HBA1C,HbA1c,7.31,%,4.0,5.6,ABNORMAL,2026-03-21
SUBJ112,WEEK8,FPG,Fasting plasma glucose,87.62,mg/dL,70.0,99.0,NORMAL,2026-03-21
SUBJ112,WEEK8,INSULIN,Insulin,9.97,µIU/mL,2.6,24.9,NORMAL,2026-03-21
SUBJ112,WEEK8,CPEPTIDE,C-peptide,2.94,ng/mL,1.1,4.4,NORMAL,2026-03-21
SUBJ112,WEEK8,TC,Total cholesterol,187.64,mg/dL,125.0,200.0,NORMAL,2026-03-21
SUBJ112,WEEK8,LDL,LDL cholesterol,97.8,mg/dL,0.0,100.0,NORMAL,2026-03-21
SUBJ112,WEEK8,HDL,HDL cholesterol,49.63,mg/dL,40.0,999.0,NORMAL,2026-03-21
SUBJ112,WEEK8,TG,Triglycerides,216.17,mg/dL,0.0,150.0,ABNORMAL,2026-03-21
SUBJ112,WEEK8,ALT,Alanine aminotransferase,17.53,U/L,7.0,56.0,NORMAL,2026-03-21
SUBJ112,WEEK8,AST,Aspartate aminotransferase,24.61,U/L,10.0,40.0,NORMAL,2026-03-21
SUBJ112,WEEK8,CREAT,Creatinine,0.7,mg/dL,0.6,1.3,NORMAL,2026-03-21
SUBJ112,WEEK8,EGFR,Estimated glomerular filtration rate,86.76,mL/min/1.73m²,60.0,999.0,NORMAL,2026-03-21
SUBJ112,WEEK12,HBA1C,HbA1c,7.25,%,4.0,5.6,ABNORMAL,2026-04-17
SUBJ112,WEEK12,FPG,Fasting plasma glucose,82.15,mg/dL,70.0,99.0,NORMAL,2026-04-17
SUBJ112,WEEK12,INSULIN,Insulin,10.62,µIU/mL,2.6,24.9,NORMAL,2026-04-17
SUBJ112,WEEK12,CPEPTIDE,C-peptide,3.02,ng/mL,1.1,4.4,NORMAL,2026-04-17
SUBJ112,WEEK12,TC,Total cholesterol,189.46,mg/dL,125.0,200.0,NORMAL,2026-04-17
SUBJ112,WEEK12,LDL,LDL cholesterol,105.39,mg/dL,0.0,100.0,ABNORMAL,2026-04-17
SUBJ112,WEEK12,HDL,HDL cholesterol,50.63,mg/dL,40.0,999.0,NORMAL,2026-04-17
SUBJ112,WEEK12,TG,Triglycerides,199.58,mg/dL,0.0,150.0,ABNORMAL,2026-04-17
SUBJ112,WEEK12,ALT,Alanine aminotransferase,20.46,U/L,7.0,56.0,NORMAL,2026-04-17
SUBJ112,WEEK12,AST,Aspartate aminotransferase,29.86,U/L,10.0,40.0,NORMAL,2026-04-17
SUBJ112,WEEK12,CREAT,Creatinine,0.7,mg/dL,0.6,1.3,NORMAL,2026-04-17
SUBJ112,WEEK12,EGFR,Estimated glomerular filtration rate,86.44,mL/min/1.73m²,60.0,999.0,NORMAL,2026-04-17
SUBJ113,BASELINE,HBA1C,HbA1c,8.53,%,4.0,5.6,ABNORMAL,2026-01-31
SUBJ113,BASELINE,FPG,Fasting plasma glucose,223.29,mg/dL,70.0,99.0,ABNORMAL,2026-01-31
SUBJ113,BASELINE,INSULIN,Insulin,8.11,µIU/mL,2.6,24.9,NORMAL,2026-01-31
SUBJ113,BASELINE,CPEPTIDE,C-peptide,4.15,ng/mL,1.1,4.4,NORMAL,2026-01-31
SUBJ113,BASELINE,TC,Total cholesterol,213.84,mg/dL,125.0,200.0,ABNORMAL,2026-01-31
SUBJ113,BASELINE,LDL,LDL cholesterol,93.63,mg/dL,0.0,100.0,NORMAL,2026-01-31
SUBJ113,BASELINE,HDL,HDL cholesterol,35.63,mg/dL,40.0,999.0,ABNORMAL,2026-01-31
SUBJ113,BASELINE,TG,Triglycerides,227.89,mg/dL,0.0,150.0,ABNORMAL,2026-01-31
SUBJ113,BASELINE,ALT,Alanine aminotransferase,39.96,U/L,7.0,56.0,NORMAL,2026-01-31
SUBJ113,BASELINE,AST,Aspartate aminotransferase,40.01,U/L,10.0,40.0,ABNORMAL,2026-01-31
SUBJ113,BASELINE,CREAT,Creatinine,0.83,mg/dL,0.6,1.3,NORMAL,2026-01-31
SUBJ113,BASELINE,EGFR,Estimated glomerular filtration rate,93.73,mL/min/1.73m²,60.0,999.0,NORMAL,2026-01-31
SUBJ113,WEEK4,HBA1C,HbA1c,8.35,%,4.0,5.6,ABNORMAL,2026-02-28
SUBJ113,WEEK4,FPG,Fasting plasma glucose,206.61,mg/dL,70.0,99.0,ABNORMAL,2026-02-28
SUBJ113,WEEK4,INSULIN,Insulin,6.38,µIU/mL,2.6,24.9,NORMAL,2026-02-28
SUBJ113,WEEK4,CPEPTIDE,C-peptide,4.26,ng/mL,1.1,4.4,NORMAL,2026-02-28
SUBJ113,WEEK4,TC,Total cholesterol,212.59,mg/dL,125.0,200.0,ABNORMAL,2026-02-28
SUBJ113,WEEK4,LDL,LDL cholesterol,97.34,mg/dL,0.0,100.0,NORMAL,2026-02-28
SUBJ113,WEEK4,HDL,HDL cholesterol,34.46,mg/dL,40.0,999.0,ABNORMAL,2026-02-28
SUBJ113,WEEK4,TG,Triglycerides,233.27,mg/dL,0.0,150.0,ABNORMAL,2026-02-28
SUBJ113,WEEK4,ALT,Alanine aminotransferase,40.0,U/L,7.0,56.0,NORMAL,2026-02-28
SUBJ113,WEEK4,AST,Aspartate aminotransferase,39.85,U/L,10.0,40.0,NORMAL,2026-02-28
SUBJ113,WEEK4,CREAT,Creatinine,0.81,mg/dL,0.6,1.3,NORMAL,2026-02-28
SUBJ113,WEEK4,EGFR,Estimated glomerular filtration rate,94.56,mL/min/1.73m²,60.0,999.0,NORMAL,2026-02-28
SUBJ113,WEEK8,HBA1C,HbA1c,8.04,%,4.0,5.6,ABNORMAL,2026-03-29
SUBJ113,WEEK8,FPG,Fasting plasma glucose,192.97,mg/dL,70.0,99.0,ABNORMAL,2026-03-29
SUBJ113,WEEK8,INSULIN,Insulin,9.54,µIU/mL,2.6,24.9,NORMAL,2026-03-29
SUBJ113,WEEK8,CPEPTIDE,C-peptide,4.19,ng/mL,1.1,4.4,NORMAL,2026-03-29
SUBJ113,WEEK8,TC,Total cholesterol,201.81,mg/dL,125.0,200.0,ABNORMAL,2026-03-29
SUBJ113,WEEK8,LDL,LDL cholesterol,86.76,mg/dL,0.0,100.0,NORMAL,2026-03-29
SUBJ113,WEEK8,HDL,HDL cholesterol,37.42,mg/dL,40.0,999.0,ABNORMAL,2026-03-29
SUBJ113,WEEK8,TG,Triglycerides,210.91,mg/dL,0.0,150.0,ABNORMAL,2026-03-29
SUBJ113,WEEK8,ALT,Alanine aminotransferase,39.45,U/L,7.0,56.0,NORMAL,2026-03-29
SUBJ113,WEEK8,AST,Aspartate aminotransferase,41.52,U/L,10.0,40.0,ABNORMAL,2026-03-29
SUBJ113,WEEK8,CREAT,Creatinine,0.81,mg/dL,0.6,1.3,NORMAL,2026-03-29
SUBJ113,WEEK8,EGFR,Estimated glomerular filtration rate,94.71,mL/min/1.73m²,60.0,999.0,NORMAL,2026-03-29
SUBJ113,WEEK12,HBA1C,HbA1c,7.78,%,4.0,5.6,ABNORMAL,2026-04-24
SUBJ113,WEEK12,FPG,Fasting plasma glucose,191.1,mg/dL,70.0,99.0,ABNORMAL,2026-04-24
SUBJ113,WEEK12,INSULIN,Insulin,5.32,µIU/mL,2.6,24.9,NORMAL,2026-04-24
SUBJ113,WEEK12,CPEPTIDE,C-peptide,4.37,ng/mL,1.1,4.4,NORMAL,2026-04-24
SUBJ113,WEEK12,TC,Total cholesterol,199.9,mg/dL,125.0,200.0,NORMAL,2026-04-24
SUBJ113,WEEK12,LDL,LDL cholesterol,88.8,mg/dL,0.0,100.0,NORMAL,2026-04-24
SUBJ113,WEEK12,HDL,HDL cholesterol,35.37,mg/dL,40.0,999.0,ABNORMAL,2026-04-24
SUBJ113,WEEK12,TG,Triglycerides,234.6,mg/dL,0.0,150.0,ABNORMAL,2026-04-24
SUBJ113,WEEK12,ALT,Alanine aminotransferase,36.08,U/L,7.0,56.0,NORMAL,2026-04-24
SUBJ113,WEEK12,AST,Aspartate aminotransferase,41.46,U/L,10.0,40.0,ABNORMAL,2026-04-24
SUBJ113,WEEK12,CREAT,Creatinine,0.85,mg/dL,0.6,1.3,NORMAL,2026-04-24
SUBJ113,WEEK12,EGFR,Estimated glomerular filtration rate,93.64,mL/min/1.73m²,60.0,999.0,NORMAL,2026-04-24
SUBJ114,BASELINE,HBA1C,HbA1c,8.17,%,4.0,5.6,ABNORMAL,2026-02-01
SUBJ114,BASELINE,FPG,Fasting plasma glucose,189.24,mg/dL,70.0,99.0,ABNORMAL,2026-02-01
SUBJ114,BASELINE,INSULIN,Insulin,19.02,µIU/mL,2.6,24.9,NORMAL,2026-02-01
SUBJ114,BASELINE,CPEPTIDE,C-peptide,3.25,ng/mL,1.1,4.4,NORMAL,2026-02-01
SUBJ114,BASELINE,TC,Total cholesterol,148.4,mg/dL,125.0,200.0,NORMAL,2026-02-01
SUBJ114,BASELINE,LDL,LDL cholesterol,134.22,mg/dL,0.0,100.0,ABNORMAL,2026-02-01
SUBJ114,BASELINE,HDL,HDL cholesterol,30.51,mg/dL,40.0,999.0,ABNORMAL,2026-02-01
SUBJ114,BASELINE,TG,Triglycerides,154.04,mg/dL,0.0,150.0,ABNORMAL,2026-02-01
SUBJ114,BASELINE,ALT,Alanine aminotransferase,27.9,U/L,7.0,56.0,NORMAL,2026-02-01
SUBJ114,BASELINE,AST,Aspartate aminotransferase,28.73,U/L,10.0,40.0,NORMAL,2026-02-01
SUBJ114,BASELINE,CREAT,Creatinine,1.0,mg/dL,0.6,1.3,NORMAL,2026-02-01
SUBJ114,BASELINE,EGFR,Estimated glomerular filtration rate,60.63,mL/min/1.73m²,60.0,999.0,NORMAL,2026-02-01
SUBJ114,WEEK4,HBA1C,HbA1c,8.01,%,4.0,5.6,ABNORMAL,2026-02-27
SUBJ114,WEEK4,FPG,Fasting plasma glucose,178.04,mg/dL,70.0,99.0,ABNORMAL,2026-02-27
SUBJ114,WEEK4,INSULIN,Insulin,16.62,µIU/mL,2.6,24.9,NORMAL,2026-02-27
SUBJ114,WEEK4,CPEPTIDE,C-peptide,3.11,ng/mL,1.1,4.4,NORMAL,2026-02-27
SUBJ114,WEEK4,TC,Total cholesterol,151.58,mg/dL,125.0,200.0,NORMAL,2026-02-27
SUBJ114,WEEK4,LDL,LDL cholesterol,137.65,mg/dL,0.0,100.0,ABNORMAL,2026-02-27
SUBJ114,WEEK4,HDL,HDL cholesterol,32.68,mg/dL,40.0,999.0,ABNORMAL,2026-02-27
SUBJ114,WEEK4,TG,Triglycerides,135.19,mg/dL,0.0,150.0,NORMAL,2026-02-27
SUBJ114,WEEK4,ALT,Alanine aminotransferase,23.48,U/L,7.0,56.0,NORMAL,2026-02-27
SUBJ114,WEEK4,AST,Aspartate aminotransferase,29.13,U/L,10.0,40.0,NORMAL,2026-02-27
SUBJ114,WEEK4,CREAT,Creatinine,0.99,mg/dL,0.6,1.3,NORMAL,2026-02-27
SUBJ114,WEEK4,EGFR,Estimated glomerular filtration rate,53.59,mL/min/1.73m²,60.0,999.0,ABNORMAL,2026-02-27
SUBJ114,WEEK8,HBA1C,HbA1c,7.77,%,4.0,5.6,ABNORMAL,2026-03-29
SUBJ114,WEEK8,FPG,Fasting plasma glucose,183.9,mg/dL,70.0,99.0,ABNORMAL,2026-03-29
SUBJ114,WEEK8,INSULIN,Insulin,16.3,µIU/mL,2.6,24.9,NORMAL,2026-03-29
SUBJ114,WEEK8,CPEPTIDE,C-peptide,3.24,ng/mL,1.1,4.4,NORMAL,2026-03-29
SUBJ114,WEEK8,TC,Total cholesterol,147.99,mg/dL,125.0,200.0,NORMAL,2026-03-29
SUBJ114,WEEK8,LDL,LDL cholesterol,138.72,mg/dL,0.0,100.0,ABNORMAL,2026-03-29
SUBJ114,WEEK8,HDL,HDL cholesterol,36.79,mg/dL,40.0,999.0,ABNORMAL,2026-03-29
SUBJ114,WEEK8,TG,Triglycerides,131.34,mg/dL,0.0,150.0,NORMAL,2026-03-29
SUBJ114,WEEK8,ALT,Alanine aminotransferase,25.31,U/L,7.0,56.0,NORMAL,2026-03-29
SUBJ114,WEEK8,AST,Aspartate aminotransferase,25.31,U/L,10.0,40.0,NORMAL,2026-03-29
SUBJ114,WEEK8,CREAT,Creatinine,1.0,mg/dL,0.6,1.3,NORMAL,2026-03-29
SUBJ114,WEEK8,EGFR,Estimated glomerular filtration rate,55.31,mL/min/1.73m²,60.0,999.0,ABNORMAL,2026-03-29
SUBJ114,WEEK12,HBA1C,HbA1c,7.75,%,4.0,5.6,ABNORMAL,2026-04-28
SUBJ114,WEEK12,FPG,Fasting plasma glucose,179.01,mg/dL,70.0,99.0,ABNORMAL,2026-04-28
SUBJ114,WEEK12,INSULIN,Insulin,20.08,µIU/mL,2.6,24.9,NORMAL,2026-04-28
SUBJ114,WEEK12,CPEPTIDE,C-peptide,3.15,ng/mL,1.1,4.4,NORMAL,2026-04-28
SUBJ114,WEEK12,TC,Total cholesterol,158.93,mg/dL,125.0,200.0,NORMAL,2026-04-28
SUBJ114,WEEK12,LDL,LDL cholesterol,128.59,mg/dL,0.0,100.0,ABNORMAL,2026-04-28
SUBJ114,WEEK12,HDL,HDL cholesterol,35.2,mg/dL,40.0,999.0,ABNORMAL,2026-04-28
SUBJ114,WEEK12,TG,Triglycerides,130.94,mg/dL,0.0,150.0,NORMAL,2026-04-28
SUBJ114,WEEK12,ALT,Alanine aminotransferase,27.18,U/L,7.0,56.0,NORMAL,2026-04-28
SUBJ114,WEEK12,AST,Aspartate aminotransferase,23.81,U/L,10.0,40.0,NORMAL,2026-04-28
SUBJ114,WEEK12,CREAT,Creatinine,1.01,mg/dL,0.6,1.3,NORMAL,2026-04-28
SUBJ114,WEEK12,EGFR,Estimated glomerular filtration rate,53.38,mL/min/1.73m²,60.0,999.0,ABNORMAL,2026-04-28
SUBJ115,BASELINE,HBA1C,HbA1c,7.71,%,4.0,5.6,ABNORMAL,2026-01-29
SUBJ115,BASELINE,FPG,Fasting plasma glucose,160.06,mg/dL,70.0,99.0,ABNORMAL,2026-01-29
SUBJ115,BASELINE,INSULIN,Insulin,17.56,µIU/mL,2.6,24.9,NORMAL,2026-01-29
SUBJ115,BASELINE,CPEPTIDE,C-peptide,3.45,ng/mL,1.1,4.4,NORMAL,2026-01-29
SUBJ115,BASELINE,TC,Total cholesterol,175.32,mg/dL,125.0,200.0,NORMAL,2026-01-29
SUBJ115,BASELINE,LDL,LDL cholesterol,133.02,mg/dL,0.0,100.0,ABNORMAL,2026-01-29
SUBJ115,BASELINE,HDL,HDL cholesterol,56.38,mg/dL,40.0,999.0,NORMAL,2026-01-29
SUBJ115,BASELINE,TG,Triglycerides,241.64,mg/dL,0.0,150.0,ABNORMAL,2026-01-29
SUBJ115,BASELINE,ALT,Alanine aminotransferase,53.76,U/L,7.0,56.0,NORMAL,2026-01-29
SUBJ115,BASELINE,AST,Aspartate aminotransferase,28.96,U/L,10.0,40.0,NORMAL,2026-01-29
SUBJ115,BASELINE,CREAT,Creatinine,0.95,mg/dL,0.6,1.3,NORMAL,2026-01-29
SUBJ115,BASELINE,EGFR,Estimated glomerular filtration rate,97.04,mL/min/1.73m²,60.0,999.0,NORMAL,2026-01-29
SUBJ115,WEEK4,HBA1C,HbA1c,7.42,%,4.0,5.6,ABNORMAL,2026-02-27
SUBJ115,WEEK4,FPG,Fasting plasma glucose,140.87,mg/dL,70.0,99.0,ABNORMAL,2026-02-27
SUBJ115,WEEK4,INSULIN,Insulin,18.21,µIU/mL,2.6,24.9,NORMAL,2026-02-27
SUBJ115,WEEK4,CPEPTIDE,C-peptide,3.44,ng/mL,1.1,4.4,NORMAL,2026-02-27
SUBJ115,WEEK4,TC,Total cholesterol,168.04,mg/dL,125.0,200.0,NORMAL,2026-02-27
SUBJ115,WEEK4,LDL,LDL cholesterol,130.04,mg/dL,0.0,100.0,ABNORMAL,2026-02-27
SUBJ115,WEEK4,HDL,HDL cholesterol,54.27,mg/dL,40.0,999.0,NORMAL,2026-02-27
SUBJ115,WEEK4,TG,Triglycerides,245.39,mg/dL,0.0,150.0,ABNORMAL,2026-02-27
SUBJ115,WEEK4,ALT,Alanine aminotransferase,49.42,U/L,7.0,56.0,NORMAL,2026-02-27
SUBJ115,WEEK4,AST,Aspartate aminotransferase,32.32,U/L,10.0,40.0,NORMAL,2026-02-27
SUBJ115,WEEK4,CREAT,Creatinine,0.93,mg/dL,0.6,1.3,NORMAL,2026-02-27
SUBJ115,WEEK4,EGFR,Estimated glomerular filtration rate,95.41,mL/min/1.73m²,60.0,999.0,NORMAL,2026-02-27
SUBJ115,WEEK8,HBA1C,HbA1c,7.14,%,4.0,5.6,ABNORMAL,2026-03-28
SUBJ115,WEEK8,FPG,Fasting plasma glucose,134.64,mg/dL,70.0,99.0,ABNORMAL,2026-03-28
SUBJ115,WEEK8,INSULIN,Insulin,16.5,µIU/mL,2.6,24.9,NORMAL,2026-03-28
SUBJ115,WEEK8,CPEPTIDE,C-peptide,3.43,ng/mL,1.1,4.4,NORMAL,2026-03-28
SUBJ115,WEEK8,TC,Total cholesterol,176.85,mg/dL,125.0,200.0,NORMAL,2026-03-28
SUBJ115,WEEK8,LDL,LDL cholesterol,130.58,mg/dL,0.0,100.0,ABNORMAL,2026-03-28
SUBJ115,WEEK8,HDL,HDL cholesterol,53.74,mg/dL,40.0,999.0,NORMAL,2026-03-28
SUBJ115,WEEK8,TG,Triglycerides,236.79,mg/dL,0.0,150.0,ABNORMAL,2026-03-28
SUBJ115,WEEK8,ALT,Alanine aminotransferase,48.26,U/L,7.0,56.0,NORMAL,2026-03-28
SUBJ115,WEEK8,AST,Aspartate aminotransferase,27.15,U/L,10.0,40.0,NORMAL,2026-03-28
SUBJ115,WEEK8,CREAT,Creatinine,0.93,mg/dL,0.6,1.3,NORMAL,2026-03-28
SUBJ115,WEEK8,EGFR,Estimated glomerular filtration rate,96.77,mL/min/1.73m²,60.0,999.0,NORMAL,2026-03-28
SUBJ115,WEEK12,HBA1C,HbA1c,6.88,%,4.0,5.6,ABNORMAL,2026-04-24
SUBJ115,WEEK12,FPG,Fasting plasma glucose,130.2,mg/dL,70.0,99.0,ABNORMAL,2026-04-24
SUBJ115,WEEK12,INSULIN,Insulin,14.26,µIU/mL,2.6,24.9,NORMAL,2026-04-24
SUBJ115,WEEK12,CPEPTIDE,C-peptide,3.3,ng/mL,1.1,4.4,NORMAL,2026-04-24
SUBJ115,WEEK12,TC,Total cholesterol,161.89,mg/dL,125.0,200.0,NORMAL,2026-04-24
SUBJ115,WEEK12,LDL,LDL cholesterol,131.37,mg/dL,0.0,100.0,ABNORMAL,2026-04-24
SUBJ115,WEEK12,HDL,HDL cholesterol,57.83,mg/dL,40.0,999.0,NORMAL,2026-04-24
SUBJ115,WEEK12,TG,Triglycerides,239.98,mg/dL,0.0,150.0,ABNORMAL,2026-04-24
SUBJ115,WEEK12,ALT,Alanine aminotransferase,50.1,U/L,7.0,56.0,NORMAL,2026-04-24
SUBJ115,WEEK12,AST,Aspartate aminotransferase,29.04,U/L,10.0,40.0,NORMAL,2026-04-24
SUBJ115,WEEK12,CREAT,Creatinine,0.92,mg/dL,0.6,1.3,NORMAL,2026-04-24
SUBJ115,WEEK12,EGFR,Estimated glomerular filtration rate,98.64,mL/min/1.73m²,60.0,999.0,NORMAL,2026-04-24
SUBJ116,BASELINE,HBA1C,HbA1c,7.5,%,4.0,5.6,ABNORMAL,2026-02-12
SUBJ116,BASELINE,FPG,Fasting plasma glucose,118.28,mg/dL,70.0,99.0,ABNORMAL,2026-02-12
SUBJ116,BASELINE,INSULIN,Insulin,11.7,µIU/mL,2.6,24.9,NORMAL,2026-02-12
SUBJ116,BASELINE,CPEPTIDE,C-peptide,2.73,ng/mL,1.1,4.4,NORMAL,2026-02-12
SUBJ116,BASELINE,TC,Total cholesterol,220.77,mg/dL,125.0,200.0,ABNORMAL,2026-02-12
SUBJ116,BASELINE,LDL,LDL cholesterol,102.28,mg/dL,0.0,100.0,ABNORMAL,2026-02-12
SUBJ116,BASELINE,HDL,HDL cholesterol,40.35,mg/dL,40.0,999.0,NORMAL,2026-02-12
SUBJ116,BASELINE,TG,Triglycerides,146.89,mg/dL,0.0,150.0,NORMAL,2026-02-12
SUBJ116,BASELINE,ALT,Alanine aminotransferase,28.9,U/L,7.0,56.0,NORMAL,2026-02-12
SUBJ116,BASELINE,AST,Aspartate aminotransferase,28.73,U/L,10.0,40.0,NORMAL,2026-02-12
SUBJ116,BASELINE,CREAT,Creatinine,1.01,mg/dL,0.6,1.3,NORMAL,2026-02-12
SUBJ116,BASELINE,EGFR,Estimated glomerular filtration rate,76.74,mL/min/1.73m²,60.0,999.0,NORMAL,2026-02-12
SUBJ116,WEEK4,HBA1C,HbA1c,6.95,%,4.0,5.6,ABNORMAL,2026-03-12
SUBJ116,WEEK4,FPG,Fasting plasma glucose,101.55,mg/dL,70.0,99.0,ABNORMAL,2026-03-12
SUBJ116,WEEK4,INSULIN,Insulin,9.9,µIU/mL,2.6,24.9,NORMAL,2026-03-12
SUBJ116,WEEK4,CPEPTIDE,C-peptide,2.41,ng/mL,1.1,4.4,NORMAL,2026-03-12
SUBJ116,WEEK4,TC,Total cholesterol,215.58,mg/dL,125.0,200.0,ABNORMAL,2026-03-12
SUBJ116,WEEK4,LDL,LDL cholesterol,99.51,mg/dL,0.0,100.0,NORMAL,2026-03-12
SUBJ116,WEEK4,HDL,HDL cholesterol,42.46,mg/dL,40.0,999.0,NORMAL,2026-03-12
SUBJ116,WEEK4,TG,Triglycerides,129.88,mg/dL,0.0,150.0,NORMAL,2026-03-12
SUBJ116,WEEK4,ALT,Alanine aminotransferase,22.03,U/L,7.0,56.0,NORMAL,2026-03-12
SUBJ116,WEEK4,AST,Aspartate aminotransferase,30.24,U/L,10.0,40.0,NORMAL,2026-03-12
SUBJ116,WEEK4,CREAT,Creatinine,0.99,mg/dL,0.6,1.3,NORMAL,2026-03-12
SUBJ116,WEEK4,EGFR,Estimated glomerular filtration rate,76.55,mL/min/1.73m²,60.0,999.0,NORMAL,2026-03-12
SUBJ116,WEEK8,HBA1C,HbA1c,6.63,%,4.0,5.6,ABNORMAL,2026-04-08
SUBJ116,WEEK8,FPG,Fasting plasma glucose,81.22,mg/dL,70.0,99.0,NORMAL,2026-04-08
SUBJ116,WEEK8,INSULIN,Insulin,10.1,µIU/mL,2.6,24.9,NORMAL,2026-04-08
SUBJ116,WEEK8,CPEPTIDE,C-peptide,2.52,ng/mL,1.1,4.4,NORMAL,2026-04-08
SUBJ116,WEEK8,TC,Total cholesterol,216.63,mg/dL,125.0,200.0,ABNORMAL,2026-04-08
SUBJ116,WEEK8,LDL,LDL cholesterol,96.58,mg/dL,0.0,100.0,NORMAL,2026-04-08
SUBJ116,WEEK8,HDL,HDL cholesterol,46.72,mg/dL,40.0,999.0,NORMAL,2026-04-08
SUBJ116,WEEK8,TG,Triglycerides,146.02,mg/dL,0.0,150.0,NORMAL,2026-04-08
SUBJ116,WEEK8,ALT,Alanine aminotransferase,33.22,U/L,7.0,56.0,NORMAL,2026-04-08
SUBJ116,WEEK8,AST,Aspartate aminotransferase,30.4,U/L,10.0,40.0,NORMAL,2026-04-08
SUBJ116,WEEK8,CREAT,Creatinine,0.96,mg/dL,0.6,1.3,NORMAL,2026-04-08
SUBJ116,WEEK8,EGFR,Estimated glomerular filtration rate,72.07,mL/min/1.73m²,60.0,999.0,NORMAL,2026-04-08
SUBJ116,WEEK12,HBA1C,HbA1c,6.42,%,4.0,5.6,ABNORMAL,2026-05-08
SUBJ116,WEEK12,FPG,Fasting plasma glucose,71.58,mg/dL,70.0,99.0,NORMAL,2026-05-08
SUBJ116,WEEK12,INSULIN,Insulin,10.51,µIU/mL,2.6,24.9,NORMAL,2026-05-08
SUBJ116,WEEK12,CPEPTIDE,C-peptide,2.55,ng/mL,1.1,4.4,NORMAL,2026-05-08
SUBJ116,WEEK12,TC,Total cholesterol,213.18,mg/dL,125.0,200.0,ABNORMAL,2026-05-08
SUBJ116,WEEK12,LDL,LDL cholesterol,96.59,mg/dL,0.0,100.0,NORMAL,2026-05-08
SUBJ116,WEEK12,HDL,HDL cholesterol,45.85,mg/dL,40.0,999.0,NORMAL,2026-05-08
SUBJ116,WEEK12,TG,Triglycerides,123.39,mg/dL,0.0,150.0,NORMAL,2026-05-08
SUBJ116,WEEK12,ALT,Alanine aminotransferase,30.71,U/L,7.0,56.0,NORMAL,2026-05-08
SUBJ116,WEEK12,AST,Aspartate aminotransferase,32.18,U/L,10.0,40.0,NORMAL,2026-05-08
SUBJ116,WEEK12,CREAT,Creatinine,0.98,mg/dL,0.6,1.3,NORMAL,2026-05-08
SUBJ116,WEEK12,EGFR,Estimated glomerular filtration rate,73.63,mL/min/1.73m²,60.0,999.0,NORMAL,2026-05-08
SUBJ117,BASELINE,HBA1C,HbA1c,8.44,%,4.0,5.6,ABNORMAL,2026-01-14
SUBJ117,BASELINE,FPG,Fasting plasma glucose,186.51,mg/dL,70.0,99.0,ABNORMAL,2026-01-14
SUBJ117,BASELINE,INSULIN,Insulin,6.9,µIU/mL,2.6,24.9,NORMAL,2026-01-14
SUBJ117,BASELINE,CPEPTIDE,C-peptide,3.57,ng/mL,1.1,4.4,NORMAL,2026-01-14
SUBJ117,BASELINE,TC,Total cholesterol,140.95,mg/dL,125.0,200.0,NORMAL,2026-01-14
SUBJ117,BASELINE,LDL,LDL cholesterol,137.63,mg/dL,0.0,100.0,ABNORMAL,2026-01-14
SUBJ117,BASELINE,HDL,HDL cholesterol,54.78,mg/dL,40.0,999.0,NORMAL,2026-01-14
SUBJ117,BASELINE,TG,Triglycerides,259.85,mg/dL,0.0,150.0,ABNORMAL,2026-01-14
SUBJ117,BASELINE,ALT,Alanine aminotransferase,35.63,U/L,7.0,56.0,NORMAL,2026-01-14
SUBJ117,BASELINE,AST,Aspartate aminotransferase,27.93,U/L,10.0,40.0,NORMAL,2026-01-14
SUBJ117,BASELINE,CREAT,Creatinine,0.82,mg/dL,0.6,1.3,NORMAL,2026-01-14
SUBJ117,BASELINE,EGFR,Estimated glomerular filtration rate,99.26,mL/min/1.73m²,60.0,999.0,NORMAL,2026-01-14
SUBJ117,WEEK4,HBA1C,HbA1c,8.07,%,4.0,5.6,ABNORMAL,2026-02-12
SUBJ117,WEEK4,FPG,Fasting plasma glucose,166.09,mg/dL,70.0,99.0,ABNORMAL,2026-02-12
SUBJ117,WEEK4,INSULIN,Insulin,7.4,µIU/mL,2.6,24.9,NORMAL,2026-02-12
SUBJ117,WEEK4,CPEPTIDE,C-peptide,3.59,ng/mL,1.1,4.4,NORMAL,2026-02-12
SUBJ117,WEEK4,TC,Total cholesterol,132.16,mg/dL,125.0,200.0,NORMAL,2026-02-12
SUBJ117,WEEK4,LDL,LDL cholesterol,132.16,mg/dL,0.0,100.0,ABNORMAL,2026-02-12
SUBJ117,WEEK4,HDL,HDL cholesterol,52.86,mg/dL,40.0,999.0,NORMAL,2026-02-12
SUBJ117,WEEK4,TG,Triglycerides,228.77,mg/dL,0.0,150.0,ABNORMAL,2026-02-12
SUBJ117,WEEK4,ALT,Alanine aminotransferase,32.7,U/L,7.0,56.0,NORMAL,2026-02-12
SUBJ117,WEEK4,AST,Aspartate aminotransferase,28.11,U/L,10.0,40.0,NORMAL,2026-02-12
SUBJ117,WEEK4,CREAT,Creatinine,0.79,mg/dL,0.6,1.3,NORMAL,2026-02-12
SUBJ117,WEEK4,EGFR,Estimated glomerular filtration rate,96.74,mL/min/1.73m²,60.0,999.0,NORMAL,2026-02-12
SUBJ117,WEEK8,HBA1C,HbA1c,7.77,%,4.0,5.6,ABNORMAL,2026-03-09
SUBJ117,WEEK8,FPG,Fasting plasma glucose,162.55,mg/dL,70.0,99.0,ABNORMAL,2026-03-09
SUBJ117,WEEK8,INSULIN,Insulin,4.89,µIU/mL,2.6,24.9,NORMAL,2026-03-09
SUBJ117,WEEK8,CPEPTIDE,C-peptide,3.49,ng/mL,1.1,4.4,NORMAL,2026-03-09
SUBJ117,WEEK8,TC,Total cholesterol,129.75,mg/dL,125.0,200.0,NORMAL,2026-03-09
SUBJ117,WEEK8,LDL,LDL cholesterol,140.7,mg/dL,0.0,100.0,ABNORMAL,2026-03-09
SUBJ117,WEEK8,HDL,HDL cholesterol,51.88,mg/dL,40.0,999.0,NORMAL,2026-03-09
SUBJ117,WEEK8,TG,Triglycerides,236.09,mg/dL,0.0,150.0,ABNORMAL,2026-03-09
SUBJ117,WEEK8,ALT,Alanine aminotransferase,37.85,U/L,7.0,56.0,NORMAL,2026-03-09
SUBJ117,WEEK8,AST,Aspartate aminotransferase,29.08,U/L,10.0,40.0,NORMAL,2026-03-09
SUBJ117,WEEK8,CREAT,Creatinine,0.85,mg/dL,0.6,1.3,NORMAL,2026-03-09
SUBJ117,WEEK8,EGFR,Estimated glomerular filtration rate,95.46,mL/min/1.73m²,60.0,999.0,NORMAL,2026-03-09
SUBJ117,WEEK12,HBA1C,HbA1c,7.49,%,4.0,5.6,ABNORMAL,2026-04-08
SUBJ117,WEEK12,FPG,Fasting plasma glucose,145.91,mg/dL,70.0,99.0,ABNORMAL,2026-04-08
SUBJ117,WEEK12,INSULIN,Insulin,6.39,µIU/mL,2.6,24.9,NORMAL,2026-04-08
SUBJ117,WEEK12,CPEPTIDE,C-peptide,3.51,ng/mL,1.1,4.4,NORMAL,2026-04-08
SUBJ117,WEEK12,TC,Total cholesterol,137.78,mg/dL,125.0,200.0,NORMAL,2026-04-08
SUBJ117,WEEK12,LDL,LDL cholesterol,130.34,mg/dL,0.0,100.0,ABNORMAL,2026-04-08
SUBJ117,WEEK12,HDL,HDL cholesterol,53.93,mg/dL,40.0,999.0,NORMAL,2026-04-08
SUBJ117,WEEK12,TG,Triglycerides,242.71,mg/dL,0.0,150.0,ABNORMAL,2026-04-08
SUBJ117,WEEK12,ALT,Alanine aminotransferase,31.98,U/L,7.0,56.0,NORMAL,2026-04-08
SUBJ117,WEEK12,AST,Aspartate aminotransferase,27.54,U/L,10.0,40.0,NORMAL,2026-04-08
SUBJ117,WEEK12,CREAT,Creatinine,0.84,mg/dL,0.6,1.3,NORMAL,2026-04-08
SUBJ117,WEEK12,EGFR,Estimated glomerular filtration rate,95.16,mL/min/1.73m²,60.0,999.0,NORMAL,2026-04-08
SUBJ118,BASELINE,HBA1C,HbA1c,9.34,%,4.0,5.6,ABNORMAL,2026-02-03
SUBJ118,BASELINE,FPG,Fasting plasma glucose,150.11,mg/dL,70.0,99.0,ABNORMAL,2026-02-03
SUBJ118,BASELINE,INSULIN,Insulin,17.12,µIU/mL,2.6,24.9,NORMAL,2026-02-03
SUBJ118,BASELINE,CPEPTIDE,C-peptide,2.48,ng/mL,1.1,4.4,NORMAL,2026-02-03
SUBJ118,BASELINE,TC,Total cholesterol,192.69,mg/dL,125.0,200.0,NORMAL,2026-02-03
SUBJ118,BASELINE,LDL,LDL cholesterol,79.38,mg/dL,0.0,100.0,NORMAL,2026-02-03
SUBJ118,BASELINE,HDL,HDL cholesterol,49.47,mg/dL,40.0,999.0,NORMAL,2026-02-03
SUBJ118,BASELINE,TG,Triglycerides,188.19,mg/dL,0.0,150.0,ABNORMAL,2026-02-03
SUBJ118,BASELINE,ALT,Alanine aminotransferase,30.18,U/L,7.0,56.0,NORMAL,2026-02-03
SUBJ118,BASELINE,AST,Aspartate aminotransferase,24.57,U/L,10.0,40.0,NORMAL,2026-02-03
SUBJ118,BASELINE,CREAT,Creatinine,1.47,mg/dL,0.6,1.3,ABNORMAL,2026-02-03
SUBJ118,BASELINE,EGFR,Estimated glomerular filtration rate,92.32,mL/min/1.73m²,60.0,999.0,NORMAL,2026-02-03
SUBJ118,WEEK4,HBA1C,HbA1c,9.25,%,4.0,5.6,ABNORMAL,2026-03-04
SUBJ118,WEEK4,FPG,Fasting plasma glucose,146.04,mg/dL,70.0,99.0,ABNORMAL,2026-03-04
SUBJ118,WEEK4,INSULIN,Insulin,18.69,µIU/mL,2.6,24.9,NORMAL,2026-03-04
SUBJ118,WEEK4,CPEPTIDE,C-peptide,2.57,ng/mL,1.1,4.4,NORMAL,2026-03-04
SUBJ118,WEEK4,TC,Total cholesterol,183.21,mg/dL,125.0,200.0,NORMAL,2026-03-04
SUBJ118,WEEK4,LDL,LDL cholesterol,81.19,mg/dL,0.0,100.0,NORMAL,2026-03-04
SUBJ118,WEEK4,HDL,HDL cholesterol,47.83,mg/dL,40.0,999.0,NORMAL,2026-03-04
SUBJ118,WEEK4,TG,Triglycerides,183.07,mg/dL,0.0,150.0,ABNORMAL,2026-03-04
SUBJ118,WEEK4,ALT,Alanine aminotransferase,29.3,U/L,7.0,56.0,NORMAL,2026-03-04
SUBJ118,WEEK4,AST,Aspartate aminotransferase,20.5,U/L,10.0,40.0,NORMAL,2026-03-04
SUBJ118,WEEK4,CREAT,Creatinine,1.45,mg/dL,0.6,1.3,ABNORMAL,2026-03-04
SUBJ118,WEEK4,EGFR,Estimated glomerular filtration rate,88.59,mL/min/1.73m²,60.0,999.0,NORMAL,2026-03-04
SUBJ118,WEEK8,HBA1C,HbA1c,8.84,%,4.0,5.6,ABNORMAL,2026-03-31
SUBJ118,WEEK8,FPG,Fasting plasma glucose,133.74,mg/dL,70.0,99.0,ABNORMAL,2026-03-31
SUBJ118,WEEK8,INSULIN,Insulin,20.39,µIU/mL,2.6,24.9,NORMAL,2026-03-31
SUBJ118,WEEK8,CPEPTIDE,C-peptide,2.45,ng/mL,1.1,4.4,NORMAL,2026-03-31
SUBJ118,WEEK8,TC,Total cholesterol,189.87,mg/dL,125.0,200.0,NORMAL,2026-03-31
SUBJ118,WEEK8,LDL,LDL cholesterol,85.04,mg/dL,0.0,100.0,NORMAL,2026-03-31
SUBJ118,WEEK8,HDL,HDL cholesterol,44.12,mg/dL,40.0,999.0,NORMAL,2026-03-31
SUBJ118,WEEK8,TG,Triglycerides,162.11,mg/dL,0.0,150.0,ABNORMAL,2026-03-31
SUBJ118,WEEK8,ALT,Alanine aminotransferase,33.71,U/L,7.0,56.0,NORMAL,2026-03-31
SUBJ118,WEEK8,AST,Aspartate aminotransferase,20.88,U/L,10.0,40.0,NORMAL,2026-03-31
SUBJ118,WEEK8,CREAT,Creatinine,1.45,mg/dL,0.6,1.3,ABNORMAL,2026-03-31
SUBJ118,WEEK8,EGFR,Estimated glomerular filtration rate,91.17,mL/min/1.73m²,60.0,999.0,NORMAL,2026-03-31
SUBJ118,WEEK12,HBA1C,HbA1c,8.48,%,4.0,5.6,ABNORMAL,2026-04-27
SUBJ118,WEEK12,FPG,Fasting plasma glucose,124.72,mg/dL,70.0,99.0,ABNORMAL,2026-04-27
SUBJ118,WEEK12,INSULIN,Insulin,17.81,µIU/mL,2.6,24.9,NORMAL,2026-04-27
SUBJ118,WEEK12,CPEPTIDE,C-peptide,2.43,ng/mL,1.1,4.4,NORMAL,2026-04-27
SUBJ118,WEEK12,TC,Total cholesterol,193.12,mg/dL,125.0,200.0,NORMAL,2026-04-27
SUBJ118,WEEK12,LDL,LDL cholesterol,79.73,mg/dL,0.0,100.0,NORMAL,2026-04-27
SUBJ118,WEEK12,HDL,HDL cholesterol,50.69,mg/dL,40.0,999.0,NORMAL,2026-04-27
SUBJ118,WEEK12,TG,Triglycerides,179.77,mg/dL,0.0,150.0,ABNORMAL,2026-04-27
SUBJ118,WEEK12,ALT,Alanine aminotransferase,32.68,U/L,7.0,56.0,NORMAL,2026-04-27
SUBJ118,WEEK12,AST,Aspartate aminotransferase,23.11,U/L,10.0,40.0,NORMAL,2026-04-27
SUBJ118,WEEK12,CREAT,Creatinine,1.42,mg/dL,0.6,1.3,ABNORMAL,2026-04-27
SUBJ118,WEEK12,EGFR,Estimated glomerular filtration rate,92.0,mL/min/1.73m²,60.0,999.0,NORMAL,2026-04-27
SUBJ119,BASELINE,HBA1C,HbA1c,8.53,%,4.0,5.6,ABNORMAL,2026-01-17
SUBJ119,BASELINE,FPG,Fasting plasma glucose,175.48,mg/dL,70.0,99.0,ABNORMAL,2026-01-17
SUBJ119,BASELINE,INSULIN,Insulin,25.82,µIU/mL,2.6,24.9,ABNORMAL,2026-01-17
SUBJ119,BASELINE,CPEPTIDE,C-peptide,2.48,ng/mL,1.1,4.4,NORMAL,2026-01-17
SUBJ119,BASELINE,TC,Total cholesterol,123.62,mg/dL,125.0,200.0,ABNORMAL,2026-01-17
SUBJ119,BASELINE,LDL,LDL cholesterol,91.57,mg/dL,0.0,100.0,NORMAL,2026-01-17
SUBJ119,BASELINE,HDL,HDL cholesterol,54.98,mg/dL,40.0,999.0,NORMAL,2026-01-17
SUBJ119,BASELINE,TG,Triglycerides,63.29,mg/dL,0.0,150.0,NORMAL,2026-01-17
SUBJ119,BASELINE,ALT,Alanine aminotransferase,47.88,U/L,7.0,56.0,NORMAL,2026-01-17
SUBJ119,BASELINE,AST,Aspartate aminotransferase,14.94,U/L,10.0,40.0,NORMAL,2026-01-17
SUBJ119,BASELINE,CREAT,Creatinine,0.75,mg/dL,0.6,1.3,NORMAL,2026-01-17
SUBJ119,BASELINE,EGFR,Estimated glomerular filtration rate,104.86,mL/min/1.73m²,60.0,999.0,NORMAL,2026-01-17
SUBJ119,WEEK4,HBA1C,HbA1c,8.26,%,4.0,5.6,ABNORMAL,2026-02-14
SUBJ119,WEEK4,FPG,Fasting plasma glucose,174.42,mg/dL,70.0,99.0,ABNORMAL,2026-02-14
SUBJ119,WEEK4,INSULIN,Insulin,25.79,µIU/mL,2.6,24.9,ABNORMAL,2026-02-14
SUBJ119,WEEK4,CPEPTIDE,C-peptide,2.48,ng/mL,1.1,4.4,NORMAL,2026-02-14
SUBJ119,WEEK4,TC,Total cholesterol,127.77,mg/dL,125.0,200.0,NORMAL,2026-02-14
SUBJ119,WEEK4,LDL,LDL cholesterol,94.1,mg/dL,0.0,100.0,NORMAL,2026-02-14
SUBJ119,WEEK4,HDL,HDL cholesterol,53.96,mg/dL,40.0,999.0,NORMAL,2026-02-14
SUBJ119,WEEK4,TG,Triglycerides,62.5,mg/dL,0.0,150.0,NORMAL,2026-02-14
SUBJ119,WEEK4,ALT,Alanine aminotransferase,44.09,U/L,7.0,56.0,NORMAL,2026-02-14
SUBJ119,WEEK4,AST,Aspartate aminotransferase,15.1,U/L,10.0,40.0,NORMAL,2026-02-14
SUBJ119,WEEK4,CREAT,Creatinine,0.77,mg/dL,0.6,1.3,NORMAL,2026-02-14
SUBJ119,WEEK4,EGFR,Estimated glomerular filtration rate,100.02,mL/min/1.73m²,60.0,999.0,NORMAL,2026-02-14
SUBJ119,WEEK8,HBA1C,HbA1c,8.07,%,4.0,5.6,ABNORMAL,2026-03-15
SUBJ119,WEEK8,FPG,Fasting plasma glucose,164.68,mg/dL,70.0,99.0,ABNORMAL,2026-03-15
SUBJ119,WEEK8,INSULIN,Insulin,24.89,µIU/mL,2.6,24.9,NORMAL,2026-03-15
SUBJ119,WEEK8,CPEPTIDE,C-peptide,2.71,ng/mL,1.1,4.4,NORMAL,2026-03-15
SUBJ119,WEEK8,TC,Total cholesterol,135.4,mg/dL,125.0,200.0,NORMAL,2026-03-15
SUBJ119,WEEK8,LDL,LDL cholesterol,86.83,mg/dL,0.0,100.0,NORMAL,2026-03-15
SUBJ119,WEEK8,HDL,HDL cholesterol,56.39,mg/dL,40.0,999.0,NORMAL,2026-03-15
SUBJ119,WEEK8,TG,Triglycerides,40.06,mg/dL,0.0,150.0,NORMAL,2026-03-15
SUBJ119,WEEK8,ALT,Alanine aminotransferase,44.41,U/L,7.0,56.0,NORMAL,2026-03-15
SUBJ119,WEEK8,AST,Aspartate aminotransferase,17.08,U/L,10.0,40.0,NORMAL,2026-03-15
SUBJ119,WEEK8,CREAT,Creatinine,0.75,mg/dL,0.6,1.3,NORMAL,2026-03-15
SUBJ119,WEEK8,EGFR,Estimated glomerular filtration rate,99.97,mL/min/1.73m²,60.0,999.0,NORMAL,2026-03-15
SUBJ120,BASELINE,HBA1C,HbA1c,7.51,%,4.0,5.6,ABNORMAL,2026-02-09
SUBJ120,BASELINE,FPG,Fasting plasma glucose,189.41,mg/dL,70.0,99.0,ABNORMAL,2026-02-09
SUBJ120,BASELINE,INSULIN,Insulin,15.31,µIU/mL,2.6,24.9,NORMAL,2026-02-09
SUBJ120,BASELINE,CPEPTIDE,C-peptide,3.53,ng/mL,1.1,4.4,NORMAL,2026-02-09
SUBJ120,BASELINE,TC,Total cholesterol,202.63,mg/dL,125.0,200.0,ABNORMAL,2026-02-09
SUBJ120,BASELINE,LDL,LDL cholesterol,104.85,mg/dL,0.0,100.0,ABNORMAL,2026-02-09
SUBJ120,BASELINE,HDL,HDL cholesterol,41.47,mg/dL,40.0,999.0,NORMAL,2026-02-09
SUBJ120,BASELINE,TG,Triglycerides,139.75,mg/dL,0.0,150.0,NORMAL,2026-02-09
SUBJ120,BASELINE,ALT,Alanine aminotransferase,51.19,U/L,7.0,56.0,NORMAL,2026-02-09
SUBJ120,BASELINE,AST,Aspartate aminotransferase,24.47,U/L,10.0,40.0,NORMAL,2026-02-09
SUBJ120,BASELINE,CREAT,Creatinine,1.2,mg/dL,0.6,1.3,NORMAL,2026-02-09
SUBJ120,BASELINE,EGFR,Estimated glomerular filtration rate,70.52,mL/min/1.73m²,60.0,999.0,NORMAL,2026-02-09
SUBJ120,WEEK4,HBA1C,HbA1c,7.46,%,4.0,5.6,ABNORMAL,2026-03-10
SUBJ120,WEEK4,FPG,Fasting plasma glucose,186.25,mg/dL,70.0,99.0,ABNORMAL,2026-03-10
SUBJ120,WEEK4,INSULIN,Insulin,17.99,µIU/mL,2.6,24.9,NORMAL,2026-03-10
SUBJ120,WEEK4,CPEPTIDE,C-peptide,3.33,ng/mL,1.1,4.4,NORMAL,2026-03-10
SUBJ120,WEEK4,TC,Total cholesterol,213.32,mg/dL,125.0,200.0,ABNORMAL,2026-03-10
SUBJ120,WEEK4,LDL,LDL cholesterol,102.95,mg/dL,0.0,100.0,ABNORMAL,2026-03-10
SUBJ120,WEEK4,HDL,HDL cholesterol,39.73,mg/dL,40.0,999.0,ABNORMAL,2026-03-10
SUBJ120,WEEK4,TG,Triglycerides,118.89,mg/dL,0.0,150.0,NORMAL,2026-03-10
SUBJ120,WEEK4,ALT,Alanine aminotransferase,50.65,U/L,7.0,56.0,NORMAL,2026-03-10
SUBJ120,WEEK4,AST,Aspartate aminotransferase,27.98,U/L,10.0,40.0,NORMAL,2026-03-10
SUBJ120,WEEK4,CREAT,Creatinine,1.23,mg/dL,0.6,1.3,NORMAL,2026-03-10
SUBJ120,WEEK4,EGFR,Estimated glomerular filtration rate,67.01,mL/min/1.73m²,60.0,999.0,NORMAL,2026-03-10
SUBJ120,WEEK8,HBA1C,HbA1c,7.41,%,4.0,5.6,ABNORMAL,2026-04-07
SUBJ120,WEEK8,FPG,Fasting plasma glucose,188.44,mg/dL,70.0,99.0,ABNORMAL,2026-04-07
SUBJ120,WEEK8,INSULIN,Insulin,16.38,µIU/mL,2.6,24.9,NORMAL,2026-04-07
SUBJ120,WEEK8,CPEPTIDE,C-peptide,3.53,ng/mL,1.1,4.4,NORMAL,2026-04-07
SUBJ120,WEEK8,TC,Total cholesterol,195.22,mg/dL,125.0,200.0,NORMAL,2026-04-07
SUBJ120,WEEK8,LDL,LDL cholesterol,93.9,mg/dL,0.0,100.0,NORMAL,2026-04-07
SUBJ120,WEEK8,HDL,HDL cholesterol,39.34,mg/dL,40.0,999.0,ABNORMAL,2026-04-07
SUBJ120,WEEK8,TG,Triglycerides,135.76,mg/dL,0.0,150.0,NORMAL,2026-04-07
SUBJ120,WEEK8,ALT,Alanine aminotransferase,48.42,U/L,7.0,56.0,NORMAL,2026-04-07
SUBJ120,WEEK8,AST,Aspartate aminotransferase,24.4,U/L,10.0,40.0,NORMAL,2026-04-07
SUBJ120,WEEK8,CREAT,Creatinine,1.22,mg/dL,0.6,1.3,NORMAL,2026-04-07
SUBJ120,WEEK8,EGFR,Estimated glomerular filtration rate,67.6,mL/min/1.73m²,60.0,999.0,NORMAL,2026-04-07
SUBJ120,WEEK12,HBA1C,HbA1c,7.2,%,4.0,5.6,ABNORMAL,2026-05-06
SUBJ120,WEEK12,FPG,Fasting plasma glucose,187.93,mg/dL,70.0,99.0,ABNORMAL,2026-05-06
SUBJ120,WEEK12,INSULIN,Insulin,16.06,µIU/mL,2.6,24.9,NORMAL,2026-05-06
SUBJ120,WEEK12,CPEPTIDE,C-peptide,3.6,ng/mL,1.1,4.4,NORMAL,2026-05-06
SUBJ120,WEEK12,TC,Total cholesterol,208.81,mg/dL,125.0,200.0,ABNORMAL,2026-05-06
SUBJ120,WEEK12,LDL,LDL cholesterol,102.51,mg/dL,0.0,100.0,ABNORMAL,2026-05-06
SUBJ120,WEEK12,HDL,HDL cholesterol,41.83,mg/dL,40.0,999.0,NORMAL,2026-05-06
SUBJ120,WEEK12,TG,Triglycerides,113.67,mg/dL,0.0,150.0,NORMAL,2026-05-06
SUBJ120,WEEK12,ALT,Alanine aminotransferase,51.25,U/L,7.0,56.0,NORMAL,2026-05-06
SUBJ120,WEEK12,AST,Aspartate aminotransferase,24.48,U/L,10.0,40.0,NORMAL,2026-05-06
SUBJ120,WEEK12,CREAT,Creatinine,1.17,mg/dL,0.6,1.3,NORMAL,2026-05-06
SUBJ120,WEEK12,EGFR,Estimated glomerular filtration rate,67.55,mL/min/1.73m²,60.0,999.0,NORMAL,2026-05-06
