participant_id,visit_code,vital_code,vital_name,result,unit,measurement_date
SUBJ001,BASELINE,SYSBP,Systolic Blood Pressure,129.58,mmHg,2026-01-24
SUBJ001,BASELINE,DIABP,Diastolic Blood Pressure,89.29,mmHg,2026-01-24
SUBJ001,BASELINE,PULSE,Pulse Rate,74.09,bpm,2026-01-24
SUBJ001,BASELINE,TEMP,Temperature,36.39,°C,2026-01-24
SUBJ001,BASELINE,WEIGHT,Body Weight,64.94,kg,2026-01-24
SUBJ001,WEEK4,SYSBP,Systolic Blood Pressure,123.86,mmHg,2026-02-21
SUBJ001,WEEK4,DIABP,Diastolic Blood Pressure,90.24,mmHg,2026-02-21
SUBJ001,WEEK4,PULSE,Pulse Rate,66.62,bpm,2026-02-21
SUBJ001,WEEK4,TEMP,Temperature,36.41,°C,2026-02-21
SUBJ001,WEEK4,WEIGHT,Body Weight,64.95,kg,2026-02-21
SUBJ001,WEEK8,SYSBP,Systolic Blood Pressure,123.78,mmHg,2026-03-22
SUBJ001,WEEK8,DIABP,Diastolic Blood Pressure,85.48,mmHg,2026-03-22
SUBJ001,WEEK8,PULSE,Pulse Rate,73.62,bpm,2026-03-22
SUBJ001,WEEK8,TEMP,Temperature,36.57,°C,2026-03-22
SUBJ001,WEEK8,WEIGHT,Body Weight,64.24,kg,2026-03-22
SUBJ001,WEEK12,SYSBP,Systolic Blood Pressure,122.35,mmHg,2026-04-19
SUBJ001,WEEK12,DIABP,Diastolic Blood Pressure,88.97,mmHg,2026-04-19
SUBJ001,WEEK12,PULSE,Pulse Rate,75.79,bpm,2026-04-19
SUBJ001,WEEK12,TEMP,Temperature,36.47,°C,2026-04-19
SUBJ001,WEEK12,WEIGHT,Body Weight,64.56,kg,2026-04-19
SUBJ002,BASELINE,SYSBP,Systolic Blood Pressure,134.46,mmHg,2026-01-28
SUBJ002,BASELINE,DIABP,Diastolic Blood Pressure,87.92,mmHg,2026-01-28
SUBJ002,BASELINE,PULSE,Pulse Rate,78.0,bpm,2026-01-28
SUBJ002,BASELINE,TEMP,Temperature,37.01,°C,2026-01-28
SUBJ002,BASELINE,WEIGHT,Body Weight,78.67,kg,2026-01-28
SUBJ002,WEEK4,SYSBP,Systolic Blood Pressure,134.87,mmHg,2026-02-24
SUBJ002,WEEK4,DIABP,Diastolic Blood Pressure,85.37,mmHg,2026-02-24
SUBJ002,WEEK4,PULSE,Pulse Rate,72.35,bpm,2026-02-24
SUBJ002,WEEK4,TEMP,Temperature,37.04,°C,2026-02-24
SUBJ002,WEEK4,WEIGHT,Body Weight,77.13,kg,2026-02-24
SUBJ002,WEEK8,SYSBP,Systolic Blood Pressure,127.94,mmHg,2026-03-24
SUBJ002,WEEK8,DIABP,Diastolic Blood Pressure,86.47,mmHg,2026-03-24
SUBJ002,WEEK8,PULSE,Pulse Rate,75.38,bpm,2026-03-24
SUBJ002,WEEK8,TEMP,Temperature,36.9,°C,2026-03-24
SUBJ002,WEEK8,WEIGHT,Body Weight,76.61,kg,2026-03-24
SUBJ002,WEEK12,SYSBP,Systolic Blood Pressure,133.08,mmHg,2026-04-24
SUBJ002,WEEK12,DIABP,Diastolic Blood Pressure,85.79,mmHg,2026-04-24
SUBJ002,WEEK12,PULSE,Pulse Rate,77.92,bpm,2026-04-24
SUBJ002,WEEK12,TEMP,Temperature,37.02,°C,2026-04-24
SUBJ002,WEEK12,WEIGHT,Body Weight,76.43,kg,2026-04-24
SUBJ003,BASELINE,SYSBP,Systolic Blood Pressure,115.51,mmHg,2026-02-10
SUBJ003,BASELINE,DIABP,Diastolic Blood Pressure,86.83,mmHg,2026-02-10
SUBJ003,BASELINE,PULSE,Pulse Rate,79.68,bpm,2026-02-10
SUBJ003,BASELINE,TEMP,Temperature,36.4,°C,2026-02-10
SUBJ003,BASELINE,WEIGHT,Body Weight,75.63,kg,2026-02-10
SUBJ003,WEEK4,SYSBP,Systolic Blood Pressure,111.49,mmHg,2026-03-12
SUBJ003,WEEK4,DIABP,Diastolic Blood Pressure,88.63,mmHg,2026-03-12
SUBJ003,WEEK4,PULSE,Pulse Rate,72.48,bpm,2026-03-12
SUBJ003,WEEK4,TEMP,Temperature,36.51,°C,2026-03-12
SUBJ003,WEEK4,WEIGHT,Body Weight,74.12,kg,2026-03-12
SUBJ003,WEEK8,SYSBP,Systolic Blood Pressure,103.46,mmHg,2026-04-09
SUBJ003,WEEK8,DIABP,Diastolic Blood Pressure,88.46,mmHg,2026-04-09
SUBJ003,WEEK8,PULSE,Pulse Rate,74.48,bpm,2026-04-09
SUBJ003,WEEK8,TEMP,Temperature,36.49,°C,2026-04-09
SUBJ003,WEEK8,WEIGHT,Body Weight,72.79,kg,2026-04-09
SUBJ003,WEEK12,SYSBP,Systolic Blood Pressure,110.2,mmHg,2026-05-04
SUBJ003,WEEK12,DIABP,Diastolic Blood Pressure,80.17,mmHg,2026-05-04
SUBJ003,WEEK12,PULSE,Pulse Rate,81.01,bpm,2026-05-04
SUBJ003,WEEK12,TEMP,Temperature,36.51,°C,2026-05-04
SUBJ003,WEEK12,WEIGHT,Body Weight,72.15,kg,2026-05-04
SUBJ004,BASELINE,SYSBP,Systolic Blood Pressure,130.29,mmHg,2026-02-04
SUBJ004,BASELINE,DIABP,Diastolic Blood Pressure,71.02,mmHg,2026-02-04
SUBJ004,BASELINE,PULSE,Pulse Rate,79.93,bpm,2026-02-04
SUBJ004,BASELINE,TEMP,Temperature,36.84,°C,2026-02-04
SUBJ004,BASELINE,WEIGHT,Body Weight,81.1,kg,2026-02-04
SUBJ004,WEEK4,SYSBP,Systolic Blood Pressure,136.64,mmHg,2026-03-05
SUBJ004,WEEK4,DIABP,Diastolic Blood Pressure,70.61,mmHg,2026-03-05
SUBJ004,WEEK4,PULSE,Pulse Rate,78.27,bpm,2026-03-05
SUBJ004,WEEK4,TEMP,Temperature,36.95,°C,2026-03-05
SUBJ004,WEEK4,WEIGHT,Body Weight,81.11,kg,2026-03-05
SUBJ005,BASELINE,SYSBP,Systolic Blood Pressure,135.45,mmHg,2026-02-02
SUBJ005,BASELINE,DIABP,Diastolic Blood Pressure,79.57,mmHg,2026-02-02
SUBJ005,BASELINE,PULSE,Pulse Rate,76.59,bpm,2026-02-02
SUBJ005,BASELINE,TEMP,Temperature,36.34,°C,2026-02-02
SUBJ005,BASELINE,WEIGHT,Body Weight,75.49,kg,2026-02-02
SUBJ005,WEEK4,SYSBP,Systolic Blood Pressure,137.41,mmHg,2026-02-28
SUBJ005,WEEK4,DIABP,Diastolic Blood Pressure,74.17,mmHg,2026-02-28
SUBJ005,WEEK4,PULSE,Pulse Rate,75.27,bpm,2026-02-28
SUBJ005,WEEK4,TEMP,Temperature,36.31,°C,2026-02-28
SUBJ005,WEEK4,WEIGHT,Body Weight,74.94,kg,2026-02-28
SUBJ005,WEEK8,SYSBP,Systolic Blood Pressure,141.67,mmHg,2026-03-28
SUBJ005,WEEK8,DIABP,Diastolic Blood Pressure,77.31,mmHg,2026-03-28
SUBJ005,WEEK8,PULSE,Pulse Rate,78.09,bpm,2026-03-28
SUBJ005,WEEK8,TEMP,Temperature,36.32,°C,2026-03-28
SUBJ005,WEEK8,WEIGHT,Body Weight,74.45,kg,2026-03-28
SUBJ005,WEEK12,SYSBP,Systolic Blood Pressure,129.77,mmHg,2026-04-28
SUBJ005,WEEK12,DIABP,Diastolic Blood Pressure,82.05,mmHg,2026-04-28
SUBJ005,WEEK12,PULSE,Pulse Rate,75.63,bpm,2026-04-28
SUBJ005,WEEK12,TEMP,Temperature,36.24,°C,2026-04-28
SUBJ005,WEEK12,WEIGHT,Body Weight,74.58,kg,2026-04-28
SUBJ006,BASELINE,SYSBP,Systolic Blood Pressure,119.55,mmHg,2026-01-25
SUBJ006,BASELINE,DIABP,Diastolic Blood Pressure,84.93,mmHg,2026-01-25
SUBJ006,BASELINE,PULSE,Pulse Rate,79.16,bpm,2026-01-25
SUBJ006,BASELINE,TEMP,Temperature,36.43,°C,2026-01-25
SUBJ006,BASELINE,WEIGHT,Body Weight,59.66,kg,2026-01-25
SUBJ006,WEEK4,SYSBP,Systolic Blood Pressure,112.46,mmHg,2026-02-20
SUBJ006,WEEK4,DIABP,Diastolic Blood Pressure,84.56,mmHg,2026-02-20
SUBJ006,WEEK4,PULSE,Pulse Rate,77.29,bpm,2026-02-20
SUBJ006,WEEK4,TEMP,Temperature,36.48,°C,2026-02-20
SUBJ006,WEEK4,WEIGHT,Body Weight,58.96,kg,2026-02-20
SUBJ006,WEEK8,SYSBP,Systolic Blood Pressure,103.77,mmHg,2026-03-23
SUBJ006,WEEK8,DIABP,Diastolic Blood Pressure,86.75,mmHg,2026-03-23
SUBJ006,WEEK8,PULSE,Pulse Rate,85.24,bpm,2026-03-23
SUBJ006,WEEK8,TEMP,Temperature,36.44,°C,2026-03-23
SUBJ006,WEEK8,WEIGHT,Body Weight,57.33,kg,2026-03-23
SUBJ006,WEEK12,SYSBP,Systolic Blood Pressure,108.11,mmHg,2026-04-20
SUBJ006,WEEK12,DIABP,Diastolic Blood Pressure,84.44,mmHg,2026-04-20
SUBJ006,WEEK12,PULSE,Pulse Rate,79.51,bpm,2026-04-20
SUBJ006,WEEK12,TEMP,Temperature,36.47,°C,2026-04-20
SUBJ006,WEEK12,WEIGHT,Body Weight,56.57,kg,2026-04-20
SUBJ007,BASELINE,SYSBP,Systolic Blood Pressure,121.09,mmHg,2026-01-11
SUBJ007,BASELINE,DIABP,Diastolic Blood Pressure,77.11,mmHg,2026-01-11
SUBJ007,BASELINE,PULSE,Pulse Rate,85.19,bpm,2026-01-11
SUBJ007,BASELINE,TEMP,Temperature,36.7,°C,2026-01-11
SUBJ007,BASELINE,WEIGHT,Body Weight,72.85,kg,2026-01-11
SUBJ007,WEEK4,SYSBP,Systolic Blood Pressure,113.09,mmHg,2026-02-09
SUBJ007,WEEK4,DIABP,Diastolic Blood Pressure,76.29,mmHg,2026-02-09
SUBJ007,WEEK4,PULSE,Pulse Rate,83.54,bpm,2026-02-09
SUBJ007,WEEK4,TEMP,Temperature,36.71,°C,2026-02-09
SUBJ007,WEEK4,WEIGHT,Body Weight,72.49,kg,2026-02-09
SUBJ007,WEEK8,SYSBP,Systolic Blood Pressure,128.76,mmHg,2026-03-10
SUBJ007,WEEK8,DIABP,Diastolic Blood Pressure,73.43,mmHg,2026-03-10
SUBJ007,WEEK8,PULSE,Pulse Rate,84.92,bpm,2026-03-10
SUBJ007,WEEK8,TEMP,Temperature,36.77,°C,2026-03-10
SUBJ007,WEEK8,WEIGHT,Body Weight,72.5,kg,2026-03-10
SUBJ007,WEEK12,SYSBP,Systolic Blood Pressure,112.98,mmHg,2026-04-03
SUBJ007,WEEK12,DIABP,Diastolic Blood Pressure,76.14,mmHg,2026-04-03
SUBJ007,WEEK12,PULSE,Pulse Rate,84.3,bpm,2026-04-03
SUBJ007,WEEK12,TEMP,Temperature,36.58,°C,2026-04-03
SUBJ007,WEEK12,WEIGHT,Body Weight,72.38,kg,2026-04-03
SUBJ008,BASELINE,SYSBP,Systolic Blood Pressure,128.19,mmHg,2026-02-03
SUBJ008,BASELINE,DIABP,Diastolic Blood Pressure,87.91,mmHg,2026-02-03
SUBJ008,BASELINE,PULSE,Pulse Rate,59.73,bpm,2026-02-03
SUBJ008,BASELINE,TEMP,Temperature,36.29,°C,2026-02-03
SUBJ008,BASELINE,WEIGHT,Body Weight,76.14,kg,2026-02-03
SUBJ008,WEEK4,SYSBP,Systolic Blood Pressure,132.04,mmHg,2026-03-01
SUBJ008,WEEK4,DIABP,Diastolic Blood Pressure,85.23,mmHg,2026-03-01
SUBJ008,WEEK4,PULSE,Pulse Rate,58.58,bpm,2026-03-01
SUBJ008,WEEK4,TEMP,Temperature,36.35,°C,2026-03-01
SUBJ008,WEEK4,WEIGHT,Body Weight,75.48,kg,2026-03-01
SUBJ008,WEEK8,SYSBP,Systolic Blood Pressure,135.63,mmHg,2026-04-02
SUBJ008,WEEK8,DIABP,Diastolic Blood Pressure,89.98,mmHg,2026-04-02
SUBJ008,WEEK8,PULSE,Pulse Rate,52.12,bpm,2026-04-02
SUBJ008,WEEK8,TEMP,Temperature,36.41,°C,2026-04-02
SUBJ008,WEEK8,WEIGHT,Body Weight,74.93,kg,2026-04-02
SUBJ008,WEEK12,SYSBP,Systolic Blood Pressure,127.53,mmHg,2026-04-26
SUBJ008,WEEK12,DIABP,Diastolic Blood Pressure,83.02,mmHg,2026-04-26
SUBJ008,WEEK12,PULSE,Pulse Rate,58.25,bpm,2026-04-26
SUBJ008,WEEK12,TEMP,Temperature,36.33,°C,2026-04-26
SUBJ008,WEEK12,WEIGHT,Body Weight,73.31,kg,2026-04-26
SUBJ009,BASELINE,SYSBP,Systolic Blood Pressure,121.74,mmHg,2026-01-29
SUBJ009,BASELINE,DIABP,Diastolic Blood Pressure,72.8,mmHg,2026-01-29
SUBJ009,BASELINE,PULSE,Pulse Rate,56.73,bpm,2026-01-29
SUBJ009,BASELINE,TEMP,Temperature,37.3,°C,2026-01-29
SUBJ009,BASELINE,WEIGHT,Body Weight,63.2,kg,2026-01-29
SUBJ009,WEEK4,SYSBP,Systolic Blood Pressure,119.97,mmHg,2026-02-25
SUBJ009,WEEK4,DIABP,Diastolic Blood Pressure,70.6,mmHg,2026-02-25
SUBJ009,WEEK4,PULSE,Pulse Rate,56.16,bpm,2026-02-25
SUBJ009,WEEK4,TEMP,Temperature,37.34,°C,2026-02-25
SUBJ009,WEEK4,WEIGHT,Body Weight,62.15,kg,2026-02-25
SUBJ009,WEEK8,SYSBP,Systolic Blood Pressure,123.04,mmHg,2026-03-24
SUBJ009,WEEK8,DIABP,Diastolic Blood Pressure,71.13,mmHg,2026-03-24
SUBJ009,WEEK8,PULSE,Pulse Rate,61.71,bpm,2026-03-24
SUBJ009,WEEK8,TEMP,Temperature,37.47,°C,2026-03-24
SUBJ009,WEEK8,WEIGHT,Body Weight,60.82,kg,2026-03-24
SUBJ009,WEEK12,SYSBP,Systolic Blood Pressure,121.6,mmHg,2026-04-21
SUBJ009,WEEK12,DIABP,Diastolic Blood Pressure,68.22,mmHg,2026-04-21
SUBJ009,WEEK12,PULSE,Pulse Rate,63.08,bpm,2026-04-21
SUBJ009,WEEK12,TEMP,Temperature,37.38,°C,2026-04-21
SUBJ009,WEEK12,WEIGHT,Body Weight,59.84,kg,2026-04-21
SUBJ010,BASELINE,SYSBP,Systolic Blood Pressure,117.24,mmHg,2026-01-17
SUBJ010,BASELINE,DIABP,Diastolic Blood Pressure,82.4,mmHg,2026-01-17
SUBJ010,BASELINE,PULSE,Pulse Rate,80.83,bpm,2026-01-17
SUBJ010,BASELINE,TEMP,Temperature,37.15,°C,2026-01-17
SUBJ010,BASELINE,WEIGHT,Body Weight,87.2,kg,2026-01-17
SUBJ010,WEEK4,SYSBP,Systolic Blood Pressure,125.79,mmHg,2026-02-14
SUBJ010,WEEK4,DIABP,Diastolic Blood Pressure,84.66,mmHg,2026-02-14
SUBJ010,WEEK4,PULSE,Pulse Rate,70.94,bpm,2026-02-14
SUBJ010,WEEK4,TEMP,Temperature,36.93,°C,2026-02-14
SUBJ010,WEEK4,WEIGHT,Body Weight,86.79,kg,2026-02-14
SUBJ010,WEEK8,SYSBP,Systolic Blood Pressure,117.51,mmHg,2026-03-13
SUBJ010,WEEK8,DIABP,Diastolic Blood Pressure,86.69,mmHg,2026-03-13
SUBJ010,WEEK8,PULSE,Pulse Rate,75.71,bpm,2026-03-13
SUBJ010,WEEK8,TEMP,Temperature,36.87,°C,2026-03-13
SUBJ010,WEEK8,WEIGHT,Body Weight,86.19,kg,2026-03-13
SUBJ010,WEEK12,SYSBP,Systolic Blood Pressure,120.85,mmHg,2026-04-12
SUBJ010,WEEK12,DIABP,Diastolic Blood Pressure,87.69,mmHg,2026-04-12
SUBJ010,WEEK12,PULSE,Pulse Rate,73.51,bpm,2026-04-12
SUBJ010,WEEK12,TEMP,Temperature,36.91,°C,2026-04-12
SUBJ010,WEEK12,WEIGHT,Body Weight,85.22,kg,2026-04-12
SUBJ011,BASELINE,SYSBP,Systolic Blood Pressure,128.71,mmHg,2026-01-13
SUBJ011,BASELINE,DIABP,Diastolic Blood Pressure,83.54,mmHg,2026-01-13
SUBJ011,BASELINE,PULSE,Pulse Rate,75.76,bpm,2026-01-13
SUBJ011,BASELINE,TEMP,Temperature,36.54,°C,2026-01-13
SUBJ011,BASELINE,WEIGHT,Body Weight,73.03,kg,2026-01-13
SUBJ011,WEEK4,SYSBP,Systolic Blood Pressure,130.5,mmHg,2026-02-11
SUBJ011,WEEK4,DIABP,Diastolic Blood Pressure,77.8,mmHg,2026-02-11
SUBJ011,WEEK4,PULSE,Pulse Rate,76.18,bpm,2026-02-11
SUBJ011,WEEK4,TEMP,Temperature,36.46,°C,2026-02-11
SUBJ011,WEEK4,WEIGHT,Body Weight,71.86,kg,2026-02-11
SUBJ011,WEEK8,SYSBP,Systolic Blood Pressure,131.65,mmHg,2026-03-12
SUBJ011,WEEK8,DIABP,Diastolic Blood Pressure,80.21,mmHg,2026-03-12
SUBJ011,WEEK8,PULSE,Pulse Rate,74.26,bpm,2026-03-12
SUBJ011,WEEK8,TEMP,Temperature,36.65,°C,2026-03-12
SUBJ011,WEEK8,WEIGHT,Body Weight,71.52,kg,2026-03-12
SUBJ011,WEEK12,SYSBP,Systolic Blood Pressure,126.34,mmHg,2026-04-06
SUBJ011,WEEK12,DIABP,Diastolic Blood Pressure,74.54,mmHg,2026-04-06
SUBJ011,WEEK12,PULSE,Pulse Rate,77.67,bpm,2026-04-06
SUBJ011,WEEK12,TEMP,Temperature,36.57,°C,2026-04-06
SUBJ011,WEEK12,WEIGHT,Body Weight,70.8,kg,2026-04-06
SUBJ012,BASELINE,SYSBP,Systolic Blood Pressure,141.16,mmHg,2026-01-11
SUBJ012,BASELINE,DIABP,Diastolic Blood Pressure,86.58,mmHg,2026-01-11
SUBJ012,BASELINE,PULSE,Pulse Rate,55.87,bpm,2026-01-11
SUBJ012,BASELINE,TEMP,Temperature,36.83,°C,2026-01-11
SUBJ012,BASELINE,WEIGHT,Body Weight,86.13,kg,2026-01-11
SUBJ012,WEEK4,SYSBP,Systolic Blood Pressure,139.97,mmHg,2026-02-09
SUBJ012,WEEK4,DIABP,Diastolic Blood Pressure,76.37,mmHg,2026-02-09
SUBJ012,WEEK4,PULSE,Pulse Rate,59.43,bpm,2026-02-09
SUBJ012,WEEK4,TEMP,Temperature,36.92,°C,2026-02-09
SUBJ012,WEEK4,WEIGHT,Body Weight,85.3,kg,2026-02-09
SUBJ012,WEEK8,SYSBP,Systolic Blood Pressure,136.03,mmHg,2026-03-07
SUBJ012,WEEK8,DIABP,Diastolic Blood Pressure,85.46,mmHg,2026-03-07
SUBJ012,WEEK8,PULSE,Pulse Rate,59.21,bpm,2026-03-07
SUBJ012,WEEK8,TEMP,Temperature,36.9,°C,2026-03-07
SUBJ012,WEEK8,WEIGHT,Body Weight,84.57,kg,2026-03-07
SUBJ012,WEEK12,SYSBP,Systolic Blood Pressure,134.82,mmHg,2026-04-07
SUBJ012,WEEK12,DIABP,Diastolic Blood Pressure,83.44,mmHg,2026-04-07
SUBJ012,WEEK12,PULSE,Pulse Rate,58.23,bpm,2026-04-07
SUBJ012,WEEK12,TEMP,Temperature,36.91,°C,2026-04-07
SUBJ012,WEEK12,WEIGHT,Body Weight,83.3,kg,2026-04-07
SUBJ013,BASELINE,SYSBP,Systolic Blood Pressure,130.67,mmHg,2026-01-24
SUBJ013,BASELINE,DIABP,Diastolic Blood Pressure,62.84,mmHg,2026-01-24
SUBJ013,BASELINE,PULSE,Pulse Rate,68.66,bpm,2026-01-24
SUBJ013,BASELINE,TEMP,Temperature,36.92,°C,2026-01-24
SUBJ013,BASELINE,WEIGHT,Body Weight,65.71,kg,2026-01-24
SUBJ013,WEEK4,SYSBP,Systolic Blood Pressure,137.47,mmHg,2026-02-23
SUBJ013,WEEK4,DIABP,Diastolic Blood Pressure,64.26,mmHg,2026-02-23
SUBJ013,WEEK4,PULSE,Pulse Rate,67.68,bpm,2026-02-23
SUBJ013,WEEK4,TEMP,Temperature,36.86,°C,2026-02-23
SUBJ013,WEEK4,WEIGHT,Body Weight,65.08,kg,2026-02-23
SUBJ013,WEEK8,SYSBP,Systolic Blood Pressure,127.66,mmHg,2026-03-22
SUBJ013,WEEK8,DIABP,Diastolic Blood Pressure,66.32,mmHg,2026-03-22
SUBJ013,WEEK8,PULSE,Pulse Rate,69.18,bpm,2026-03-22
SUBJ013,WEEK8,TEMP,Temperature,36.9,°C,2026-03-22
SUBJ013,WEEK8,WEIGHT,Body Weight,65.36,kg,2026-03-22
SUBJ013,WEEK12,SYSBP,Systolic Blood Pressure,125.14,mmHg,2026-04-16
SUBJ013,WEEK12,DIABP,Diastolic Blood Pressure,61.61,mmHg,2026-04-16
SUBJ013,WEEK12,PULSE,Pulse Rate,76.25,bpm,2026-04-16
SUBJ013,WEEK12,TEMP,Temperature,36.8,°C,2026-04-16
SUBJ013,WEEK12,WEIGHT,Body Weight,64.11,kg,2026-04-16
SUBJ014,BASELINE,SYSBP,Systolic Blood Pressure,134.9,mmHg,2026-01-11
SUBJ014,BASELINE,DIABP,Diastolic Blood Pressure,88.47,mmHg,2026-01-11
SUBJ014,BASELINE,PULSE,Pulse Rate,67.39,bpm,2026-01-11
SUBJ014,BASELINE,TEMP,Temperature,36.61,°C,2026-01-11
SUBJ014,BASELINE,WEIGHT,Body Weight,106.4,kg,2026-01-11
SUBJ014,WEEK4,SYSBP,Systolic Blood Pressure,132.57,mmHg,2026-02-08
SUBJ014,WEEK4,DIABP,Diastolic Blood Pressure,87.01,mmHg,2026-02-08
SUBJ014,WEEK4,PULSE,Pulse Rate,70.71,bpm,2026-02-08
SUBJ014,WEEK4,TEMP,Temperature,36.74,°C,2026-02-08
SUBJ014,WEEK4,WEIGHT,Body Weight,105.61,kg,2026-02-08
SUBJ014,WEEK8,SYSBP,Systolic Blood Pressure,132.05,mmHg,2026-03-09
SUBJ014,WEEK8,DIABP,Diastolic Blood Pressure,80.86,mmHg,2026-03-09
SUBJ014,WEEK8,PULSE,Pulse Rate,65.65,bpm,2026-03-09
SUBJ014,WEEK8,TEMP,Temperature,36.81,°C,2026-03-09
SUBJ014,WEEK8,WEIGHT,Body Weight,104.63,kg,2026-03-09
SUBJ014,WEEK12,SYSBP,Systolic Blood Pressure,130.72,mmHg,2026-04-06
SUBJ014,WEEK12,DIABP,Diastolic Blood Pressure,81.4,mmHg,2026-04-06
SUBJ014,WEEK12,PULSE,Pulse Rate,63.93,bpm,2026-04-06
SUBJ014,WEEK12,TEMP,Temperature,36.74,°C,2026-04-06
SUBJ014,WEEK12,WEIGHT,Body Weight,103.5,kg,2026-04-06
SUBJ015,BASELINE,SYSBP,Systolic Blood Pressure,128.92,mmHg,2026-01-12
SUBJ015,BASELINE,DIABP,Diastolic Blood Pressure,88.61,mmHg,2026-01-12
SUBJ015,BASELINE,PULSE,Pulse Rate,96.59,bpm,2026-01-12
SUBJ015,BASELINE,TEMP,Temperature,36.7,°C,2026-01-12
SUBJ015,BASELINE,WEIGHT,Body Weight,104.92,kg,2026-01-12
SUBJ015,WEEK4,SYSBP,Systolic Blood Pressure,136.66,mmHg,2026-02-08
SUBJ015,WEEK4,DIABP,Diastolic Blood Pressure,90.39,mmHg,2026-02-08
SUBJ015,WEEK4,PULSE,Pulse Rate,91.79,bpm,2026-02-08
SUBJ015,WEEK4,TEMP,Temperature,36.89,°C,2026-02-08
SUBJ015,WEEK4,WEIGHT,Body Weight,104.48,kg,2026-02-08
SUBJ015,WEEK8,SYSBP,Systolic Blood Pressure,126.27,mmHg,2026-03-11
SUBJ015,WEEK8,DIABP,Diastolic Blood Pressure,89.83,mmHg,2026-03-11
SUBJ015,WEEK8,PULSE,Pulse Rate,90.4,bpm,2026-03-11
SUBJ015,WEEK8,TEMP,Temperature,36.92,°C,2026-03-11
SUBJ015,WEEK8,WEIGHT,Body Weight,103.29,kg,2026-03-11
SUBJ015,WEEK12,SYSBP,Systolic Blood Pressure,122.34,mmHg,2026-04-06
SUBJ015,WEEK12,DIABP,Diastolic Blood Pressure,91.86,mmHg,2026-04-06
SUBJ015,WEEK12,PULSE,Pulse Rate,96.14,bpm,2026-04-06
SUBJ015,WEEK12,TEMP,Temperature,36.89,°C,2026-04-06
SUBJ015,WEEK12,WEIGHT,Body Weight,101.83,kg,2026-04-06
SUBJ016,BASELINE,SYSBP,Systolic Blood Pressure,134.16,mmHg,2026-01-11
SUBJ016,BASELINE,DIABP,Diastolic Blood Pressure,76.9,mmHg,2026-01-11
SUBJ016,BASELINE,PULSE,Pulse Rate,81.03,bpm,2026-01-11
SUBJ016,BASELINE,TEMP,Temperature,37.04,°C,2026-01-11
SUBJ016,BASELINE,WEIGHT,Body Weight,55.91,kg,2026-01-11
SUBJ016,WEEK4,SYSBP,Systolic Blood Pressure,128.87,mmHg,2026-02-10
SUBJ016,WEEK4,DIABP,Diastolic Blood Pressure,78.73,mmHg,2026-02-10
SUBJ016,WEEK4,PULSE,Pulse Rate,77.53,bpm,2026-02-10
SUBJ016,WEEK4,TEMP,Temperature,37.02,°C,2026-02-10
SUBJ016,WEEK4,WEIGHT,Body Weight,56.03,kg,2026-02-10
SUBJ016,WEEK8,SYSBP,Systolic Blood Pressure,127.72,mmHg,2026-03-09
SUBJ016,WEEK8,DIABP,Diastolic Blood Pressure,72.94,mmHg,2026-03-09
SUBJ016,WEEK8,PULSE,Pulse Rate,76.08,bpm,2026-03-09
SUBJ016,WEEK8,TEMP,Temperature,36.93,°C,2026-03-09
SUBJ016,WEEK8,WEIGHT,Body Weight,54.94,kg,2026-03-09
SUBJ016,WEEK12,SYSBP,Systolic Blood Pressure,133.7,mmHg,2026-04-06
SUBJ016,WEEK12,DIABP,Diastolic Blood Pressure,65.55,mmHg,2026-04-06
SUBJ016,WEEK12,PULSE,Pulse Rate,72.8,bpm,2026-04-06
SUBJ016,WEEK12,TEMP,Temperature,36.97,°C,2026-04-06
SUBJ016,WEEK12,WEIGHT,Body Weight,53.65,kg,2026-04-06
SUBJ017,BASELINE,SYSBP,Systolic Blood Pressure,150.98,mmHg,2026-01-31
SUBJ017,BASELINE,DIABP,Diastolic Blood Pressure,83.95,mmHg,2026-01-31
SUBJ017,BASELINE,PULSE,Pulse Rate,78.23,bpm,2026-01-31
SUBJ017,BASELINE,TEMP,Temperature,36.86,°C,2026-01-31
SUBJ017,BASELINE,WEIGHT,Body Weight,55.59,kg,2026-01-31
SUBJ017,WEEK4,SYSBP,Systolic Blood Pressure,151.62,mmHg,2026-02-27
SUBJ017,WEEK4,DIABP,Diastolic Blood Pressure,86.48,mmHg,2026-02-27
SUBJ017,WEEK4,PULSE,Pulse Rate,80.23,bpm,2026-02-27
SUBJ017,WEEK4,TEMP,Temperature,36.95,°C,2026-02-27
SUBJ017,WEEK4,WEIGHT,Body Weight,54.73,kg,2026-02-27
SUBJ018,BASELINE,SYSBP,Systolic Blood Pressure,131.89,mmHg,2026-01-28
SUBJ018,BASELINE,DIABP,Diastolic Blood Pressure,73.58,mmHg,2026-01-28
SUBJ018,BASELINE,PULSE,Pulse Rate,72.7,bpm,2026-01-28
SUBJ018,BASELINE,TEMP,Temperature,36.72,°C,2026-01-28
SUBJ018,BASELINE,WEIGHT,Body Weight,75.94,kg,2026-01-28
SUBJ018,WEEK4,SYSBP,Systolic Blood Pressure,130.07,mmHg,2026-02-26
SUBJ018,WEEK4,DIABP,Diastolic Blood Pressure,70.19,mmHg,2026-02-26
SUBJ018,WEEK4,PULSE,Pulse Rate,77.97,bpm,2026-02-26
SUBJ018,WEEK4,TEMP,Temperature,36.66,°C,2026-02-26
SUBJ018,WEEK4,WEIGHT,Body Weight,75.01,kg,2026-02-26
SUBJ018,WEEK8,SYSBP,Systolic Blood Pressure,127.33,mmHg,2026-03-27
SUBJ018,WEEK8,DIABP,Diastolic Blood Pressure,77.03,mmHg,2026-03-27
SUBJ018,WEEK8,PULSE,Pulse Rate,70.42,bpm,2026-03-27
SUBJ018,WEEK8,TEMP,Temperature,36.68,°C,2026-03-27
SUBJ018,WEEK8,WEIGHT,Body Weight,74.17,kg,2026-03-27
SUBJ018,WEEK12,SYSBP,Systolic Blood Pressure,136.25,mmHg,2026-04-20
SUBJ018,WEEK12,DIABP,Diastolic Blood Pressure,74.17,mmHg,2026-04-20
SUBJ018,WEEK12,PULSE,Pulse Rate,75.29,bpm,2026-04-20
SUBJ018,WEEK12,TEMP,Temperature,36.7,°C,2026-04-20
SUBJ018,WEEK12,WEIGHT,Body Weight,72.55,kg,2026-04-20
SUBJ019,BASELINE,SYSBP,Systolic Blood Pressure,160.52,mmHg,2026-01-14
SUBJ019,BASELINE,DIABP,Diastolic Blood Pressure,89.32,mmHg,2026-01-14
SUBJ019,BASELINE,PULSE,Pulse Rate,84.33,bpm,2026-01-14
SUBJ019,BASELINE,TEMP,Temperature,36.64,°C,2026-01-14
SUBJ019,BASELINE,WEIGHT,Body Weight,74.19,kg,2026-01-14
SUBJ019,WEEK4,SYSBP,Systolic Blood Pressure,154.5,mmHg,2026-02-13
SUBJ019,WEEK4,DIABP,Diastolic Blood Pressure,89.42,mmHg,2026-02-13
SUBJ019,WEEK4,PULSE,Pulse Rate,87.56,bpm,2026-02-13
SUBJ019,WEEK4,TEMP,Temperature,36.78,°C,2026-02-13
SUBJ019,WEEK4,WEIGHT,Body Weight,73.3,kg,2026-02-13
SUBJ019,WEEK8,SYSBP,Systolic Blood Pressure,146.6,mmHg,2026-03-13
SUBJ019,WEEK8,DIABP,Diastolic Blood Pressure,88.24,mmHg,2026-03-13
SUBJ019,WEEK8,PULSE,Pulse Rate,83.44,bpm,2026-03-13
SUBJ019,WEEK8,TEMP,Temperature,36.81,°C,2026-03-13
SUBJ019,WEEK8,WEIGHT,Body Weight,73.08,kg,2026-03-13
SUBJ019,WEEK12,SYSBP,Systolic Blood Pressure,145.31,mmHg,2026-04-10
SUBJ019,WEEK12,DIABP,Diastolic Blood Pressure,88.23,mmHg,2026-04-10
SUBJ019,WEEK12,PULSE,Pulse Rate,84.23,bpm,2026-04-10
SUBJ019,WEEK12,TEMP,Temperature,36.7,°C,2026-04-10
SUBJ019,WEEK12,WEIGHT,Body Weight,72.13,kg,2026-04-10
SUBJ020,BASELINE,SYSBP,Systolic Blood Pressure,130.95,mmHg,2026-01-27
SUBJ020,BASELINE,DIABP,Diastolic Blood Pressure,56.66,mmHg,2026-01-27
SUBJ020,BASELINE,PULSE,Pulse Rate,71.03,bpm,2026-01-27
SUBJ020,BASELINE,TEMP,Temperature,36.25,°C,2026-01-27
SUBJ020,BASELINE,WEIGHT,Body Weight,73.39,kg,2026-01-27
SUBJ020,WEEK4,SYSBP,Systolic Blood Pressure,132.12,mmHg,2026-02-22
SUBJ020,WEEK4,DIABP,Diastolic Blood Pressure,58.39,mmHg,2026-02-22
SUBJ020,WEEK4,PULSE,Pulse Rate,69.66,bpm,2026-02-22
SUBJ020,WEEK4,TEMP,Temperature,36.13,°C,2026-02-22
SUBJ020,WEEK4,WEIGHT,Body Weight,72.47,kg,2026-02-22
SUBJ020,WEEK8,SYSBP,Systolic Blood Pressure,133.64,mmHg,2026-03-24
SUBJ020,WEEK8,DIABP,Diastolic Blood Pressure,59.2,mmHg,2026-03-24
SUBJ020,WEEK8,PULSE,Pulse Rate,72.54,bpm,2026-03-24
SUBJ020,WEEK8,TEMP,Temperature,36.2,°C,2026-03-24
SUBJ020,WEEK8,WEIGHT,Body Weight,71.27,kg,2026-03-24
SUBJ020,WEEK12,SYSBP,Systolic Blood Pressure,134.25,mmHg,2026-04-21
SUBJ020,WEEK12,DIABP,Diastolic Blood Pressure,59.76,mmHg,2026-04-21
SUBJ020,WEEK12,PULSE,Pulse Rate,71.79,bpm,2026-04-21
SUBJ020,WEEK12,TEMP,Temperature,36.31,°C,2026-04-21
SUBJ020,WEEK12,WEIGHT,Body Weight,70.24,kg,2026-04-21
SUBJ021,BASELINE,SYSBP,Systolic Blood Pressure,134.29,mmHg,2026-02-06
SUBJ021,BASELINE,DIABP,Diastolic Blood Pressure,87.35,mmHg,2026-02-06
SUBJ021,BASELINE,PULSE,Pulse Rate,81.93,bpm,2026-02-06
SUBJ021,BASELINE,TEMP,Temperature,36.99,°C,2026-02-06
SUBJ021,BASELINE,WEIGHT,Body Weight,68.72,kg,2026-02-06
SUBJ021,WEEK4,SYSBP,Systolic Blood Pressure,129.41,mmHg,2026-03-06
SUBJ021,WEEK4,DIABP,Diastolic Blood Pressure,89.84,mmHg,2026-03-06
SUBJ021,WEEK4,PULSE,Pulse Rate,79.94,bpm,2026-03-06
SUBJ021,WEEK4,TEMP,Temperature,36.79,°C,2026-03-06
SUBJ021,WEEK4,WEIGHT,Body Weight,67.95,kg,2026-03-06
SUBJ021,WEEK8,SYSBP,Systolic Blood Pressure,122.41,mmHg,2026-04-04
SUBJ021,WEEK8,DIABP,Diastolic Blood Pressure,85.82,mmHg,2026-04-04
SUBJ021,WEEK8,PULSE,Pulse Rate,79.36,bpm,2026-04-04
SUBJ021,WEEK8,TEMP,Temperature,37.03,°C,2026-04-04
SUBJ021,WEEK8,WEIGHT,Body Weight,66.24,kg,2026-04-04
SUBJ021,WEEK12,SYSBP,Systolic Blood Pressure,127.08,mmHg,2026-05-02
SUBJ021,WEEK12,DIABP,Diastolic Blood Pressure,90.34,mmHg,2026-05-02
SUBJ021,WEEK12,PULSE,Pulse Rate,78.48,bpm,2026-05-02
SUBJ021,WEEK12,TEMP,Temperature,36.86,°C,2026-05-02
SUBJ021,WEEK12,WEIGHT,Body Weight,66.12,kg,2026-05-02
SUBJ022,BASELINE,SYSBP,Systolic Blood Pressure,120.15,mmHg,2026-01-25
SUBJ022,BASELINE,DIABP,Diastolic Blood Pressure,87.2,mmHg,2026-01-25
SUBJ022,BASELINE,PULSE,Pulse Rate,63.7,bpm,2026-01-25
SUBJ022,BASELINE,TEMP,Temperature,36.63,°C,2026-01-25
SUBJ022,BASELINE,WEIGHT,Body Weight,100.71,kg,2026-01-25
SUBJ022,WEEK4,SYSBP,Systolic Blood Pressure,120.76,mmHg,2026-02-22
SUBJ022,WEEK4,DIABP,Diastolic Blood Pressure,88.11,mmHg,2026-02-22
SUBJ022,WEEK4,PULSE,Pulse Rate,62.51,bpm,2026-02-22
SUBJ022,WEEK4,TEMP,Temperature,36.55,°C,2026-02-22
SUBJ022,WEEK4,WEIGHT,Body Weight,101.12,kg,2026-02-22
SUBJ022,WEEK8,SYSBP,Systolic Blood Pressure,117.51,mmHg,2026-03-21
SUBJ022,WEEK8,DIABP,Diastolic Blood Pressure,87.11,mmHg,2026-03-21
SUBJ022,WEEK8,PULSE,Pulse Rate,70.92,bpm,2026-03-21
SUBJ022,WEEK8,TEMP,Temperature,36.53,°C,2026-03-21
SUBJ022,WEEK8,WEIGHT,Body Weight,99.89,kg,2026-03-21
SUBJ022,WEEK12,SYSBP,Systolic Blood Pressure,118.32,mmHg,2026-04-21
SUBJ022,WEEK12,DIABP,Diastolic Blood Pressure,85.32,mmHg,2026-04-21
SUBJ022,WEEK12,PULSE,Pulse Rate,70.69,bpm,2026-04-21
SUBJ022,WEEK12,TEMP,Temperature,36.61,°C,2026-04-21
SUBJ022,WEEK12,WEIGHT,Body Weight,98.03,kg,2026-04-21
SUBJ023,BASELINE,SYSBP,Systolic Blood Pressure,161.28,mmHg,2026-01-24
SUBJ023,BASELINE,DIABP,Diastolic Blood Pressure,95.66,mmHg,2026-01-24
SUBJ023,BASELINE,PULSE,Pulse Rate,66.86,bpm,2026-01-24
SUBJ023,BASELINE,TEMP,Temperature,36.39,°C,2026-01-24
SUBJ023,BASELINE,WEIGHT,Body Weight,74.75,kg,2026-01-24
SUBJ023,WEEK4,SYSBP,Systolic Blood Pressure,147.35,mmHg,2026-02-22
SUBJ023,WEEK4,DIABP,Diastolic Blood Pressure,84.97,mmHg,2026-02-22
SUBJ023,WEEK4,PULSE,Pulse Rate,67.95,bpm,2026-02-22
SUBJ023,WEEK4,TEMP,Temperature,36.36,°C,2026-02-22
SUBJ023,WEEK4,WEIGHT,Body Weight,73.0,kg,2026-02-22
SUBJ023,WEEK8,SYSBP,Systolic Blood Pressure,149.45,mmHg,2026-03-20
SUBJ023,WEEK8,DIABP,Diastolic Blood Pressure,90.5,mmHg,2026-03-20
SUBJ023,WEEK8,PULSE,Pulse Rate,73.01,bpm,2026-03-20
SUBJ023,WEEK8,TEMP,Temperature,36.43,°C,2026-03-20
SUBJ023,WEEK8,WEIGHT,Body Weight,71.98,kg,2026-03-20
SUBJ023,WEEK12,SYSBP,Systolic Blood Pressure,150.69,mmHg,2026-04-20
SUBJ023,WEEK12,DIABP,Diastolic Blood Pressure,86.84,mmHg,2026-04-20
SUBJ023,WEEK12,PULSE,Pulse Rate,74.11,bpm,2026-04-20
SUBJ023,WEEK12,TEMP,Temperature,36.18,°C,2026-04-20
SUBJ023,WEEK12,WEIGHT,Body Weight,71.69,kg,2026-04-20
SUBJ024,BASELINE,SYSBP,Systolic Blood Pressure,135.75,mmHg,2026-02-10
SUBJ024,BASELINE,DIABP,Diastolic Blood Pressure,90.53,mmHg,2026-02-10
SUBJ024,BASELINE,PULSE,Pulse Rate,57.13,bpm,2026-02-10
SUBJ024,BASELINE,TEMP,Temperature,36.46,°C,2026-02-10
SUBJ024,BASELINE,WEIGHT,Body Weight,87.54,kg,2026-02-10
SUBJ024,WEEK4,SYSBP,Systolic Blood Pressure,143.21,mmHg,2026-03-11
SUBJ024,WEEK4,DIABP,Diastolic Blood Pressure,90.77,mmHg,2026-03-11
SUBJ024,WEEK4,PULSE,Pulse Rate,56.94,bpm,2026-03-11
SUBJ024,WEEK4,TEMP,Temperature,36.46,°C,2026-03-11
SUBJ024,WEEK4,WEIGHT,Body Weight,86.27,kg,2026-03-11
SUBJ024,WEEK8,SYSBP,Systolic Blood Pressure,140.45,mmHg,2026-04-07
SUBJ024,WEEK8,DIABP,Diastolic Blood Pressure,90.96,mmHg,2026-04-07
SUBJ024,WEEK8,PULSE,Pulse Rate,51.58,bpm,2026-04-07
SUBJ024,WEEK8,TEMP,Temperature,36.61,°C,2026-04-07
SUBJ024,WEEK8,WEIGHT,Body Weight,85.35,kg,2026-04-07
SUBJ024,WEEK12,SYSBP,Systolic Blood Pressure,136.69,mmHg,2026-05-03
SUBJ024,WEEK12,DIABP,Diastolic Blood Pressure,89.61,mmHg,2026-05-03
SUBJ024,WEEK12,PULSE,Pulse Rate,57.27,bpm,2026-05-03
SUBJ024,WEEK12,TEMP,Temperature,36.49,°C,2026-05-03
SUBJ024,WEEK12,WEIGHT,Body Weight,84.07,kg,2026-05-03
SUBJ025,BASELINE,SYSBP,Systolic Blood Pressure,145.49,mmHg,2026-02-08
SUBJ025,BASELINE,DIABP,Diastolic Blood Pressure,79.34,mmHg,2026-02-08
SUBJ025,BASELINE,PULSE,Pulse Rate,71.93,bpm,2026-02-08
SUBJ025,BASELINE,TEMP,Temperature,36.9,°C,2026-02-08
SUBJ025,BASELINE,WEIGHT,Body Weight,90.54,kg,2026-02-08
SUBJ025,WEEK4,SYSBP,Systolic Blood Pressure,139.45,mmHg,2026-03-09
SUBJ025,WEEK4,DIABP,Diastolic Blood Pressure,84.94,mmHg,2026-03-09
SUBJ025,WEEK4,PULSE,Pulse Rate,75.84,bpm,2026-03-09
SUBJ025,WEEK4,TEMP,Temperature,36.82,°C,2026-03-09
SUBJ025,WEEK4,WEIGHT,Body Weight,89.35,kg,2026-03-09
SUBJ025,WEEK8,SYSBP,Systolic Blood Pressure,145.85,mmHg,2026-04-06
SUBJ025,WEEK8,DIABP,Diastolic Blood Pressure,82.34,mmHg,2026-04-06
SUBJ025,WEEK8,PULSE,Pulse Rate,77.69,bpm,2026-04-06
SUBJ025,WEEK8,TEMP,Temperature,36.93,°C,2026-04-06
SUBJ025,WEEK8,WEIGHT,Body Weight,88.68,kg,2026-04-06
SUBJ025,WEEK12,SYSBP,Systolic Blood Pressure,141.14,mmHg,2026-05-04
SUBJ025,WEEK12,DIABP,Diastolic Blood Pressure,81.67,mmHg,2026-05-04
SUBJ025,WEEK12,PULSE,Pulse Rate,68.2,bpm,2026-05-04
SUBJ025,WEEK12,TEMP,Temperature,36.74,°C,2026-05-04
SUBJ025,WEEK12,WEIGHT,Body Weight,87.39,kg,2026-05-04
SUBJ026,BASELINE,SYSBP,Systolic Blood Pressure,129.64,mmHg,2026-01-15
SUBJ026,BASELINE,DIABP,Diastolic Blood Pressure,83.53,mmHg,2026-01-15
SUBJ026,BASELINE,PULSE,Pulse Rate,70.13,bpm,2026-01-15
SUBJ026,BASELINE,TEMP,Temperature,36.45,°C,2026-01-15
SUBJ026,BASELINE,WEIGHT,Body Weight,92.37,kg,2026-01-15
SUBJ026,WEEK4,SYSBP,Systolic Blood Pressure,118.19,mmHg,2026-02-13
SUBJ026,WEEK4,DIABP,Diastolic Blood Pressure,77.86,mmHg,2026-02-13
SUBJ026,WEEK4,PULSE,Pulse Rate,64.15,bpm,2026-02-13
SUBJ026,WEEK4,TEMP,Temperature,36.57,°C,2026-02-13
SUBJ026,WEEK4,WEIGHT,Body Weight,92.28,kg,2026-02-13
SUBJ027,BASELINE,SYSBP,Systolic Blood Pressure,136.31,mmHg,2026-02-05
SUBJ027,BASELINE,DIABP,Diastolic Blood Pressure,102.97,mmHg,2026-02-05
SUBJ027,BASELINE,PULSE,Pulse Rate,69.04,bpm,2026-02-05
SUBJ027,BASELINE,TEMP,Temperature,36.77,°C,2026-02-05
SUBJ027,BASELINE,WEIGHT,Body Weight,76.59,kg,2026-02-05
SUBJ027,WEEK4,SYSBP,Systolic Blood Pressure,138.87,mmHg,2026-03-05
SUBJ027,WEEK4,DIABP,Diastolic Blood Pressure,98.16,mmHg,2026-03-05
SUBJ027,WEEK4,PULSE,Pulse Rate,66.71,bpm,2026-03-05
SUBJ027,WEEK4,TEMP,Temperature,36.85,°C,2026-03-05
SUBJ027,WEEK4,WEIGHT,Body Weight,74.66,kg,2026-03-05
SUBJ027,WEEK8,SYSBP,Systolic Blood Pressure,143.19,mmHg,2026-04-04
SUBJ027,WEEK8,DIABP,Diastolic Blood Pressure,99.63,mmHg,2026-04-04
SUBJ027,WEEK8,PULSE,Pulse Rate,77.07,bpm,2026-04-04
SUBJ027,WEEK8,TEMP,Temperature,36.7,°C,2026-04-04
SUBJ027,WEEK8,WEIGHT,Body Weight,73.97,kg,2026-04-04
SUBJ027,WEEK12,SYSBP,Systolic Blood Pressure,139.03,mmHg,2026-05-01
SUBJ027,WEEK12,DIABP,Diastolic Blood Pressure,102.47,mmHg,2026-05-01
SUBJ027,WEEK12,PULSE,Pulse Rate,69.06,bpm,2026-05-01
SUBJ027,WEEK12,TEMP,Temperature,36.52,°C,2026-05-01
SUBJ027,WEEK12,WEIGHT,Body Weight,73.47,kg,2026-05-01
SUBJ028,BASELINE,SYSBP,Systolic Blood Pressure,141.15,mmHg,2026-01-27
SUBJ028,BASELINE,DIABP,Diastolic Blood Pressure,86.59,mmHg,2026-01-27
SUBJ028,BASELINE,PULSE,Pulse Rate,67.33,bpm,2026-01-27
SUBJ028,BASELINE,TEMP,Temperature,36.78,°C,2026-01-27
SUBJ028,BASELINE,WEIGHT,Body Weight,62.93,kg,2026-01-27
SUBJ028,WEEK4,SYSBP,Systolic Blood Pressure,129.94,mmHg,2026-02-25
SUBJ028,WEEK4,DIABP,Diastolic Blood Pressure,85.2,mmHg,2026-02-25
SUBJ028,WEEK4,PULSE,Pulse Rate,69.47,bpm,2026-02-25
SUBJ028,WEEK4,TEMP,Temperature,36.63,°C,2026-02-25
SUBJ028,WEEK4,WEIGHT,Body Weight,62.55,kg,2026-02-25
SUBJ029,BASELINE,SYSBP,Systolic Blood Pressure,140.14,mmHg,2026-01-18
SUBJ029,BASELINE,DIABP,Diastolic Blood Pressure,73.35,mmHg,2026-01-18
SUBJ029,BASELINE,PULSE,Pulse Rate,78.98,bpm,2026-01-18
SUBJ029,BASELINE,TEMP,Temperature,36.48,°C,2026-01-18
SUBJ029,BASELINE,WEIGHT,Body Weight,95.16,kg,2026-01-18
SUBJ029,WEEK4,SYSBP,Systolic Blood Pressure,147.3,mmHg,2026-02-15
SUBJ029,WEEK4,DIABP,Diastolic Blood Pressure,72.96,mmHg,2026-02-15
SUBJ029,WEEK4,PULSE,Pulse Rate,79.21,bpm,2026-02-15
SUBJ029,WEEK4,TEMP,Temperature,36.54,°C,2026-02-15
SUBJ029,WEEK4,WEIGHT,Body Weight,95.03,kg,2026-02-15
SUBJ029,WEEK8,SYSBP,Systolic Blood Pressure,144.97,mmHg,2026-03-13
SUBJ029,WEEK8,DIABP,Diastolic Blood Pressure,68.82,mmHg,2026-03-13
SUBJ029,WEEK8,PULSE,Pulse Rate,76.58,bpm,2026-03-13
SUBJ029,WEEK8,TEMP,Temperature,36.37,°C,2026-03-13
SUBJ029,WEEK8,WEIGHT,Body Weight,94.78,kg,2026-03-13
SUBJ029,WEEK12,SYSBP,Systolic Blood Pressure,134.44,mmHg,2026-04-10
SUBJ029,WEEK12,DIABP,Diastolic Blood Pressure,65.54,mmHg,2026-04-10
SUBJ029,WEEK12,PULSE,Pulse Rate,77.02,bpm,2026-04-10
SUBJ029,WEEK12,TEMP,Temperature,36.55,°C,2026-04-10
SUBJ029,WEEK12,WEIGHT,Body Weight,94.15,kg,2026-04-10
SUBJ030,BASELINE,SYSBP,Systolic Blood Pressure,149.94,mmHg,2026-01-20
SUBJ030,BASELINE,DIABP,Diastolic Blood Pressure,79.21,mmHg,2026-01-20
SUBJ030,BASELINE,PULSE,Pulse Rate,72.89,bpm,2026-01-20
SUBJ030,BASELINE,TEMP,Temperature,37.19,°C,2026-01-20
SUBJ030,BASELINE,WEIGHT,Body Weight,69.78,kg,2026-01-20
SUBJ030,WEEK4,SYSBP,Systolic Blood Pressure,137.94,mmHg,2026-02-15
SUBJ030,WEEK4,DIABP,Diastolic Blood Pressure,81.28,mmHg,2026-02-15
SUBJ030,WEEK4,PULSE,Pulse Rate,69.56,bpm,2026-02-15
SUBJ030,WEEK4,TEMP,Temperature,37.36,°C,2026-02-15
SUBJ030,WEEK4,WEIGHT,Body Weight,68.79,kg,2026-02-15
SUBJ030,WEEK8,SYSBP,Systolic Blood Pressure,143.34,mmHg,2026-03-15
SUBJ030,WEEK8,DIABP,Diastolic Blood Pressure,80.25,mmHg,2026-03-15
SUBJ030,WEEK8,PULSE,Pulse Rate,71.11,bpm,2026-03-15
SUBJ030,WEEK8,TEMP,Temperature,37.15,°C,2026-03-15
SUBJ030,WEEK8,WEIGHT,Body Weight,68.48,kg,2026-03-15
SUBJ030,WEEK12,SYSBP,Systolic Blood Pressure,143.58,mmHg,2026-04-14
SUBJ030,WEEK12,DIABP,Diastolic Blood Pressure,77.36,mmHg,2026-04-14
SUBJ030,WEEK12,PULSE,Pulse Rate,73.01,bpm,2026-04-14
SUBJ030,WEEK12,TEMP,Temperature,37.19,°C,2026-04-14
SUBJ030,WEEK12,WEIGHT,Body Weight,67.96,kg,2026-04-14
SUBJ031,BASELINE,SYSBP,Systolic Blood Pressure,142.61,mmHg,2026-02-07
SUBJ031,BASELINE,DIABP,Diastolic Blood Pressure,76.47,mmHg,2026-02-07
SUBJ031,BASELINE,PULSE,Pulse Rate,70.31,bpm,2026-02-07
SUBJ031,BASELINE,TEMP,Temperature,36.99,°C,2026-02-07
SUBJ031,BASELINE,WEIGHT,Body Weight,66.64,kg,2026-02-07
SUBJ031,WEEK4,SYSBP,Systolic Blood Pressure,144.04,mmHg,2026-03-05
SUBJ031,WEEK4,DIABP,Diastolic Blood Pressure,68.24,mmHg,2026-03-05
SUBJ031,WEEK4,PULSE,Pulse Rate,73.65,bpm,2026-03-05
SUBJ031,WEEK4,TEMP,Temperature,37.14,°C,2026-03-05
SUBJ031,WEEK4,WEIGHT,Body Weight,65.68,kg,2026-03-05
SUBJ031,WEEK8,SYSBP,Systolic Blood Pressure,135.23,mmHg,2026-04-02
SUBJ031,WEEK8,DIABP,Diastolic Blood Pressure,67.11,mmHg,2026-04-02
SUBJ031,WEEK8,PULSE,Pulse Rate,73.63,bpm,2026-04-02
SUBJ031,WEEK8,TEMP,Temperature,36.94,°C,2026-04-02
SUBJ031,WEEK8,WEIGHT,Body Weight,65.2,kg,2026-04-02
SUBJ031,WEEK12,SYSBP,Systolic Blood Pressure,137.59,mmHg,2026-05-03
SUBJ031,WEEK12,DIABP,Diastolic Blood Pressure,71.35,mmHg,2026-05-03
SUBJ031,WEEK12,PULSE,Pulse Rate,65.0,bpm,2026-05-03
SUBJ031,WEEK12,TEMP,Temperature,36.92,°C,2026-05-03
SUBJ031,WEEK12,WEIGHT,Body Weight,64.32,kg,2026-05-03
SUBJ032,BASELINE,SYSBP,Systolic Blood Pressure,126.9,mmHg,2026-01-24
SUBJ032,BASELINE,DIABP,Diastolic Blood Pressure,81.41,mmHg,2026-01-24
SUBJ032,BASELINE,PULSE,Pulse Rate,84.48,bpm,2026-01-24
SUBJ032,BASELINE,TEMP,Temperature,36.72,°C,2026-01-24
SUBJ032,BASELINE,WEIGHT,Body Weight,86.77,kg,2026-01-24
SUBJ032,WEEK4,SYSBP,Systolic Blood Pressure,128.12,mmHg,2026-02-21
SUBJ032,WEEK4,DIABP,Diastolic Blood Pressure,83.01,mmHg,2026-02-21
SUBJ032,WEEK4,PULSE,Pulse Rate,87.35,bpm,2026-02-21
SUBJ032,WEEK4,TEMP,Temperature,36.54,°C,2026-02-21
SUBJ032,WEEK4,WEIGHT,Body Weight,86.55,kg,2026-02-21
SUBJ032,WEEK8,SYSBP,Systolic Blood Pressure,130.12,mmHg,2026-03-22
SUBJ032,WEEK8,DIABP,Diastolic Blood Pressure,81.42,mmHg,2026-03-22
SUBJ032,WEEK8,PULSE,Pulse Rate,89.79,bpm,2026-03-22
SUBJ032,WEEK8,TEMP,Temperature,36.75,°C,2026-03-22
SUBJ032,WEEK8,WEIGHT,Body Weight,85.42,kg,2026-03-22
SUBJ032,WEEK12,SYSBP,Systolic Blood Pressure,132.84,mmHg,2026-04-19
SUBJ032,WEEK12,DIABP,Diastolic Blood Pressure,83.94,mmHg,2026-04-19
SUBJ032,WEEK12,PULSE,Pulse Rate,86.87,bpm,2026-04-19
SUBJ032,WEEK12,TEMP,Temperature,36.68,°C,2026-04-19
SUBJ032,WEEK12,WEIGHT,Body Weight,85.22,kg,2026-04-19
SUBJ033,BASELINE,SYSBP,Systolic Blood Pressure,135.37,mmHg,2026-01-20
SUBJ033,BASELINE,DIABP,Diastolic Blood Pressure,85.99,mmHg,2026-01-20
SUBJ033,BASELINE,PULSE,Pulse Rate,71.24,bpm,2026-01-20
SUBJ033,BASELINE,TEMP,Temperature,36.33,°C,2026-01-20
SUBJ033,BASELINE,WEIGHT,Body Weight,70.69,kg,2026-01-20
SUBJ033,WEEK4,SYSBP,Systolic Blood Pressure,126.44,mmHg,2026-02-17
SUBJ033,WEEK4,DIABP,Diastolic Blood Pressure,82.71,mmHg,2026-02-17
SUBJ033,WEEK4,PULSE,Pulse Rate,61.48,bpm,2026-02-17
SUBJ033,WEEK4,TEMP,Temperature,36.45,°C,2026-02-17
SUBJ033,WEEK4,WEIGHT,Body Weight,70.66,kg,2026-02-17
SUBJ033,WEEK8,SYSBP,Systolic Blood Pressure,132.75,mmHg,2026-03-15
SUBJ033,WEEK8,DIABP,Diastolic Blood Pressure,81.4,mmHg,2026-03-15
SUBJ033,WEEK8,PULSE,Pulse Rate,64.96,bpm,2026-03-15
SUBJ033,WEEK8,TEMP,Temperature,36.38,°C,2026-03-15
SUBJ033,WEEK8,WEIGHT,Body Weight,70.32,kg,2026-03-15
SUBJ033,WEEK12,SYSBP,Systolic Blood Pressure,131.04,mmHg,2026-04-15
SUBJ033,WEEK12,DIABP,Diastolic Blood Pressure,89.35,mmHg,2026-04-15
SUBJ033,WEEK12,PULSE,Pulse Rate,63.32,bpm,2026-04-15
SUBJ033,WEEK12,TEMP,Temperature,36.36,°C,2026-04-15
SUBJ033,WEEK12,WEIGHT,Body Weight,69.84,kg,2026-04-15
SUBJ034,BASELINE,SYSBP,Systolic Blood Pressure,146.46,mmHg,2026-02-09
SUBJ034,BASELINE,DIABP,Diastolic Blood Pressure,81.92,mmHg,2026-02-09
SUBJ034,BASELINE,PULSE,Pulse Rate,76.49,bpm,2026-02-09
SUBJ034,BASELINE,TEMP,Temperature,36.68,°C,2026-02-09
SUBJ034,BASELINE,WEIGHT,Body Weight,67.85,kg,2026-02-09
SUBJ034,WEEK4,SYSBP,Systolic Blood Pressure,140.75,mmHg,2026-03-07
SUBJ034,WEEK4,DIABP,Diastolic Blood Pressure,86.05,mmHg,2026-03-07
SUBJ034,WEEK4,PULSE,Pulse Rate,69.68,bpm,2026-03-07
SUBJ034,WEEK4,TEMP,Temperature,36.76,°C,2026-03-07
SUBJ034,WEEK4,WEIGHT,Body Weight,66.95,kg,2026-03-07
SUBJ034,WEEK8,SYSBP,Systolic Blood Pressure,140.7,mmHg,2026-04-08
SUBJ034,WEEK8,DIABP,Diastolic Blood Pressure,84.71,mmHg,2026-04-08
SUBJ034,WEEK8,PULSE,Pulse Rate,75.42,bpm,2026-04-08
SUBJ034,WEEK8,TEMP,Temperature,36.64,°C,2026-04-08
SUBJ034,WEEK8,WEIGHT,Body Weight,65.65,kg,2026-04-08
SUBJ035,BASELINE,SYSBP,Systolic Blood Pressure,119.09,mmHg,2026-01-18
SUBJ035,BASELINE,DIABP,Diastolic Blood Pressure,84.4,mmHg,2026-01-18
SUBJ035,BASELINE,PULSE,Pulse Rate,73.07,bpm,2026-01-18
SUBJ035,BASELINE,TEMP,Temperature,36.7,°C,2026-01-18
SUBJ035,BASELINE,WEIGHT,Body Weight,87.93,kg,2026-01-18
SUBJ035,WEEK4,SYSBP,Systolic Blood Pressure,118.95,mmHg,2026-02-14
SUBJ035,WEEK4,DIABP,Diastolic Blood Pressure,77.37,mmHg,2026-02-14
SUBJ035,WEEK4,PULSE,Pulse Rate,67.38,bpm,2026-02-14
SUBJ035,WEEK4,TEMP,Temperature,36.67,°C,2026-02-14
SUBJ035,WEEK4,WEIGHT,Body Weight,87.25,kg,2026-02-14
SUBJ035,WEEK8,SYSBP,Systolic Blood Pressure,120.44,mmHg,2026-03-16
SUBJ035,WEEK8,DIABP,Diastolic Blood Pressure,83.02,mmHg,2026-03-16
SUBJ035,WEEK8,PULSE,Pulse Rate,73.98,bpm,2026-03-16
SUBJ035,WEEK8,TEMP,Temperature,36.69,°C,2026-03-16
SUBJ035,WEEK8,WEIGHT,Body Weight,86.15,kg,2026-03-16
SUBJ035,WEEK12,SYSBP,Systolic Blood Pressure,117.62,mmHg,2026-04-10
SUBJ035,WEEK12,DIABP,Diastolic Blood Pressure,78.3,mmHg,2026-04-10
SUBJ035,WEEK12,PULSE,Pulse Rate,75.67,bpm,2026-04-10
SUBJ035,WEEK12,TEMP,Temperature,36.85,°C,2026-04-10
SUBJ035,WEEK12,WEIGHT,Body Weight,85.18,kg,2026-04-10
SUBJ036,BASELINE,SYSBP,Systolic Blood Pressure,133.0,mmHg,2026-01-30
SUBJ036,BASELINE,DIABP,Diastolic Blood Pressure,86.91,mmHg,2026-01-30
SUBJ036,BASELINE,PULSE,Pulse Rate,55.46,bpm,2026-01-30
SUBJ036,BASELINE,TEMP,Temperature,36.57,°C,2026-01-30
SUBJ036,BASELINE,WEIGHT,Body Weight,92.89,kg,2026-01-30
SUBJ036,WEEK4,SYSBP,Systolic Blood Pressure,133.49,mmHg,2026-02-25
SUBJ036,WEEK4,DIABP,Diastolic Blood Pressure,80.64,mmHg,2026-02-25
SUBJ036,WEEK4,PULSE,Pulse Rate,53.25,bpm,2026-02-25
SUBJ036,WEEK4,TEMP,Temperature,36.75,°C,2026-02-25
SUBJ036,WEEK4,WEIGHT,Body Weight,92.54,kg,2026-02-25
SUBJ036,WEEK8,SYSBP,Systolic Blood Pressure,139.13,mmHg,2026-03-28
SUBJ036,WEEK8,DIABP,Diastolic Blood Pressure,79.85,mmHg,2026-03-28
SUBJ036,WEEK8,PULSE,Pulse Rate,63.36,bpm,2026-03-28
SUBJ036,WEEK8,TEMP,Temperature,36.72,°C,2026-03-28
SUBJ036,WEEK8,WEIGHT,Body Weight,92.13,kg,2026-03-28
SUBJ036,WEEK12,SYSBP,Systolic Blood Pressure,134.33,mmHg,2026-04-26
SUBJ036,WEEK12,DIABP,Diastolic Blood Pressure,80.41,mmHg,2026-04-26
SUBJ036,WEEK12,PULSE,Pulse Rate,56.44,bpm,2026-04-26
SUBJ036,WEEK12,TEMP,Temperature,36.62,°C,2026-04-26
SUBJ036,WEEK12,WEIGHT,Body Weight,92.09,kg,2026-04-26
SUBJ037,BASELINE,SYSBP,Systolic Blood Pressure,129.2,mmHg,2026-01-27
SUBJ037,BASELINE,DIABP,Diastolic Blood Pressure,83.51,mmHg,2026-01-27
SUBJ037,BASELINE,PULSE,Pulse Rate,68.95,bpm,2026-01-27
SUBJ037,BASELINE,TEMP,Temperature,36.99,°C,2026-01-27
SUBJ037,BASELINE,WEIGHT,Body Weight,88.09,kg,2026-01-27
SUBJ037,WEEK4,SYSBP,Systolic Blood Pressure,127.63,mmHg,2026-02-26
SUBJ037,WEEK4,DIABP,Diastolic Blood Pressure,88.33,mmHg,2026-02-26
SUBJ037,WEEK4,PULSE,Pulse Rate,72.27,bpm,2026-02-26
SUBJ037,WEEK4,TEMP,Temperature,36.81,°C,2026-02-26
SUBJ037,WEEK4,WEIGHT,Body Weight,88.67,kg,2026-02-26
SUBJ037,WEEK8,SYSBP,Systolic Blood Pressure,129.5,mmHg,2026-03-22
SUBJ037,WEEK8,DIABP,Diastolic Blood Pressure,84.31,mmHg,2026-03-22
SUBJ037,WEEK8,PULSE,Pulse Rate,67.43,bpm,2026-03-22
SUBJ037,WEEK8,TEMP,Temperature,36.73,°C,2026-03-22
SUBJ037,WEEK8,WEIGHT,Body Weight,88.54,kg,2026-03-22
SUBJ037,WEEK12,SYSBP,Systolic Blood Pressure,127.45,mmHg,2026-04-20
SUBJ037,WEEK12,DIABP,Diastolic Blood Pressure,86.6,mmHg,2026-04-20
SUBJ037,WEEK12,PULSE,Pulse Rate,65.9,bpm,2026-04-20
SUBJ037,WEEK12,TEMP,Temperature,36.92,°C,2026-04-20
SUBJ037,WEEK12,WEIGHT,Body Weight,88.32,kg,2026-04-20
SUBJ038,BASELINE,SYSBP,Systolic Blood Pressure,132.81,mmHg,2026-01-21
SUBJ038,BASELINE,DIABP,Diastolic Blood Pressure,80.52,mmHg,2026-01-21
SUBJ038,BASELINE,PULSE,Pulse Rate,73.05,bpm,2026-01-21
SUBJ038,BASELINE,TEMP,Temperature,36.83,°C,2026-01-21
SUBJ038,BASELINE,WEIGHT,Body Weight,67.2,kg,2026-01-21
SUBJ038,WEEK4,SYSBP,Systolic Blood Pressure,129.53,mmHg,2026-02-16
SUBJ038,WEEK4,DIABP,Diastolic Blood Pressure,75.8,mmHg,2026-02-16
SUBJ038,WEEK4,PULSE,Pulse Rate,82.47,bpm,2026-02-16
SUBJ038,WEEK4,TEMP,Temperature,36.59,°C,2026-02-16
SUBJ038,WEEK4,WEIGHT,Body Weight,66.0,kg,2026-02-16
SUBJ038,WEEK8,SYSBP,Systolic Blood Pressure,133.28,mmHg,2026-03-20
SUBJ038,WEEK8,DIABP,Diastolic Blood Pressure,81.59,mmHg,2026-03-20
SUBJ038,WEEK8,PULSE,Pulse Rate,73.95,bpm,2026-03-20
SUBJ038,WEEK8,TEMP,Temperature,36.73,°C,2026-03-20
SUBJ038,WEEK8,WEIGHT,Body Weight,64.61,kg,2026-03-20
SUBJ038,WEEK12,SYSBP,Systolic Blood Pressure,130.26,mmHg,2026-04-15
SUBJ038,WEEK12,DIABP,Diastolic Blood Pressure,74.63,mmHg,2026-04-15
SUBJ038,WEEK12,PULSE,Pulse Rate,72.34,bpm,2026-04-15
SUBJ038,WEEK12,TEMP,Temperature,36.79,°C,2026-04-15
SUBJ038,WEEK12,WEIGHT,Body Weight,64.03,kg,2026-04-15
SUBJ039,BASELINE,SYSBP,Systolic Blood Pressure,124.09,mmHg,2026-01-18
SUBJ039,BASELINE,DIABP,Diastolic Blood Pressure,77.16,mmHg,2026-01-18
SUBJ039,BASELINE,PULSE,Pulse Rate,64.78,bpm,2026-01-18
SUBJ039,BASELINE,TEMP,Temperature,37.36,°C,2026-01-18
SUBJ039,BASELINE,WEIGHT,Body Weight,69.59,kg,2026-01-18
SUBJ039,WEEK4,SYSBP,Systolic Blood Pressure,131.1,mmHg,2026-02-15
SUBJ039,WEEK4,DIABP,Diastolic Blood Pressure,72.52,mmHg,2026-02-15
SUBJ039,WEEK4,PULSE,Pulse Rate,64.68,bpm,2026-02-15
SUBJ039,WEEK4,TEMP,Temperature,37.36,°C,2026-02-15
SUBJ039,WEEK4,WEIGHT,Body Weight,69.25,kg,2026-02-15
SUBJ039,WEEK8,SYSBP,Systolic Blood Pressure,127.98,mmHg,2026-03-14
SUBJ039,WEEK8,DIABP,Diastolic Blood Pressure,73.93,mmHg,2026-03-14
SUBJ039,WEEK8,PULSE,Pulse Rate,68.46,bpm,2026-03-14
SUBJ039,WEEK8,TEMP,Temperature,37.31,°C,2026-03-14
SUBJ039,WEEK8,WEIGHT,Body Weight,67.95,kg,2026-03-14
SUBJ039,WEEK12,SYSBP,Systolic Blood Pressure,130.18,mmHg,2026-04-11
SUBJ039,WEEK12,DIABP,Diastolic Blood Pressure,75.1,mmHg,2026-04-11
SUBJ039,WEEK12,PULSE,Pulse Rate,63.43,bpm,2026-04-11
SUBJ039,WEEK12,TEMP,Temperature,37.4,°C,2026-04-11
SUBJ039,WEEK12,WEIGHT,Body Weight,68.11,kg,2026-04-11
SUBJ040,BASELINE,SYSBP,Systolic Blood Pressure,127.99,mmHg,2026-01-23
SUBJ040,BASELINE,DIABP,Diastolic Blood Pressure,91.54,mmHg,2026-01-23
SUBJ040,BASELINE,PULSE,Pulse Rate,74.86,bpm,2026-01-23
SUBJ040,BASELINE,TEMP,Temperature,36.9,°C,2026-01-23
SUBJ040,BASELINE,WEIGHT,Body Weight,81.14,kg,2026-01-23
SUBJ040,WEEK4,SYSBP,Systolic Blood Pressure,127.42,mmHg,2026-02-20
SUBJ040,WEEK4,DIABP,Diastolic Blood Pressure,84.91,mmHg,2026-02-20
SUBJ040,WEEK4,PULSE,Pulse Rate,69.89,bpm,2026-02-20
SUBJ040,WEEK4,TEMP,Temperature,36.93,°C,2026-02-20
SUBJ040,WEEK4,WEIGHT,Body Weight,80.68,kg,2026-02-20
SUBJ040,WEEK8,SYSBP,Systolic Blood Pressure,115.38,mmHg,2026-03-18
SUBJ040,WEEK8,DIABP,Diastolic Blood Pressure,90.79,mmHg,2026-03-18
SUBJ040,WEEK8,PULSE,Pulse Rate,62.38,bpm,2026-03-18
SUBJ040,WEEK8,TEMP,Temperature,36.88,°C,2026-03-18
SUBJ040,WEEK8,WEIGHT,Body Weight,80.51,kg,2026-03-18
SUBJ040,WEEK12,SYSBP,Systolic Blood Pressure,121.75,mmHg,2026-04-17
SUBJ040,WEEK12,DIABP,Diastolic Blood Pressure,90.27,mmHg,2026-04-17
SUBJ040,WEEK12,PULSE,Pulse Rate,69.61,bpm,2026-04-17
SUBJ040,WEEK12,TEMP,Temperature,37.05,°C,2026-04-17
SUBJ040,WEEK12,WEIGHT,Body Weight,79.67,kg,2026-04-17
SUBJ041,BASELINE,SYSBP,Systolic Blood Pressure,146.48,mmHg,2026-01-17
SUBJ041,BASELINE,DIABP,Diastolic Blood Pressure,76.24,mmHg,2026-01-17
SUBJ041,BASELINE,PULSE,Pulse Rate,67.96,bpm,2026-01-17
SUBJ041,BASELINE,TEMP,Temperature,36.86,°C,2026-01-17
SUBJ041,BASELINE,WEIGHT,Body Weight,68.29,kg,2026-01-17
SUBJ041,WEEK4,SYSBP,Systolic Blood Pressure,139.46,mmHg,2026-02-12
SUBJ041,WEEK4,DIABP,Diastolic Blood Pressure,78.38,mmHg,2026-02-12
SUBJ041,WEEK4,PULSE,Pulse Rate,74.41,bpm,2026-02-12
SUBJ041,WEEK4,TEMP,Temperature,36.73,°C,2026-02-12
SUBJ041,WEEK4,WEIGHT,Body Weight,67.61,kg,2026-02-12
SUBJ041,WEEK8,SYSBP,Systolic Blood Pressure,136.51,mmHg,2026-03-12
SUBJ041,WEEK8,DIABP,Diastolic Blood Pressure,71.16,mmHg,2026-03-12
SUBJ041,WEEK8,PULSE,Pulse Rate,70.47,bpm,2026-03-12
SUBJ041,WEEK8,TEMP,Temperature,36.8,°C,2026-03-12
SUBJ041,WEEK8,WEIGHT,Body Weight,65.8,kg,2026-03-12
SUBJ041,WEEK12,SYSBP,Systolic Blood Pressure,132.02,mmHg,2026-04-13
SUBJ041,WEEK12,DIABP,Diastolic Blood Pressure,73.15,mmHg,2026-04-13
SUBJ041,WEEK12,PULSE,Pulse Rate,70.31,bpm,2026-04-13
SUBJ041,WEEK12,TEMP,Temperature,36.79,°C,2026-04-13
SUBJ041,WEEK12,WEIGHT,Body Weight,65.89,kg,2026-04-13
SUBJ042,BASELINE,SYSBP,Systolic Blood Pressure,140.37,mmHg,2026-01-13
SUBJ042,BASELINE,DIABP,Diastolic Blood Pressure,86.31,mmHg,2026-01-13
SUBJ042,BASELINE,PULSE,Pulse Rate,68.73,bpm,2026-01-13
SUBJ042,BASELINE,TEMP,Temperature,36.6,°C,2026-01-13
SUBJ042,BASELINE,WEIGHT,Body Weight,76.07,kg,2026-01-13
SUBJ042,WEEK4,SYSBP,Systolic Blood Pressure,139.21,mmHg,2026-02-10
SUBJ042,WEEK4,DIABP,Diastolic Blood Pressure,86.89,mmHg,2026-02-10
SUBJ042,WEEK4,PULSE,Pulse Rate,75.37,bpm,2026-02-10
SUBJ042,WEEK4,TEMP,Temperature,36.62,°C,2026-02-10
SUBJ042,WEEK4,WEIGHT,Body Weight,75.91,kg,2026-02-10
SUBJ042,WEEK8,SYSBP,Systolic Blood Pressure,139.48,mmHg,2026-03-11
SUBJ042,WEEK8,DIABP,Diastolic Blood Pressure,85.09,mmHg,2026-03-11
SUBJ042,WEEK8,PULSE,Pulse Rate,77.81,bpm,2026-03-11
SUBJ042,WEEK8,TEMP,Temperature,36.63,°C,2026-03-11
SUBJ042,WEEK8,WEIGHT,Body Weight,75.59,kg,2026-03-11
SUBJ042,WEEK12,SYSBP,Systolic Blood Pressure,136.11,mmHg,2026-04-09
SUBJ042,WEEK12,DIABP,Diastolic Blood Pressure,83.07,mmHg,2026-04-09
SUBJ042,WEEK12,PULSE,Pulse Rate,70.33,bpm,2026-04-09
SUBJ042,WEEK12,TEMP,Temperature,36.42,°C,2026-04-09
SUBJ042,WEEK12,WEIGHT,Body Weight,74.83,kg,2026-04-09
SUBJ043,BASELINE,SYSBP,Systolic Blood Pressure,144.75,mmHg,2026-01-14
SUBJ043,BASELINE,DIABP,Diastolic Blood Pressure,95.76,mmHg,2026-01-14
SUBJ043,BASELINE,PULSE,Pulse Rate,77.54,bpm,2026-01-14
SUBJ043,BASELINE,TEMP,Temperature,36.58,°C,2026-01-14
SUBJ043,BASELINE,WEIGHT,Body Weight,61.83,kg,2026-01-14
SUBJ043,WEEK4,SYSBP,Systolic Blood Pressure,143.74,mmHg,2026-02-11
SUBJ043,WEEK4,DIABP,Diastolic Blood Pressure,89.72,mmHg,2026-02-11
SUBJ043,WEEK4,PULSE,Pulse Rate,72.45,bpm,2026-02-11
SUBJ043,WEEK4,TEMP,Temperature,36.7,°C,2026-02-11
SUBJ043,WEEK4,WEIGHT,Body Weight,61.14,kg,2026-02-11
SUBJ043,WEEK8,SYSBP,Systolic Blood Pressure,138.8,mmHg,2026-03-10
SUBJ043,WEEK8,DIABP,Diastolic Blood Pressure,93.12,mmHg,2026-03-10
SUBJ043,WEEK8,PULSE,Pulse Rate,78.37,bpm,2026-03-10
SUBJ043,WEEK8,TEMP,Temperature,36.74,°C,2026-03-10
SUBJ043,WEEK8,WEIGHT,Body Weight,60.57,kg,2026-03-10
SUBJ043,WEEK12,SYSBP,Systolic Blood Pressure,150.31,mmHg,2026-04-08
SUBJ043,WEEK12,DIABP,Diastolic Blood Pressure,96.97,mmHg,2026-04-08
SUBJ043,WEEK12,PULSE,Pulse Rate,73.79,bpm,2026-04-08
SUBJ043,WEEK12,TEMP,Temperature,36.67,°C,2026-04-08
SUBJ043,WEEK12,WEIGHT,Body Weight,60.51,kg,2026-04-08
SUBJ044,BASELINE,SYSBP,Systolic Blood Pressure,148.22,mmHg,2026-01-10
SUBJ044,BASELINE,DIABP,Diastolic Blood Pressure,77.46,mmHg,2026-01-10
SUBJ044,BASELINE,PULSE,Pulse Rate,70.4,bpm,2026-01-10
SUBJ044,BASELINE,TEMP,Temperature,36.73,°C,2026-01-10
SUBJ044,BASELINE,WEIGHT,Body Weight,71.38,kg,2026-01-10
SUBJ044,WEEK4,SYSBP,Systolic Blood Pressure,149.92,mmHg,2026-02-06
SUBJ044,WEEK4,DIABP,Diastolic Blood Pressure,69.49,mmHg,2026-02-06
SUBJ044,WEEK4,PULSE,Pulse Rate,77.1,bpm,2026-02-06
SUBJ044,WEEK4,TEMP,Temperature,36.68,°C,2026-02-06
SUBJ044,WEEK4,WEIGHT,Body Weight,70.73,kg,2026-02-06
SUBJ044,WEEK8,SYSBP,Systolic Blood Pressure,148.16,mmHg,2026-03-06
SUBJ044,WEEK8,DIABP,Diastolic Blood Pressure,72.8,mmHg,2026-03-06
SUBJ044,WEEK8,PULSE,Pulse Rate,71.58,bpm,2026-03-06
SUBJ044,WEEK8,TEMP,Temperature,36.76,°C,2026-03-06
SUBJ044,WEEK8,WEIGHT,Body Weight,70.06,kg,2026-03-06
SUBJ044,WEEK12,SYSBP,Systolic Blood Pressure,146.61,mmHg,2026-04-06
SUBJ044,WEEK12,DIABP,Diastolic Blood Pressure,69.76,mmHg,2026-04-06
SUBJ044,WEEK12,PULSE,Pulse Rate,71.14,bpm,2026-04-06
SUBJ044,WEEK12,TEMP,Temperature,36.65,°C,2026-04-06
SUBJ044,WEEK12,WEIGHT,Body Weight,68.96,kg,2026-04-06
SUBJ045,BASELINE,SYSBP,Systolic Blood Pressure,125.85,mmHg,2026-02-02
SUBJ045,BASELINE,DIABP,Diastolic Blood Pressure,80.59,mmHg,2026-02-02
SUBJ045,BASELINE,PULSE,Pulse Rate,91.92,bpm,2026-02-02
SUBJ045,BASELINE,TEMP,Temperature,36.39,°C,2026-02-02
SUBJ045,BASELINE,WEIGHT,Body Weight,99.06,kg,2026-02-02
SUBJ045,WEEK4,SYSBP,Systolic Blood Pressure,135.52,mmHg,2026-03-03
SUBJ045,WEEK4,DIABP,Diastolic Blood Pressure,77.19,mmHg,2026-03-03
SUBJ045,WEEK4,PULSE,Pulse Rate,90.44,bpm,2026-03-03
SUBJ045,WEEK4,TEMP,Temperature,36.34,°C,2026-03-03
SUBJ045,WEEK4,WEIGHT,Body Weight,97.72,kg,2026-03-03
SUBJ045,WEEK8,SYSBP,Systolic Blood Pressure,123.66,mmHg,2026-03-31
SUBJ045,WEEK8,DIABP,Diastolic Blood Pressure,76.45,mmHg,2026-03-31
SUBJ045,WEEK8,PULSE,Pulse Rate,90.15,bpm,2026-03-31
SUBJ045,WEEK8,TEMP,Temperature,36.47,°C,2026-03-31
SUBJ045,WEEK8,WEIGHT,Body Weight,98.67,kg,2026-03-31
SUBJ045,WEEK12,SYSBP,Systolic Blood Pressure,124.65,mmHg,2026-04-26
SUBJ045,WEEK12,DIABP,Diastolic Blood Pressure,81.07,mmHg,2026-04-26
SUBJ045,WEEK12,PULSE,Pulse Rate,96.22,bpm,2026-04-26
SUBJ045,WEEK12,TEMP,Temperature,36.39,°C,2026-04-26
SUBJ045,WEEK12,WEIGHT,Body Weight,97.07,kg,2026-04-26
SUBJ046,BASELINE,SYSBP,Systolic Blood Pressure,126.73,mmHg,2026-02-13
SUBJ046,BASELINE,DIABP,Diastolic Blood Pressure,84.52,mmHg,2026-02-13
SUBJ046,BASELINE,PULSE,Pulse Rate,78.16,bpm,2026-02-13
SUBJ046,BASELINE,TEMP,Temperature,36.47,°C,2026-02-13
SUBJ046,BASELINE,WEIGHT,Body Weight,89.43,kg,2026-02-13
SUBJ046,WEEK4,SYSBP,Systolic Blood Pressure,122.11,mmHg,2026-03-13
SUBJ046,WEEK4,DIABP,Diastolic Blood Pressure,79.67,mmHg,2026-03-13
SUBJ046,WEEK4,PULSE,Pulse Rate,72.12,bpm,2026-03-13
SUBJ046,WEEK4,TEMP,Temperature,36.49,°C,2026-03-13
SUBJ046,WEEK4,WEIGHT,Body Weight,88.79,kg,2026-03-13
SUBJ046,WEEK8,SYSBP,Systolic Blood Pressure,124.45,mmHg,2026-04-10
SUBJ046,WEEK8,DIABP,Diastolic Blood Pressure,82.05,mmHg,2026-04-10
SUBJ046,WEEK8,PULSE,Pulse Rate,70.72,bpm,2026-04-10
SUBJ046,WEEK8,TEMP,Temperature,36.56,°C,2026-04-10
SUBJ046,WEEK8,WEIGHT,Body Weight,88.85,kg,2026-04-10
SUBJ046,WEEK12,SYSBP,Systolic Blood Pressure,129.14,mmHg,2026-05-07
SUBJ046,WEEK12,DIABP,Diastolic Blood Pressure,77.77,mmHg,2026-05-07
SUBJ046,WEEK12,PULSE,Pulse Rate,75.13,bpm,2026-05-07
SUBJ046,WEEK12,TEMP,Temperature,36.5,°C,2026-05-07
SUBJ046,WEEK12,WEIGHT,Body Weight,88.34,kg,2026-05-07
SUBJ047,BASELINE,SYSBP,Systolic Blood Pressure,128.53,mmHg,2026-01-29
SUBJ047,BASELINE,DIABP,Diastolic Blood Pressure,85.97,mmHg,2026-01-29
SUBJ047,BASELINE,PULSE,Pulse Rate,61.82,bpm,2026-01-29
SUBJ047,BASELINE,TEMP,Temperature,36.78,°C,2026-01-29
SUBJ047,BASELINE,WEIGHT,Body Weight,81.95,kg,2026-01-29
SUBJ047,WEEK4,SYSBP,Systolic Blood Pressure,126.32,mmHg,2026-02-25
SUBJ047,WEEK4,DIABP,Diastolic Blood Pressure,82.24,mmHg,2026-02-25
SUBJ047,WEEK4,PULSE,Pulse Rate,67.13,bpm,2026-02-25
SUBJ047,WEEK4,TEMP,Temperature,36.66,°C,2026-02-25
SUBJ047,WEEK4,WEIGHT,Body Weight,79.88,kg,2026-02-25
SUBJ047,WEEK8,SYSBP,Systolic Blood Pressure,131.33,mmHg,2026-03-25
SUBJ047,WEEK8,DIABP,Diastolic Blood Pressure,85.22,mmHg,2026-03-25
SUBJ047,WEEK8,PULSE,Pulse Rate,67.19,bpm,2026-03-25
SUBJ047,WEEK8,TEMP,Temperature,36.69,°C,2026-03-25
SUBJ047,WEEK8,WEIGHT,Body Weight,79.17,kg,2026-03-25
SUBJ048,BASELINE,SYSBP,Systolic Blood Pressure,147.36,mmHg,2026-01-20
SUBJ048,BASELINE,DIABP,Diastolic Blood Pressure,74.93,mmHg,2026-01-20
SUBJ048,BASELINE,PULSE,Pulse Rate,71.5,bpm,2026-01-20
SUBJ048,BASELINE,TEMP,Temperature,36.89,°C,2026-01-20
SUBJ048,BASELINE,WEIGHT,Body Weight,67.29,kg,2026-01-20
SUBJ048,WEEK4,SYSBP,Systolic Blood Pressure,145.08,mmHg,2026-02-15
SUBJ048,WEEK4,DIABP,Diastolic Blood Pressure,80.23,mmHg,2026-02-15
SUBJ048,WEEK4,PULSE,Pulse Rate,72.49,bpm,2026-02-15
SUBJ048,WEEK4,TEMP,Temperature,36.78,°C,2026-02-15
SUBJ048,WEEK4,WEIGHT,Body Weight,67.23,kg,2026-02-15
SUBJ048,WEEK8,SYSBP,Systolic Blood Pressure,137.23,mmHg,2026-03-17
SUBJ048,WEEK8,DIABP,Diastolic Blood Pressure,80.56,mmHg,2026-03-17
SUBJ048,WEEK8,PULSE,Pulse Rate,70.36,bpm,2026-03-17
SUBJ048,WEEK8,TEMP,Temperature,36.82,°C,2026-03-17
SUBJ048,WEEK8,WEIGHT,Body Weight,66.81,kg,2026-03-17
SUBJ048,WEEK12,SYSBP,Systolic Blood Pressure,133.5,mmHg,2026-04-14
SUBJ048,WEEK12,DIABP,Diastolic Blood Pressure,80.99,mmHg,2026-04-14
SUBJ048,WEEK12,PULSE,Pulse Rate,74.57,bpm,2026-04-14
SUBJ048,WEEK12,TEMP,Temperature,36.72,°C,2026-04-14
SUBJ048,WEEK12,WEIGHT,Body Weight,66.43,kg,2026-04-14
SUBJ049,BASELINE,SYSBP,Systolic Blood Pressure,117.89,mmHg,2026-01-22
SUBJ049,BASELINE,DIABP,Diastolic Blood Pressure,80.55,mmHg,2026-01-22
SUBJ049,BASELINE,PULSE,Pulse Rate,68.59,bpm,2026-01-22
SUBJ049,BASELINE,TEMP,Temperature,36.96,°C,2026-01-22
SUBJ049,BASELINE,WEIGHT,Body Weight,93.76,kg,2026-01-22
SUBJ049,WEEK4,SYSBP,Systolic Blood Pressure,126.86,mmHg,2026-02-17
SUBJ049,WEEK4,DIABP,Diastolic Blood Pressure,81.73,mmHg,2026-02-17
SUBJ049,WEEK4,PULSE,Pulse Rate,67.56,bpm,2026-02-17
SUBJ049,WEEK4,TEMP,Temperature,37.07,°C,2026-02-17
SUBJ049,WEEK4,WEIGHT,Body Weight,93.3,kg,2026-02-17
SUBJ049,WEEK8,SYSBP,Systolic Blood Pressure,128.04,mmHg,2026-03-18
SUBJ049,WEEK8,DIABP,Diastolic Blood Pressure,78.95,mmHg,2026-03-18
SUBJ049,WEEK8,PULSE,Pulse Rate,67.61,bpm,2026-03-18
SUBJ049,WEEK8,TEMP,Temperature,36.93,°C,2026-03-18
SUBJ049,WEEK8,WEIGHT,Body Weight,93.54,kg,2026-03-18
SUBJ049,WEEK12,SYSBP,Systolic Blood Pressure,130.09,mmHg,2026-04-17
SUBJ049,WEEK12,DIABP,Diastolic Blood Pressure,79.82,mmHg,2026-04-17
SUBJ049,WEEK12,PULSE,Pulse Rate,68.18,bpm,2026-04-17
SUBJ049,WEEK12,TEMP,Temperature,37.11,°C,2026-04-17
SUBJ049,WEEK12,WEIGHT,Body Weight,92.94,kg,2026-04-17
SUBJ050,BASELINE,SYSBP,Systolic Blood Pressure,132.03,mmHg,2026-01-24
SUBJ050,BASELINE,DIABP,Diastolic Blood Pressure,77.9,mmHg,2026-01-24
SUBJ050,BASELINE,PULSE,Pulse Rate,73.66,bpm,2026-01-24
SUBJ050,BASELINE,TEMP,Temperature,36.65,°C,2026-01-24
SUBJ050,BASELINE,WEIGHT,Body Weight,90.47,kg,2026-01-24
SUBJ050,WEEK4,SYSBP,Systolic Blood Pressure,125.18,mmHg,2026-02-20
SUBJ050,WEEK4,DIABP,Diastolic Blood Pressure,76.92,mmHg,2026-02-20
SUBJ050,WEEK4,PULSE,Pulse Rate,68.07,bpm,2026-02-20
SUBJ050,WEEK4,TEMP,Temperature,36.65,°C,2026-02-20
SUBJ050,WEEK4,WEIGHT,Body Weight,89.89,kg,2026-02-20
SUBJ050,WEEK8,SYSBP,Systolic Blood Pressure,127.73,mmHg,2026-03-23
SUBJ050,WEEK8,DIABP,Diastolic Blood Pressure,73.97,mmHg,2026-03-23
SUBJ050,WEEK8,PULSE,Pulse Rate,69.02,bpm,2026-03-23
SUBJ050,WEEK8,TEMP,Temperature,36.7,°C,2026-03-23
SUBJ050,WEEK8,WEIGHT,Body Weight,90.58,kg,2026-03-23
SUBJ050,WEEK12,SYSBP,Systolic Blood Pressure,133.47,mmHg,2026-04-19
SUBJ050,WEEK12,DIABP,Diastolic Blood Pressure,75.39,mmHg,2026-04-19
SUBJ050,WEEK12,PULSE,Pulse Rate,68.87,bpm,2026-04-19
SUBJ050,WEEK12,TEMP,Temperature,36.79,°C,2026-04-19
SUBJ050,WEEK12,WEIGHT,Body Weight,90.42,kg,2026-04-19
SUBJ051,BASELINE,SYSBP,Systolic Blood Pressure,123.24,mmHg,2026-02-09
SUBJ051,BASELINE,DIABP,Diastolic Blood Pressure,94.92,mmHg,2026-02-09
SUBJ051,BASELINE,PULSE,Pulse Rate,76.42,bpm,2026-02-09
SUBJ051,BASELINE,TEMP,Temperature,36.78,°C,2026-02-09
SUBJ051,BASELINE,WEIGHT,Body Weight,92.53,kg,2026-02-09
SUBJ051,WEEK4,SYSBP,Systolic Blood Pressure,119.18,mmHg,2026-03-09
SUBJ051,WEEK4,DIABP,Diastolic Blood Pressure,97.26,mmHg,2026-03-09
SUBJ051,WEEK4,PULSE,Pulse Rate,74.71,bpm,2026-03-09
SUBJ051,WEEK4,TEMP,Temperature,36.7,°C,2026-03-09
SUBJ051,WEEK4,WEIGHT,Body Weight,92.01,kg,2026-03-09
SUBJ051,WEEK8,SYSBP,Systolic Blood Pressure,120.31,mmHg,2026-04-08
SUBJ051,WEEK8,DIABP,Diastolic Blood Pressure,91.34,mmHg,2026-04-08
SUBJ051,WEEK8,PULSE,Pulse Rate,77.79,bpm,2026-04-08
SUBJ051,WEEK8,TEMP,Temperature,36.62,°C,2026-04-08
SUBJ051,WEEK8,WEIGHT,Body Weight,90.39,kg,2026-04-08
SUBJ051,WEEK12,SYSBP,Systolic Blood Pressure,115.91,mmHg,2026-05-02
SUBJ051,WEEK12,DIABP,Diastolic Blood Pressure,91.1,mmHg,2026-05-02
SUBJ051,WEEK12,PULSE,Pulse Rate,77.28,bpm,2026-05-02
SUBJ051,WEEK12,TEMP,Temperature,36.64,°C,2026-05-02
SUBJ051,WEEK12,WEIGHT,Body Weight,90.1,kg,2026-05-02
SUBJ052,BASELINE,SYSBP,Systolic Blood Pressure,114.66,mmHg,2026-02-06
SUBJ052,BASELINE,DIABP,Diastolic Blood Pressure,72.58,mmHg,2026-02-06
SUBJ052,BASELINE,PULSE,Pulse Rate,75.33,bpm,2026-02-06
SUBJ052,BASELINE,TEMP,Temperature,36.75,°C,2026-02-06
SUBJ052,BASELINE,WEIGHT,Body Weight,70.84,kg,2026-02-06
SUBJ052,WEEK4,SYSBP,Systolic Blood Pressure,111.11,mmHg,2026-03-08
SUBJ052,WEEK4,DIABP,Diastolic Blood Pressure,74.32,mmHg,2026-03-08
SUBJ052,WEEK4,PULSE,Pulse Rate,74.21,bpm,2026-03-08
SUBJ052,WEEK4,TEMP,Temperature,36.66,°C,2026-03-08
SUBJ052,WEEK4,WEIGHT,Body Weight,71.16,kg,2026-03-08
SUBJ052,WEEK8,SYSBP,Systolic Blood Pressure,107.82,mmHg,2026-04-04
SUBJ052,WEEK8,DIABP,Diastolic Blood Pressure,74.95,mmHg,2026-04-04
SUBJ052,WEEK8,PULSE,Pulse Rate,73.07,bpm,2026-04-04
SUBJ052,WEEK8,TEMP,Temperature,36.73,°C,2026-04-04
SUBJ052,WEEK8,WEIGHT,Body Weight,69.49,kg,2026-04-04
SUBJ052,WEEK12,SYSBP,Systolic Blood Pressure,110.16,mmHg,2026-05-01
SUBJ052,WEEK12,DIABP,Diastolic Blood Pressure,76.84,mmHg,2026-05-01
SUBJ052,WEEK12,PULSE,Pulse Rate,70.35,bpm,2026-05-01
SUBJ052,WEEK12,TEMP,Temperature,36.81,°C,2026-05-01
SUBJ052,WEEK12,WEIGHT,Body Weight,70.16,kg,2026-05-01
SUBJ053,BASELINE,SYSBP,Systolic Blood Pressure,134.09,mmHg,2026-01-17
SUBJ053,BASELINE,DIABP,Diastolic Blood Pressure,74.7,mmHg,2026-01-17
SUBJ053,BASELINE,PULSE,Pulse Rate,72.4,bpm,2026-01-17
SUBJ053,BASELINE,TEMP,Temperature,37.03,°C,2026-01-17
SUBJ053,BASELINE,WEIGHT,Body Weight,76.5,kg,2026-01-17
SUBJ053,WEEK4,SYSBP,Systolic Blood Pressure,134.68,mmHg,2026-02-14
SUBJ053,WEEK4,DIABP,Diastolic Blood Pressure,72.87,mmHg,2026-02-14
SUBJ053,WEEK4,PULSE,Pulse Rate,77.5,bpm,2026-02-14
SUBJ053,WEEK4,TEMP,Temperature,36.93,°C,2026-02-14
SUBJ053,WEEK4,WEIGHT,Body Weight,75.48,kg,2026-02-14
SUBJ053,WEEK8,SYSBP,Systolic Blood Pressure,126.74,mmHg,2026-03-12
SUBJ053,WEEK8,DIABP,Diastolic Blood Pressure,71.8,mmHg,2026-03-12
SUBJ053,WEEK8,PULSE,Pulse Rate,74.04,bpm,2026-03-12
SUBJ053,WEEK8,TEMP,Temperature,36.97,°C,2026-03-12
SUBJ053,WEEK8,WEIGHT,Body Weight,74.68,kg,2026-03-12
SUBJ053,WEEK12,SYSBP,Systolic Blood Pressure,129.57,mmHg,2026-04-10
SUBJ053,WEEK12,DIABP,Diastolic Blood Pressure,71.09,mmHg,2026-04-10
SUBJ053,WEEK12,PULSE,Pulse Rate,75.37,bpm,2026-04-10
SUBJ053,WEEK12,TEMP,Temperature,37.05,°C,2026-04-10
SUBJ053,WEEK12,WEIGHT,Body Weight,73.69,kg,2026-04-10
SUBJ054,BASELINE,SYSBP,Systolic Blood Pressure,139.66,mmHg,2026-02-04
SUBJ054,BASELINE,DIABP,Diastolic Blood Pressure,91.81,mmHg,2026-02-04
SUBJ054,BASELINE,PULSE,Pulse Rate,72.2,bpm,2026-02-04
SUBJ054,BASELINE,TEMP,Temperature,36.8,°C,2026-02-04
SUBJ054,BASELINE,WEIGHT,Body Weight,89.58,kg,2026-02-04
SUBJ054,WEEK4,SYSBP,Systolic Blood Pressure,132.77,mmHg,2026-03-06
SUBJ054,WEEK4,DIABP,Diastolic Blood Pressure,89.45,mmHg,2026-03-06
SUBJ054,WEEK4,PULSE,Pulse Rate,80.8,bpm,2026-03-06
SUBJ054,WEEK4,TEMP,Temperature,36.92,°C,2026-03-06
SUBJ054,WEEK4,WEIGHT,Body Weight,88.45,kg,2026-03-06
SUBJ054,WEEK8,SYSBP,Systolic Blood Pressure,132.02,mmHg,2026-04-03
SUBJ054,WEEK8,DIABP,Diastolic Blood Pressure,88.4,mmHg,2026-04-03
SUBJ054,WEEK8,PULSE,Pulse Rate,81.03,bpm,2026-04-03
SUBJ054,WEEK8,TEMP,Temperature,36.76,°C,2026-04-03
SUBJ054,WEEK8,WEIGHT,Body Weight,88.31,kg,2026-04-03
SUBJ054,WEEK12,SYSBP,Systolic Blood Pressure,133.61,mmHg,2026-04-28
SUBJ054,WEEK12,DIABP,Diastolic Blood Pressure,86.53,mmHg,2026-04-28
SUBJ054,WEEK12,PULSE,Pulse Rate,81.85,bpm,2026-04-28
SUBJ054,WEEK12,TEMP,Temperature,36.74,°C,2026-04-28
SUBJ054,WEEK12,WEIGHT,Body Weight,86.52,kg,2026-04-28
SUBJ055,BASELINE,SYSBP,Systolic Blood Pressure,139.94,mmHg,2026-02-04
SUBJ055,BASELINE,DIABP,Diastolic Blood Pressure,71.56,mmHg,2026-02-04
SUBJ055,BASELINE,PULSE,Pulse Rate,86.2,bpm,2026-02-04
SUBJ055,BASELINE,TEMP,Temperature,36.81,°C,2026-02-04
SUBJ055,BASELINE,WEIGHT,Body Weight,80.44,kg,2026-02-04
SUBJ055,WEEK4,SYSBP,Systolic Blood Pressure,134.84,mmHg,2026-03-02
SUBJ055,WEEK4,DIABP,Diastolic Blood Pressure,75.62,mmHg,2026-03-02
SUBJ055,WEEK4,PULSE,Pulse Rate,85.33,bpm,2026-03-02
SUBJ055,WEEK4,TEMP,Temperature,36.86,°C,2026-03-02
SUBJ055,WEEK4,WEIGHT,Body Weight,80.03,kg,2026-03-02
SUBJ055,WEEK8,SYSBP,Systolic Blood Pressure,130.52,mmHg,2026-04-02
SUBJ055,WEEK8,DIABP,Diastolic Blood Pressure,82.27,mmHg,2026-04-02
SUBJ055,WEEK8,PULSE,Pulse Rate,85.57,bpm,2026-04-02
SUBJ055,WEEK8,TEMP,Temperature,36.77,°C,2026-04-02
SUBJ055,WEEK8,WEIGHT,Body Weight,79.4,kg,2026-04-02
SUBJ055,WEEK12,SYSBP,Systolic Blood Pressure,139.28,mmHg,2026-05-01
SUBJ055,WEEK12,DIABP,Diastolic Blood Pressure,81.37,mmHg,2026-05-01
SUBJ055,WEEK12,PULSE,Pulse Rate,83.6,bpm,2026-05-01
SUBJ055,WEEK12,TEMP,Temperature,36.87,°C,2026-05-01
SUBJ055,WEEK12,WEIGHT,Body Weight,78.91,kg,2026-05-01
SUBJ056,BASELINE,SYSBP,Systolic Blood Pressure,125.33,mmHg,2026-02-06
SUBJ056,BASELINE,DIABP,Diastolic Blood Pressure,69.55,mmHg,2026-02-06
SUBJ056,BASELINE,PULSE,Pulse Rate,75.54,bpm,2026-02-06
SUBJ056,BASELINE,TEMP,Temperature,36.95,°C,2026-02-06
SUBJ056,BASELINE,WEIGHT,Body Weight,84.32,kg,2026-02-06
SUBJ056,WEEK4,SYSBP,Systolic Blood Pressure,127.05,mmHg,2026-03-07
SUBJ056,WEEK4,DIABP,Diastolic Blood Pressure,71.46,mmHg,2026-03-07
SUBJ056,WEEK4,PULSE,Pulse Rate,70.95,bpm,2026-03-07
SUBJ056,WEEK4,TEMP,Temperature,37.13,°C,2026-03-07
SUBJ056,WEEK4,WEIGHT,Body Weight,82.87,kg,2026-03-07
SUBJ056,WEEK8,SYSBP,Systolic Blood Pressure,120.98,mmHg,2026-04-03
SUBJ056,WEEK8,DIABP,Diastolic Blood Pressure,68.62,mmHg,2026-04-03
SUBJ056,WEEK8,PULSE,Pulse Rate,72.15,bpm,2026-04-03
SUBJ056,WEEK8,TEMP,Temperature,36.86,°C,2026-04-03
SUBJ056,WEEK8,WEIGHT,Body Weight,83.13,kg,2026-04-03
SUBJ056,WEEK12,SYSBP,Systolic Blood Pressure,121.82,mmHg,2026-05-03
SUBJ056,WEEK12,DIABP,Diastolic Blood Pressure,72.02,mmHg,2026-05-03
SUBJ056,WEEK12,PULSE,Pulse Rate,71.83,bpm,2026-05-03
SUBJ056,WEEK12,TEMP,Temperature,36.93,°C,2026-05-03
SUBJ056,WEEK12,WEIGHT,Body Weight,81.68,kg,2026-05-03
SUBJ057,BASELINE,SYSBP,Systolic Blood Pressure,114.86,mmHg,2026-01-14
SUBJ057,BASELINE,DIABP,Diastolic Blood Pressure,89.18,mmHg,2026-01-14
SUBJ057,BASELINE,PULSE,Pulse Rate,64.52,bpm,2026-01-14
SUBJ057,BASELINE,TEMP,Temperature,36.42,°C,2026-01-14
SUBJ057,BASELINE,WEIGHT,Body Weight,86.26,kg,2026-01-14
SUBJ057,WEEK4,SYSBP,Systolic Blood Pressure,123.1,mmHg,2026-02-09
SUBJ057,WEEK4,DIABP,Diastolic Blood Pressure,90.68,mmHg,2026-02-09
SUBJ057,WEEK4,PULSE,Pulse Rate,67.01,bpm,2026-02-09
SUBJ057,WEEK4,TEMP,Temperature,36.24,°C,2026-02-09
SUBJ057,WEEK4,WEIGHT,Body Weight,85.51,kg,2026-02-09
SUBJ057,WEEK8,SYSBP,Systolic Blood Pressure,115.81,mmHg,2026-03-13
SUBJ057,WEEK8,DIABP,Diastolic Blood Pressure,87.93,mmHg,2026-03-13
SUBJ057,WEEK8,PULSE,Pulse Rate,68.14,bpm,2026-03-13
SUBJ057,WEEK8,TEMP,Temperature,36.34,°C,2026-03-13
SUBJ057,WEEK8,WEIGHT,Body Weight,86.08,kg,2026-03-13
SUBJ057,WEEK12,SYSBP,Systolic Blood Pressure,115.3,mmHg,2026-04-06
SUBJ057,WEEK12,DIABP,Diastolic Blood Pressure,89.11,mmHg,2026-04-06
SUBJ057,WEEK12,PULSE,Pulse Rate,63.83,bpm,2026-04-06
SUBJ057,WEEK12,TEMP,Temperature,36.46,°C,2026-04-06
SUBJ057,WEEK12,WEIGHT,Body Weight,85.49,kg,2026-04-06
SUBJ058,BASELINE,SYSBP,Systolic Blood Pressure,125.49,mmHg,2026-01-14
SUBJ058,BASELINE,DIABP,Diastolic Blood Pressure,83.08,mmHg,2026-01-14
SUBJ058,BASELINE,PULSE,Pulse Rate,77.13,bpm,2026-01-14
SUBJ058,BASELINE,TEMP,Temperature,36.82,°C,2026-01-14
SUBJ058,BASELINE,WEIGHT,Body Weight,52.03,kg,2026-01-14
SUBJ058,WEEK4,SYSBP,Systolic Blood Pressure,128.81,mmHg,2026-02-13
SUBJ058,WEEK4,DIABP,Diastolic Blood Pressure,86.9,mmHg,2026-02-13
SUBJ058,WEEK4,PULSE,Pulse Rate,76.66,bpm,2026-02-13
SUBJ058,WEEK4,TEMP,Temperature,36.77,°C,2026-02-13
SUBJ058,WEEK4,WEIGHT,Body Weight,51.83,kg,2026-02-13
SUBJ058,WEEK8,SYSBP,Systolic Blood Pressure,133.5,mmHg,2026-03-11
SUBJ058,WEEK8,DIABP,Diastolic Blood Pressure,81.0,mmHg,2026-03-11
SUBJ058,WEEK8,PULSE,Pulse Rate,74.2,bpm,2026-03-11
SUBJ058,WEEK8,TEMP,Temperature,36.92,°C,2026-03-11
SUBJ058,WEEK8,WEIGHT,Body Weight,50.78,kg,2026-03-11
SUBJ058,WEEK12,SYSBP,Systolic Blood Pressure,125.96,mmHg,2026-04-09
SUBJ058,WEEK12,DIABP,Diastolic Blood Pressure,83.23,mmHg,2026-04-09
SUBJ058,WEEK12,PULSE,Pulse Rate,74.44,bpm,2026-04-09
SUBJ058,WEEK12,TEMP,Temperature,36.88,°C,2026-04-09
SUBJ058,WEEK12,WEIGHT,Body Weight,49.45,kg,2026-04-09
SUBJ059,BASELINE,SYSBP,Systolic Blood Pressure,126.22,mmHg,2026-02-14
SUBJ059,BASELINE,DIABP,Diastolic Blood Pressure,82.92,mmHg,2026-02-14
SUBJ059,BASELINE,PULSE,Pulse Rate,77.66,bpm,2026-02-14
SUBJ059,BASELINE,TEMP,Temperature,37.01,°C,2026-02-14
SUBJ059,BASELINE,WEIGHT,Body Weight,61.71,kg,2026-02-14
SUBJ059,WEEK4,SYSBP,Systolic Blood Pressure,132.94,mmHg,2026-03-16
SUBJ059,WEEK4,DIABP,Diastolic Blood Pressure,82.26,mmHg,2026-03-16
SUBJ059,WEEK4,PULSE,Pulse Rate,72.23,bpm,2026-03-16
SUBJ059,WEEK4,TEMP,Temperature,36.98,°C,2026-03-16
SUBJ059,WEEK4,WEIGHT,Body Weight,62.18,kg,2026-03-16
SUBJ059,WEEK8,SYSBP,Systolic Blood Pressure,127.39,mmHg,2026-04-09
SUBJ059,WEEK8,DIABP,Diastolic Blood Pressure,85.82,mmHg,2026-04-09
SUBJ059,WEEK8,PULSE,Pulse Rate,74.77,bpm,2026-04-09
SUBJ059,WEEK8,TEMP,Temperature,37.01,°C,2026-04-09
SUBJ059,WEEK8,WEIGHT,Body Weight,61.27,kg,2026-04-09
SUBJ059,WEEK12,SYSBP,Systolic Blood Pressure,122.88,mmHg,2026-05-11
SUBJ059,WEEK12,DIABP,Diastolic Blood Pressure,85.23,mmHg,2026-05-11
SUBJ059,WEEK12,PULSE,Pulse Rate,73.63,bpm,2026-05-11
SUBJ059,WEEK12,TEMP,Temperature,37.05,°C,2026-05-11
SUBJ059,WEEK12,WEIGHT,Body Weight,60.29,kg,2026-05-11
SUBJ060,BASELINE,SYSBP,Systolic Blood Pressure,130.71,mmHg,2026-02-07
SUBJ060,BASELINE,DIABP,Diastolic Blood Pressure,86.67,mmHg,2026-02-07
SUBJ060,BASELINE,PULSE,Pulse Rate,70.66,bpm,2026-02-07
SUBJ060,BASELINE,TEMP,Temperature,36.27,°C,2026-02-07
SUBJ060,BASELINE,WEIGHT,Body Weight,91.68,kg,2026-02-07
SUBJ060,WEEK4,SYSBP,Systolic Blood Pressure,129.8,mmHg,2026-03-05
SUBJ060,WEEK4,DIABP,Diastolic Blood Pressure,83.54,mmHg,2026-03-05
SUBJ060,WEEK4,PULSE,Pulse Rate,72.68,bpm,2026-03-05
SUBJ060,WEEK4,TEMP,Temperature,36.27,°C,2026-03-05
SUBJ060,WEEK4,WEIGHT,Body Weight,91.54,kg,2026-03-05
SUBJ060,WEEK8,SYSBP,Systolic Blood Pressure,124.8,mmHg,2026-04-02
SUBJ060,WEEK8,DIABP,Diastolic Blood Pressure,84.19,mmHg,2026-04-02
SUBJ060,WEEK8,PULSE,Pulse Rate,72.72,bpm,2026-04-02
SUBJ060,WEEK8,TEMP,Temperature,36.51,°C,2026-04-02
SUBJ060,WEEK8,WEIGHT,Body Weight,89.95,kg,2026-04-02
SUBJ060,WEEK12,SYSBP,Systolic Blood Pressure,126.62,mmHg,2026-04-30
SUBJ060,WEEK12,DIABP,Diastolic Blood Pressure,86.16,mmHg,2026-04-30
SUBJ060,WEEK12,PULSE,Pulse Rate,73.54,bpm,2026-04-30
SUBJ060,WEEK12,TEMP,Temperature,36.39,°C,2026-04-30
SUBJ060,WEEK12,WEIGHT,Body Weight,89.31,kg,2026-04-30
SUBJ061,BASELINE,SYSBP,Systolic Blood Pressure,139.88,mmHg,2026-01-28
SUBJ061,BASELINE,DIABP,Diastolic Blood Pressure,97.84,mmHg,2026-01-28
SUBJ061,BASELINE,PULSE,Pulse Rate,71.95,bpm,2026-01-28
SUBJ061,BASELINE,TEMP,Temperature,36.53,°C,2026-01-28
SUBJ061,BASELINE,WEIGHT,Body Weight,85.07,kg,2026-01-28
SUBJ061,WEEK4,SYSBP,Systolic Blood Pressure,137.9,mmHg,2026-02-27
SUBJ061,WEEK4,DIABP,Diastolic Blood Pressure,98.96,mmHg,2026-02-27
SUBJ061,WEEK4,PULSE,Pulse Rate,71.46,bpm,2026-02-27
SUBJ061,WEEK4,TEMP,Temperature,36.52,°C,2026-02-27
SUBJ061,WEEK4,WEIGHT,Body Weight,84.66,kg,2026-02-27
SUBJ061,WEEK8,SYSBP,Systolic Blood Pressure,136.05,mmHg,2026-03-27
SUBJ061,WEEK8,DIABP,Diastolic Blood Pressure,90.44,mmHg,2026-03-27
SUBJ061,WEEK8,PULSE,Pulse Rate,69.39,bpm,2026-03-27
SUBJ061,WEEK8,TEMP,Temperature,36.66,°C,2026-03-27
SUBJ061,WEEK8,WEIGHT,Body Weight,84.39,kg,2026-03-27
SUBJ061,WEEK12,SYSBP,Systolic Blood Pressure,133.54,mmHg,2026-04-20
SUBJ061,WEEK12,DIABP,Diastolic Blood Pressure,94.97,mmHg,2026-04-20
SUBJ061,WEEK12,PULSE,Pulse Rate,67.44,bpm,2026-04-20
SUBJ061,WEEK12,TEMP,Temperature,36.67,°C,2026-04-20
SUBJ061,WEEK12,WEIGHT,Body Weight,84.25,kg,2026-04-20
SUBJ062,BASELINE,SYSBP,Systolic Blood Pressure,151.17,mmHg,2026-02-09
SUBJ062,BASELINE,DIABP,Diastolic Blood Pressure,76.24,mmHg,2026-02-09
SUBJ062,BASELINE,PULSE,Pulse Rate,82.86,bpm,2026-02-09
SUBJ062,BASELINE,TEMP,Temperature,36.57,°C,2026-02-09
SUBJ062,BASELINE,WEIGHT,Body Weight,85.71,kg,2026-02-09
SUBJ062,WEEK4,SYSBP,Systolic Blood Pressure,148.41,mmHg,2026-03-11
SUBJ062,WEEK4,DIABP,Diastolic Blood Pressure,83.99,mmHg,2026-03-11
SUBJ062,WEEK4,PULSE,Pulse Rate,82.86,bpm,2026-03-11
SUBJ062,WEEK4,TEMP,Temperature,36.56,°C,2026-03-11
SUBJ062,WEEK4,WEIGHT,Body Weight,84.84,kg,2026-03-11
SUBJ062,WEEK8,SYSBP,Systolic Blood Pressure,140.12,mmHg,2026-04-06
SUBJ062,WEEK8,DIABP,Diastolic Blood Pressure,79.53,mmHg,2026-04-06
SUBJ062,WEEK8,PULSE,Pulse Rate,81.07,bpm,2026-04-06
SUBJ062,WEEK8,TEMP,Temperature,36.41,°C,2026-04-06
SUBJ062,WEEK8,WEIGHT,Body Weight,84.88,kg,2026-04-06
SUBJ062,WEEK12,SYSBP,Systolic Blood Pressure,138.03,mmHg,2026-05-06
SUBJ062,WEEK12,DIABP,Diastolic Blood Pressure,79.11,mmHg,2026-05-06
SUBJ062,WEEK12,PULSE,Pulse Rate,84.63,bpm,2026-05-06
SUBJ062,WEEK12,TEMP,Temperature,36.41,°C,2026-05-06
SUBJ062,WEEK12,WEIGHT,Body Weight,84.42,kg,2026-05-06
SUBJ063,BASELINE,SYSBP,Systolic Blood Pressure,99.78,mmHg,2026-01-18
SUBJ063,BASELINE,DIABP,Diastolic Blood Pressure,77.5,mmHg,2026-01-18
SUBJ063,BASELINE,PULSE,Pulse Rate,81.09,bpm,2026-01-18
SUBJ063,BASELINE,TEMP,Temperature,36.97,°C,2026-01-18
SUBJ063,BASELINE,WEIGHT,Body Weight,90.03,kg,2026-01-18
SUBJ063,WEEK4,SYSBP,Systolic Blood Pressure,98.36,mmHg,2026-02-17
SUBJ063,WEEK4,DIABP,Diastolic Blood Pressure,75.27,mmHg,2026-02-17
SUBJ063,WEEK4,PULSE,Pulse Rate,76.14,bpm,2026-02-17
SUBJ063,WEEK4,TEMP,Temperature,36.81,°C,2026-02-17
SUBJ063,WEEK4,WEIGHT,Body Weight,89.92,kg,2026-02-17
SUBJ063,WEEK8,SYSBP,Systolic Blood Pressure,100.51,mmHg,2026-03-16
SUBJ063,WEEK8,DIABP,Diastolic Blood Pressure,77.23,mmHg,2026-03-16
SUBJ063,WEEK8,PULSE,Pulse Rate,77.38,bpm,2026-03-16
SUBJ063,WEEK8,TEMP,Temperature,36.86,°C,2026-03-16
SUBJ063,WEEK8,WEIGHT,Body Weight,89.83,kg,2026-03-16
SUBJ063,WEEK12,SYSBP,Systolic Blood Pressure,101.66,mmHg,2026-04-10
SUBJ063,WEEK12,DIABP,Diastolic Blood Pressure,68.96,mmHg,2026-04-10
SUBJ063,WEEK12,PULSE,Pulse Rate,73.08,bpm,2026-04-10
SUBJ063,WEEK12,TEMP,Temperature,36.81,°C,2026-04-10
SUBJ063,WEEK12,WEIGHT,Body Weight,88.93,kg,2026-04-10
SUBJ064,BASELINE,SYSBP,Systolic Blood Pressure,122.18,mmHg,2026-01-08
SUBJ064,BASELINE,DIABP,Diastolic Blood Pressure,85.71,mmHg,2026-01-08
SUBJ064,BASELINE,PULSE,Pulse Rate,81.46,bpm,2026-01-08
SUBJ064,BASELINE,TEMP,Temperature,36.4,°C,2026-01-08
SUBJ064,BASELINE,WEIGHT,Body Weight,54.18,kg,2026-01-08
SUBJ064,WEEK4,SYSBP,Systolic Blood Pressure,120.36,mmHg,2026-02-06
SUBJ064,WEEK4,DIABP,Diastolic Blood Pressure,83.44,mmHg,2026-02-06
SUBJ064,WEEK4,PULSE,Pulse Rate,77.27,bpm,2026-02-06
SUBJ064,WEEK4,TEMP,Temperature,36.27,°C,2026-02-06
SUBJ064,WEEK4,WEIGHT,Body Weight,53.35,kg,2026-02-06
SUBJ064,WEEK8,SYSBP,Systolic Blood Pressure,120.9,mmHg,2026-03-04
SUBJ064,WEEK8,DIABP,Diastolic Blood Pressure,85.46,mmHg,2026-03-04
SUBJ064,WEEK8,PULSE,Pulse Rate,75.79,bpm,2026-03-04
SUBJ064,WEEK8,TEMP,Temperature,36.39,°C,2026-03-04
SUBJ064,WEEK8,WEIGHT,Body Weight,52.65,kg,2026-03-04
SUBJ064,WEEK12,SYSBP,Systolic Blood Pressure,116.57,mmHg,2026-03-31
SUBJ064,WEEK12,DIABP,Diastolic Blood Pressure,83.07,mmHg,2026-03-31
SUBJ064,WEEK12,PULSE,Pulse Rate,78.81,bpm,2026-03-31
SUBJ064,WEEK12,TEMP,Temperature,36.29,°C,2026-03-31
SUBJ064,WEEK12,WEIGHT,Body Weight,51.67,kg,2026-03-31
SUBJ065,BASELINE,SYSBP,Systolic Blood Pressure,130.05,mmHg,2026-01-24
SUBJ065,BASELINE,DIABP,Diastolic Blood Pressure,81.92,mmHg,2026-01-24
SUBJ065,BASELINE,PULSE,Pulse Rate,74.79,bpm,2026-01-24
SUBJ065,BASELINE,TEMP,Temperature,36.17,°C,2026-01-24
SUBJ065,BASELINE,WEIGHT,Body Weight,97.02,kg,2026-01-24
SUBJ065,WEEK4,SYSBP,Systolic Blood Pressure,130.96,mmHg,2026-02-23
SUBJ065,WEEK4,DIABP,Diastolic Blood Pressure,79.04,mmHg,2026-02-23
SUBJ065,WEEK4,PULSE,Pulse Rate,79.42,bpm,2026-02-23
SUBJ065,WEEK4,TEMP,Temperature,36.2,°C,2026-02-23
SUBJ065,WEEK4,WEIGHT,Body Weight,97.23,kg,2026-02-23
SUBJ065,WEEK8,SYSBP,Systolic Blood Pressure,130.16,mmHg,2026-03-21
SUBJ065,WEEK8,DIABP,Diastolic Blood Pressure,73.78,mmHg,2026-03-21
SUBJ065,WEEK8,PULSE,Pulse Rate,77.74,bpm,2026-03-21
SUBJ065,WEEK8,TEMP,Temperature,36.2,°C,2026-03-21
SUBJ065,WEEK8,WEIGHT,Body Weight,96.94,kg,2026-03-21
SUBJ065,WEEK12,SYSBP,Systolic Blood Pressure,133.69,mmHg,2026-04-16
SUBJ065,WEEK12,DIABP,Diastolic Blood Pressure,77.94,mmHg,2026-04-16
SUBJ065,WEEK12,PULSE,Pulse Rate,69.6,bpm,2026-04-16
SUBJ065,WEEK12,TEMP,Temperature,36.14,°C,2026-04-16
SUBJ065,WEEK12,WEIGHT,Body Weight,96.3,kg,2026-04-16
SUBJ066,BASELINE,SYSBP,Systolic Blood Pressure,135.5,mmHg,2026-01-20
SUBJ066,BASELINE,DIABP,Diastolic Blood Pressure,95.36,mmHg,2026-01-20
SUBJ066,BASELINE,PULSE,Pulse Rate,68.8,bpm,2026-01-20
SUBJ066,BASELINE,TEMP,Temperature,36.85,°C,2026-01-20
SUBJ066,BASELINE,WEIGHT,Body Weight,54.81,kg,2026-01-20
SUBJ066,WEEK4,SYSBP,Systolic Blood Pressure,134.12,mmHg,2026-02-15
SUBJ066,WEEK4,DIABP,Diastolic Blood Pressure,92.73,mmHg,2026-02-15
SUBJ066,WEEK4,PULSE,Pulse Rate,70.21,bpm,2026-02-15
SUBJ066,WEEK4,TEMP,Temperature,36.72,°C,2026-02-15
SUBJ066,WEEK4,WEIGHT,Body Weight,55.19,kg,2026-02-15
SUBJ066,WEEK8,SYSBP,Systolic Blood Pressure,133.01,mmHg,2026-03-16
SUBJ066,WEEK8,DIABP,Diastolic Blood Pressure,93.54,mmHg,2026-03-16
SUBJ066,WEEK8,PULSE,Pulse Rate,69.43,bpm,2026-03-16
SUBJ066,WEEK8,TEMP,Temperature,36.63,°C,2026-03-16
SUBJ066,WEEK8,WEIGHT,Body Weight,54.51,kg,2026-03-16
SUBJ066,WEEK12,SYSBP,Systolic Blood Pressure,132.76,mmHg,2026-04-14
SUBJ066,WEEK12,DIABP,Diastolic Blood Pressure,91.2,mmHg,2026-04-14
SUBJ066,WEEK12,PULSE,Pulse Rate,67.34,bpm,2026-04-14
SUBJ066,WEEK12,TEMP,Temperature,36.75,°C,2026-04-14
SUBJ066,WEEK12,WEIGHT,Body Weight,54.42,kg,2026-04-14
SUBJ067,BASELINE,SYSBP,Systolic Blood Pressure,132.3,mmHg,2026-02-02
SUBJ067,BASELINE,DIABP,Diastolic Blood Pressure,77.84,mmHg,2026-02-02
SUBJ067,BASELINE,PULSE,Pulse Rate,65.34,bpm,2026-02-02
SUBJ067,BASELINE,TEMP,Temperature,36.48,°C,2026-02-02
SUBJ067,BASELINE,WEIGHT,Body Weight,74.27,kg,2026-02-02
SUBJ067,WEEK4,SYSBP,Systolic Blood Pressure,137.57,mmHg,2026-02-28
SUBJ067,WEEK4,DIABP,Diastolic Blood Pressure,74.0,mmHg,2026-02-28
SUBJ067,WEEK4,PULSE,Pulse Rate,69.61,bpm,2026-02-28
SUBJ067,WEEK4,TEMP,Temperature,36.51,°C,2026-02-28
SUBJ067,WEEK4,WEIGHT,Body Weight,73.23,kg,2026-02-28
SUBJ067,WEEK8,SYSBP,Systolic Blood Pressure,127.41,mmHg,2026-03-29
SUBJ067,WEEK8,DIABP,Diastolic Blood Pressure,72.22,mmHg,2026-03-29
SUBJ067,WEEK8,PULSE,Pulse Rate,74.63,bpm,2026-03-29
SUBJ067,WEEK8,TEMP,Temperature,36.51,°C,2026-03-29
SUBJ067,WEEK8,WEIGHT,Body Weight,72.77,kg,2026-03-29
SUBJ067,WEEK12,SYSBP,Systolic Blood Pressure,129.91,mmHg,2026-04-25
SUBJ067,WEEK12,DIABP,Diastolic Blood Pressure,73.56,mmHg,2026-04-25
SUBJ067,WEEK12,PULSE,Pulse Rate,68.83,bpm,2026-04-25
SUBJ067,WEEK12,TEMP,Temperature,36.56,°C,2026-04-25
SUBJ067,WEEK12,WEIGHT,Body Weight,72.2,kg,2026-04-25
SUBJ068,BASELINE,SYSBP,Systolic Blood Pressure,124.38,mmHg,2026-01-11
SUBJ068,BASELINE,DIABP,Diastolic Blood Pressure,84.89,mmHg,2026-01-11
SUBJ068,BASELINE,PULSE,Pulse Rate,76.33,bpm,2026-01-11
SUBJ068,BASELINE,TEMP,Temperature,36.76,°C,2026-01-11
SUBJ068,BASELINE,WEIGHT,Body Weight,99.24,kg,2026-01-11
SUBJ068,WEEK4,SYSBP,Systolic Blood Pressure,112.28,mmHg,2026-02-08
SUBJ068,WEEK4,DIABP,Diastolic Blood Pressure,83.48,mmHg,2026-02-08
SUBJ068,WEEK4,PULSE,Pulse Rate,74.51,bpm,2026-02-08
SUBJ068,WEEK4,TEMP,Temperature,36.94,°C,2026-02-08
SUBJ068,WEEK4,WEIGHT,Body Weight,98.27,kg,2026-02-08
SUBJ068,WEEK8,SYSBP,Systolic Blood Pressure,111.21,mmHg,2026-03-06
SUBJ068,WEEK8,DIABP,Diastolic Blood Pressure,88.54,mmHg,2026-03-06
SUBJ068,WEEK8,PULSE,Pulse Rate,77.64,bpm,2026-03-06
SUBJ068,WEEK8,TEMP,Temperature,36.8,°C,2026-03-06
SUBJ068,WEEK8,WEIGHT,Body Weight,97.32,kg,2026-03-06
SUBJ068,WEEK12,SYSBP,Systolic Blood Pressure,114.21,mmHg,2026-04-05
SUBJ068,WEEK12,DIABP,Diastolic Blood Pressure,77.06,mmHg,2026-04-05
SUBJ068,WEEK12,PULSE,Pulse Rate,72.73,bpm,2026-04-05
SUBJ068,WEEK12,TEMP,Temperature,37.02,°C,2026-04-05
SUBJ068,WEEK12,WEIGHT,Body Weight,96.85,kg,2026-04-05
SUBJ069,BASELINE,SYSBP,Systolic Blood Pressure,132.93,mmHg,2026-01-29
SUBJ069,BASELINE,DIABP,Diastolic Blood Pressure,82.06,mmHg,2026-01-29
SUBJ069,BASELINE,PULSE,Pulse Rate,72.21,bpm,2026-01-29
SUBJ069,BASELINE,TEMP,Temperature,36.64,°C,2026-01-29
SUBJ069,BASELINE,WEIGHT,Body Weight,86.0,kg,2026-01-29
SUBJ069,WEEK4,SYSBP,Systolic Blood Pressure,140.76,mmHg,2026-02-25
SUBJ069,WEEK4,DIABP,Diastolic Blood Pressure,71.24,mmHg,2026-02-25
SUBJ069,WEEK4,PULSE,Pulse Rate,67.94,bpm,2026-02-25
SUBJ069,WEEK4,TEMP,Temperature,36.73,°C,2026-02-25
SUBJ069,WEEK4,WEIGHT,Body Weight,85.27,kg,2026-02-25
SUBJ069,WEEK8,SYSBP,Systolic Blood Pressure,132.04,mmHg,2026-03-28
SUBJ069,WEEK8,DIABP,Diastolic Blood Pressure,77.11,mmHg,2026-03-28
SUBJ069,WEEK8,PULSE,Pulse Rate,68.46,bpm,2026-03-28
SUBJ069,WEEK8,TEMP,Temperature,36.71,°C,2026-03-28
SUBJ069,WEEK8,WEIGHT,Body Weight,83.52,kg,2026-03-28
SUBJ069,WEEK12,SYSBP,Systolic Blood Pressure,134.22,mmHg,2026-04-24
SUBJ069,WEEK12,DIABP,Diastolic Blood Pressure,79.5,mmHg,2026-04-24
SUBJ069,WEEK12,PULSE,Pulse Rate,76.15,bpm,2026-04-24
SUBJ069,WEEK12,TEMP,Temperature,36.64,°C,2026-04-24
SUBJ069,WEEK12,WEIGHT,Body Weight,83.64,kg,2026-04-24
SUBJ070,BASELINE,SYSBP,Systolic Blood Pressure,120.42,mmHg,2026-01-16
SUBJ070,BASELINE,DIABP,Diastolic Blood Pressure,78.22,mmHg,2026-01-16
SUBJ070,BASELINE,PULSE,Pulse Rate,74.44,bpm,2026-01-16
SUBJ070,BASELINE,TEMP,Temperature,37.36,°C,2026-01-16
SUBJ070,BASELINE,WEIGHT,Body Weight,81.03,kg,2026-01-16
SUBJ070,WEEK4,SYSBP,Systolic Blood Pressure,118.46,mmHg,2026-02-15
SUBJ070,WEEK4,DIABP,Diastolic Blood Pressure,78.94,mmHg,2026-02-15
SUBJ070,WEEK4,PULSE,Pulse Rate,74.89,bpm,2026-02-15
SUBJ070,WEEK4,TEMP,Temperature,37.37,°C,2026-02-15
SUBJ070,WEEK4,WEIGHT,Body Weight,80.04,kg,2026-02-15
SUBJ070,WEEK8,SYSBP,Systolic Blood Pressure,121.78,mmHg,2026-03-15
SUBJ070,WEEK8,DIABP,Diastolic Blood Pressure,76.42,mmHg,2026-03-15
SUBJ070,WEEK8,PULSE,Pulse Rate,74.78,bpm,2026-03-15
SUBJ070,WEEK8,TEMP,Temperature,37.37,°C,2026-03-15
SUBJ070,WEEK8,WEIGHT,Body Weight,80.21,kg,2026-03-15
SUBJ070,WEEK12,SYSBP,Systolic Blood Pressure,118.46,mmHg,2026-04-09
SUBJ070,WEEK12,DIABP,Diastolic Blood Pressure,75.24,mmHg,2026-04-09
SUBJ070,WEEK12,PULSE,Pulse Rate,80.06,bpm,2026-04-09
SUBJ070,WEEK12,TEMP,Temperature,37.45,°C,2026-04-09
SUBJ070,WEEK12,WEIGHT,Body Weight,79.87,kg,2026-04-09
SUBJ071,BASELINE,SYSBP,Systolic Blood Pressure,135.25,mmHg,2026-02-08
SUBJ071,BASELINE,DIABP,Diastolic Blood Pressure,70.55,mmHg,2026-02-08
SUBJ071,BASELINE,PULSE,Pulse Rate,53.38,bpm,2026-02-08
SUBJ071,BASELINE,TEMP,Temperature,36.4,°C,2026-02-08
SUBJ071,BASELINE,WEIGHT,Body Weight,69.17,kg,2026-02-08
SUBJ071,WEEK4,SYSBP,Systolic Blood Pressure,127.14,mmHg,2026-03-08
SUBJ071,WEEK4,DIABP,Diastolic Blood Pressure,76.28,mmHg,2026-03-08
SUBJ071,WEEK4,PULSE,Pulse Rate,52.94,bpm,2026-03-08
SUBJ071,WEEK4,TEMP,Temperature,36.29,°C,2026-03-08
SUBJ071,WEEK4,WEIGHT,Body Weight,68.43,kg,2026-03-08
SUBJ071,WEEK8,SYSBP,Systolic Blood Pressure,125.21,mmHg,2026-04-04
SUBJ071,WEEK8,DIABP,Diastolic Blood Pressure,67.27,mmHg,2026-04-04
SUBJ071,WEEK8,PULSE,Pulse Rate,55.14,bpm,2026-04-04
SUBJ071,WEEK8,TEMP,Temperature,36.36,°C,2026-04-04
SUBJ071,WEEK8,WEIGHT,Body Weight,68.57,kg,2026-04-04
SUBJ071,WEEK12,SYSBP,Systolic Blood Pressure,133.76,mmHg,2026-05-02
SUBJ071,WEEK12,DIABP,Diastolic Blood Pressure,70.79,mmHg,2026-05-02
SUBJ071,WEEK12,PULSE,Pulse Rate,52.32,bpm,2026-05-02
SUBJ071,WEEK12,TEMP,Temperature,36.32,°C,2026-05-02
SUBJ071,WEEK12,WEIGHT,Body Weight,68.19,kg,2026-05-02
SUBJ072,BASELINE,SYSBP,Systolic Blood Pressure,130.28,mmHg,2026-01-31
SUBJ072,BASELINE,DIABP,Diastolic Blood Pressure,76.43,mmHg,2026-01-31
SUBJ072,BASELINE,PULSE,Pulse Rate,72.55,bpm,2026-01-31
SUBJ072,BASELINE,TEMP,Temperature,37.23,°C,2026-01-31
SUBJ072,BASELINE,WEIGHT,Body Weight,59.24,kg,2026-01-31
SUBJ072,WEEK4,SYSBP,Systolic Blood Pressure,129.46,mmHg,2026-02-28
SUBJ072,WEEK4,DIABP,Diastolic Blood Pressure,74.46,mmHg,2026-02-28
SUBJ072,WEEK4,PULSE,Pulse Rate,68.73,bpm,2026-02-28
SUBJ072,WEEK4,TEMP,Temperature,37.15,°C,2026-02-28
SUBJ072,WEEK4,WEIGHT,Body Weight,59.34,kg,2026-02-28
SUBJ073,BASELINE,SYSBP,Systolic Blood Pressure,134.08,mmHg,2026-01-19
SUBJ073,BASELINE,DIABP,Diastolic Blood Pressure,84.13,mmHg,2026-01-19
SUBJ073,BASELINE,PULSE,Pulse Rate,77.1,bpm,2026-01-19
SUBJ073,BASELINE,TEMP,Temperature,36.76,°C,2026-01-19
SUBJ073,BASELINE,WEIGHT,Body Weight,55.54,kg,2026-01-19
SUBJ073,WEEK4,SYSBP,Systolic Blood Pressure,123.0,mmHg,2026-02-14
SUBJ073,WEEK4,DIABP,Diastolic Blood Pressure,83.61,mmHg,2026-02-14
SUBJ073,WEEK4,PULSE,Pulse Rate,81.56,bpm,2026-02-14
SUBJ073,WEEK4,TEMP,Temperature,36.62,°C,2026-02-14
SUBJ073,WEEK4,WEIGHT,Body Weight,54.14,kg,2026-02-14
SUBJ073,WEEK8,SYSBP,Systolic Blood Pressure,124.87,mmHg,2026-03-18
SUBJ073,WEEK8,DIABP,Diastolic Blood Pressure,87.58,mmHg,2026-03-18
SUBJ073,WEEK8,PULSE,Pulse Rate,76.23,bpm,2026-03-18
SUBJ073,WEEK8,TEMP,Temperature,36.58,°C,2026-03-18
SUBJ073,WEEK8,WEIGHT,Body Weight,52.63,kg,2026-03-18
SUBJ074,BASELINE,SYSBP,Systolic Blood Pressure,131.79,mmHg,2026-01-21
SUBJ074,BASELINE,DIABP,Diastolic Blood Pressure,75.64,mmHg,2026-01-21
SUBJ074,BASELINE,PULSE,Pulse Rate,77.95,bpm,2026-01-21
SUBJ074,BASELINE,TEMP,Temperature,36.93,°C,2026-01-21
SUBJ074,BASELINE,WEIGHT,Body Weight,77.75,kg,2026-01-21
SUBJ074,WEEK4,SYSBP,Systolic Blood Pressure,133.84,mmHg,2026-02-19
SUBJ074,WEEK4,DIABP,Diastolic Blood Pressure,68.86,mmHg,2026-02-19
SUBJ074,WEEK4,PULSE,Pulse Rate,76.08,bpm,2026-02-19
SUBJ074,WEEK4,TEMP,Temperature,37.1,°C,2026-02-19
SUBJ074,WEEK4,WEIGHT,Body Weight,77.23,kg,2026-02-19
SUBJ074,WEEK8,SYSBP,Systolic Blood Pressure,130.53,mmHg,2026-03-18
SUBJ074,WEEK8,DIABP,Diastolic Blood Pressure,70.3,mmHg,2026-03-18
SUBJ074,WEEK8,PULSE,Pulse Rate,80.29,bpm,2026-03-18
SUBJ074,WEEK8,TEMP,Temperature,37.06,°C,2026-03-18
SUBJ074,WEEK8,WEIGHT,Body Weight,77.39,kg,2026-03-18
SUBJ074,WEEK12,SYSBP,Systolic Blood Pressure,134.03,mmHg,2026-04-15
SUBJ074,WEEK12,DIABP,Diastolic Blood Pressure,73.64,mmHg,2026-04-15
SUBJ074,WEEK12,PULSE,Pulse Rate,75.04,bpm,2026-04-15
SUBJ074,WEEK12,TEMP,Temperature,37.09,°C,2026-04-15
SUBJ074,WEEK12,WEIGHT,Body Weight,76.55,kg,2026-04-15
SUBJ075,BASELINE,SYSBP,Systolic Blood Pressure,158.75,mmHg,2026-02-06
SUBJ075,BASELINE,DIABP,Diastolic Blood Pressure,81.17,mmHg,2026-02-06
SUBJ075,BASELINE,PULSE,Pulse Rate,54.99,bpm,2026-02-06
SUBJ075,BASELINE,TEMP,Temperature,36.82,°C,2026-02-06
SUBJ075,BASELINE,WEIGHT,Body Weight,95.08,kg,2026-02-06
SUBJ075,WEEK4,SYSBP,Systolic Blood Pressure,157.21,mmHg,2026-03-08
SUBJ075,WEEK4,DIABP,Diastolic Blood Pressure,87.41,mmHg,2026-03-08
SUBJ075,WEEK4,PULSE,Pulse Rate,57.7,bpm,2026-03-08
SUBJ075,WEEK4,TEMP,Temperature,36.95,°C,2026-03-08
SUBJ075,WEEK4,WEIGHT,Body Weight,94.05,kg,2026-03-08
SUBJ075,WEEK8,SYSBP,Systolic Blood Pressure,158.54,mmHg,2026-04-03
SUBJ075,WEEK8,DIABP,Diastolic Blood Pressure,88.32,mmHg,2026-04-03
SUBJ075,WEEK8,PULSE,Pulse Rate,60.03,bpm,2026-04-03
SUBJ075,WEEK8,TEMP,Temperature,36.78,°C,2026-04-03
SUBJ075,WEEK8,WEIGHT,Body Weight,93.27,kg,2026-04-03
SUBJ075,WEEK12,SYSBP,Systolic Blood Pressure,152.91,mmHg,2026-04-29
SUBJ075,WEEK12,DIABP,Diastolic Blood Pressure,92.13,mmHg,2026-04-29
SUBJ075,WEEK12,PULSE,Pulse Rate,54.25,bpm,2026-04-29
SUBJ075,WEEK12,TEMP,Temperature,36.99,°C,2026-04-29
SUBJ075,WEEK12,WEIGHT,Body Weight,92.64,kg,2026-04-29
SUBJ076,BASELINE,SYSBP,Systolic Blood Pressure,150.08,mmHg,2026-02-10
SUBJ076,BASELINE,DIABP,Diastolic Blood Pressure,81.61,mmHg,2026-02-10
SUBJ076,BASELINE,PULSE,Pulse Rate,75.87,bpm,2026-02-10
SUBJ076,BASELINE,TEMP,Temperature,36.81,°C,2026-02-10
SUBJ076,BASELINE,WEIGHT,Body Weight,87.04,kg,2026-02-10
SUBJ076,WEEK4,SYSBP,Systolic Blood Pressure,139.74,mmHg,2026-03-08
SUBJ076,WEEK4,DIABP,Diastolic Blood Pressure,83.99,mmHg,2026-03-08
SUBJ076,WEEK4,PULSE,Pulse Rate,76.85,bpm,2026-03-08
SUBJ076,WEEK4,TEMP,Temperature,36.65,°C,2026-03-08
SUBJ076,WEEK4,WEIGHT,Body Weight,86.1,kg,2026-03-08
SUBJ076,WEEK8,SYSBP,Systolic Blood Pressure,131.84,mmHg,2026-04-09
SUBJ076,WEEK8,DIABP,Diastolic Blood Pressure,84.98,mmHg,2026-04-09
SUBJ076,WEEK8,PULSE,Pulse Rate,76.21,bpm,2026-04-09
SUBJ076,WEEK8,TEMP,Temperature,36.66,°C,2026-04-09
SUBJ076,WEEK8,WEIGHT,Body Weight,85.67,kg,2026-04-09
SUBJ076,WEEK12,SYSBP,Systolic Blood Pressure,142.34,mmHg,2026-05-03
SUBJ076,WEEK12,DIABP,Diastolic Blood Pressure,76.27,mmHg,2026-05-03
SUBJ076,WEEK12,PULSE,Pulse Rate,79.4,bpm,2026-05-03
SUBJ076,WEEK12,TEMP,Temperature,36.63,°C,2026-05-03
SUBJ076,WEEK12,WEIGHT,Body Weight,85.34,kg,2026-05-03
SUBJ077,BASELINE,SYSBP,Systolic Blood Pressure,132.54,mmHg,2026-02-03
SUBJ077,BASELINE,DIABP,Diastolic Blood Pressure,74.63,mmHg,2026-02-03
SUBJ077,BASELINE,PULSE,Pulse Rate,79.24,bpm,2026-02-03
SUBJ077,BASELINE,TEMP,Temperature,36.87,°C,2026-02-03
SUBJ077,BASELINE,WEIGHT,Body Weight,78.46,kg,2026-02-03
SUBJ077,WEEK4,SYSBP,Systolic Blood Pressure,134.34,mmHg,2026-03-01
SUBJ077,WEEK4,DIABP,Diastolic Blood Pressure,68.07,mmHg,2026-03-01
SUBJ077,WEEK4,PULSE,Pulse Rate,81.3,bpm,2026-03-01
SUBJ077,WEEK4,TEMP,Temperature,36.99,°C,2026-03-01
SUBJ077,WEEK4,WEIGHT,Body Weight,77.51,kg,2026-03-01
SUBJ078,BASELINE,SYSBP,Systolic Blood Pressure,126.84,mmHg,2026-02-05
SUBJ078,BASELINE,DIABP,Diastolic Blood Pressure,83.4,mmHg,2026-02-05
SUBJ078,BASELINE,PULSE,Pulse Rate,77.4,bpm,2026-02-05
SUBJ078,BASELINE,TEMP,Temperature,36.7,°C,2026-02-05
SUBJ078,BASELINE,WEIGHT,Body Weight,90.91,kg,2026-02-05
SUBJ078,WEEK4,SYSBP,Systolic Blood Pressure,133.25,mmHg,2026-03-06
SUBJ078,WEEK4,DIABP,Diastolic Blood Pressure,82.64,mmHg,2026-03-06
SUBJ078,WEEK4,PULSE,Pulse Rate,72.02,bpm,2026-03-06
SUBJ078,WEEK4,TEMP,Temperature,36.69,°C,2026-03-06
SUBJ078,WEEK4,WEIGHT,Body Weight,89.72,kg,2026-03-06
SUBJ078,WEEK8,SYSBP,Systolic Blood Pressure,129.39,mmHg,2026-03-31
SUBJ078,WEEK8,DIABP,Diastolic Blood Pressure,86.35,mmHg,2026-03-31
SUBJ078,WEEK8,PULSE,Pulse Rate,83.01,bpm,2026-03-31
SUBJ078,WEEK8,TEMP,Temperature,36.56,°C,2026-03-31
SUBJ078,WEEK8,WEIGHT,Body Weight,89.49,kg,2026-03-31
SUBJ078,WEEK12,SYSBP,Systolic Blood Pressure,130.84,mmHg,2026-04-29
SUBJ078,WEEK12,DIABP,Diastolic Blood Pressure,76.07,mmHg,2026-04-29
SUBJ078,WEEK12,PULSE,Pulse Rate,74.28,bpm,2026-04-29
SUBJ078,WEEK12,TEMP,Temperature,36.53,°C,2026-04-29
SUBJ078,WEEK12,WEIGHT,Body Weight,88.14,kg,2026-04-29
SUBJ079,BASELINE,SYSBP,Systolic Blood Pressure,135.9,mmHg,2026-02-13
SUBJ079,BASELINE,DIABP,Diastolic Blood Pressure,97.37,mmHg,2026-02-13
SUBJ079,BASELINE,PULSE,Pulse Rate,81.82,bpm,2026-02-13
SUBJ079,BASELINE,TEMP,Temperature,36.59,°C,2026-02-13
SUBJ079,BASELINE,WEIGHT,Body Weight,80.25,kg,2026-02-13
SUBJ079,WEEK4,SYSBP,Systolic Blood Pressure,132.68,mmHg,2026-03-13
SUBJ079,WEEK4,DIABP,Diastolic Blood Pressure,90.28,mmHg,2026-03-13
SUBJ079,WEEK4,PULSE,Pulse Rate,76.15,bpm,2026-03-13
SUBJ079,WEEK4,TEMP,Temperature,36.85,°C,2026-03-13
SUBJ079,WEEK4,WEIGHT,Body Weight,78.88,kg,2026-03-13
SUBJ079,WEEK8,SYSBP,Systolic Blood Pressure,131.48,mmHg,2026-04-09
SUBJ079,WEEK8,DIABP,Diastolic Blood Pressure,92.88,mmHg,2026-04-09
SUBJ079,WEEK8,PULSE,Pulse Rate,74.45,bpm,2026-04-09
SUBJ079,WEEK8,TEMP,Temperature,36.66,°C,2026-04-09
SUBJ079,WEEK8,WEIGHT,Body Weight,78.37,kg,2026-04-09
SUBJ080,BASELINE,SYSBP,Systolic Blood Pressure,127.94,mmHg,2026-01-28
SUBJ080,BASELINE,DIABP,Diastolic Blood Pressure,83.12,mmHg,2026-01-28
SUBJ080,BASELINE,PULSE,Pulse Rate,75.05,bpm,2026-01-28
SUBJ080,BASELINE,TEMP,Temperature,36.73,°C,2026-01-28
SUBJ080,BASELINE,WEIGHT,Body Weight,83.3,kg,2026-01-28
SUBJ080,WEEK4,SYSBP,Systolic Blood Pressure,128.16,mmHg,2026-02-27
SUBJ080,WEEK4,DIABP,Diastolic Blood Pressure,82.28,mmHg,2026-02-27
SUBJ080,WEEK4,PULSE,Pulse Rate,73.37,bpm,2026-02-27
SUBJ080,WEEK4,TEMP,Temperature,36.5,°C,2026-02-27
SUBJ080,WEEK4,WEIGHT,Body Weight,82.96,kg,2026-02-27
SUBJ080,WEEK8,SYSBP,Systolic Blood Pressure,137.8,mmHg,2026-03-27
SUBJ080,WEEK8,DIABP,Diastolic Blood Pressure,83.76,mmHg,2026-03-27
SUBJ080,WEEK8,PULSE,Pulse Rate,80.78,bpm,2026-03-27
SUBJ080,WEEK8,TEMP,Temperature,36.6,°C,2026-03-27
SUBJ080,WEEK8,WEIGHT,Body Weight,81.94,kg,2026-03-27
SUBJ081,BASELINE,SYSBP,Systolic Blood Pressure,141.35,mmHg,2026-01-30
SUBJ081,BASELINE,DIABP,Diastolic Blood Pressure,77.56,mmHg,2026-01-30
SUBJ081,BASELINE,PULSE,Pulse Rate,59.71,bpm,2026-01-30
SUBJ081,BASELINE,TEMP,Temperature,37.12,°C,2026-01-30
SUBJ081,BASELINE,WEIGHT,Body Weight,84.81,kg,2026-01-30
SUBJ081,WEEK4,SYSBP,Systolic Blood Pressure,139.95,mmHg,2026-02-26
SUBJ081,WEEK4,DIABP,Diastolic Blood Pressure,78.52,mmHg,2026-02-26
SUBJ081,WEEK4,PULSE,Pulse Rate,59.22,bpm,2026-02-26
SUBJ081,WEEK4,TEMP,Temperature,37.04,°C,2026-02-26
SUBJ081,WEEK4,WEIGHT,Body Weight,84.17,kg,2026-02-26
SUBJ081,WEEK8,SYSBP,Systolic Blood Pressure,141.61,mmHg,2026-03-29
SUBJ081,WEEK8,DIABP,Diastolic Blood Pressure,78.45,mmHg,2026-03-29
SUBJ081,WEEK8,PULSE,Pulse Rate,56.58,bpm,2026-03-29
SUBJ081,WEEK8,TEMP,Temperature,37.04,°C,2026-03-29
SUBJ081,WEEK8,WEIGHT,Body Weight,83.79,kg,2026-03-29
SUBJ082,BASELINE,SYSBP,Systolic Blood Pressure,111.22,mmHg,2026-01-13
SUBJ082,BASELINE,DIABP,Diastolic Blood Pressure,87.91,mmHg,2026-01-13
SUBJ082,BASELINE,PULSE,Pulse Rate,71.94,bpm,2026-01-13
SUBJ082,BASELINE,TEMP,Temperature,36.98,°C,2026-01-13
SUBJ082,BASELINE,WEIGHT,Body Weight,79.53,kg,2026-01-13
SUBJ082,WEEK4,SYSBP,Systolic Blood Pressure,115.07,mmHg,2026-02-12
SUBJ082,WEEK4,DIABP,Diastolic Blood Pressure,82.56,mmHg,2026-02-12
SUBJ082,WEEK4,PULSE,Pulse Rate,75.45,bpm,2026-02-12
SUBJ082,WEEK4,TEMP,Temperature,37.08,°C,2026-02-12
SUBJ082,WEEK4,WEIGHT,Body Weight,78.55,kg,2026-02-12
SUBJ083,BASELINE,SYSBP,Systolic Blood Pressure,124.86,mmHg,2026-01-18
SUBJ083,BASELINE,DIABP,Diastolic Blood Pressure,84.13,mmHg,2026-01-18
SUBJ083,BASELINE,PULSE,Pulse Rate,82.76,bpm,2026-01-18
SUBJ083,BASELINE,TEMP,Temperature,36.59,°C,2026-01-18
SUBJ083,BASELINE,WEIGHT,Body Weight,66.98,kg,2026-01-18
SUBJ083,WEEK4,SYSBP,Systolic Blood Pressure,135.03,mmHg,2026-02-14
SUBJ083,WEEK4,DIABP,Diastolic Blood Pressure,85.25,mmHg,2026-02-14
SUBJ083,WEEK4,PULSE,Pulse Rate,76.98,bpm,2026-02-14
SUBJ083,WEEK4,TEMP,Temperature,36.8,°C,2026-02-14
SUBJ083,WEEK4,WEIGHT,Body Weight,66.23,kg,2026-02-14
SUBJ083,WEEK8,SYSBP,Systolic Blood Pressure,134.94,mmHg,2026-03-15
SUBJ083,WEEK8,DIABP,Diastolic Blood Pressure,84.24,mmHg,2026-03-15
SUBJ083,WEEK8,PULSE,Pulse Rate,75.24,bpm,2026-03-15
SUBJ083,WEEK8,TEMP,Temperature,36.69,°C,2026-03-15
SUBJ083,WEEK8,WEIGHT,Body Weight,66.28,kg,2026-03-15
SUBJ083,WEEK12,SYSBP,Systolic Blood Pressure,128.69,mmHg,2026-04-11
SUBJ083,WEEK12,DIABP,Diastolic Blood Pressure,78.82,mmHg,2026-04-11
SUBJ083,WEEK12,PULSE,Pulse Rate,79.99,bpm,2026-04-11
SUBJ083,WEEK12,TEMP,Temperature,36.83,°C,2026-04-11
SUBJ083,WEEK12,WEIGHT,Body Weight,66.57,kg,2026-04-11
SUBJ084,BASELINE,SYSBP,Systolic Blood Pressure,137.96,mmHg,2026-01-16
SUBJ084,BASELINE,DIABP,Diastolic Blood Pressure,93.48,mmHg,2026-01-16
SUBJ084,BASELINE,PULSE,Pulse Rate,76.62,bpm,2026-01-16
SUBJ084,BASELINE,TEMP,Temperature,36.48,°C,2026-01-16
SUBJ084,BASELINE,WEIGHT,Body Weight,85.03,kg,2026-01-16
SUBJ084,WEEK4,SYSBP,Systolic Blood Pressure,138.55,mmHg,2026-02-13
SUBJ084,WEEK4,DIABP,Diastolic Blood Pressure,100.18,mmHg,2026-02-13
SUBJ084,WEEK4,PULSE,Pulse Rate,76.75,bpm,2026-02-13
SUBJ084,WEEK4,TEMP,Temperature,36.66,°C,2026-02-13
SUBJ084,WEEK4,WEIGHT,Body Weight,83.96,kg,2026-02-13
SUBJ084,WEEK8,SYSBP,Systolic Blood Pressure,142.4,mmHg,2026-03-12
SUBJ084,WEEK8,DIABP,Diastolic Blood Pressure,90.95,mmHg,2026-03-12
SUBJ084,WEEK8,PULSE,Pulse Rate,77.14,bpm,2026-03-12
SUBJ084,WEEK8,TEMP,Temperature,36.44,°C,2026-03-12
SUBJ084,WEEK8,WEIGHT,Body Weight,83.32,kg,2026-03-12
SUBJ084,WEEK12,SYSBP,Systolic Blood Pressure,138.03,mmHg,2026-04-09
SUBJ084,WEEK12,DIABP,Diastolic Blood Pressure,93.3,mmHg,2026-04-09
SUBJ084,WEEK12,PULSE,Pulse Rate,72.69,bpm,2026-04-09
SUBJ084,WEEK12,TEMP,Temperature,36.51,°C,2026-04-09
SUBJ084,WEEK12,WEIGHT,Body Weight,82.54,kg,2026-04-09
SUBJ085,BASELINE,SYSBP,Systolic Blood Pressure,144.4,mmHg,2026-01-07
SUBJ085,BASELINE,DIABP,Diastolic Blood Pressure,92.92,mmHg,2026-01-07
SUBJ085,BASELINE,PULSE,Pulse Rate,76.14,bpm,2026-01-07
SUBJ085,BASELINE,TEMP,Temperature,36.52,°C,2026-01-07
SUBJ085,BASELINE,WEIGHT,Body Weight,96.89,kg,2026-01-07
SUBJ085,WEEK4,SYSBP,Systolic Blood Pressure,136.07,mmHg,2026-02-04
SUBJ085,WEEK4,DIABP,Diastolic Blood Pressure,96.91,mmHg,2026-02-04
SUBJ085,WEEK4,PULSE,Pulse Rate,72.22,bpm,2026-02-04
SUBJ085,WEEK4,TEMP,Temperature,36.6,°C,2026-02-04
SUBJ085,WEEK4,WEIGHT,Body Weight,96.16,kg,2026-02-04
SUBJ085,WEEK8,SYSBP,Systolic Blood Pressure,137.96,mmHg,2026-03-03
SUBJ085,WEEK8,DIABP,Diastolic Blood Pressure,87.72,mmHg,2026-03-03
SUBJ085,WEEK8,PULSE,Pulse Rate,74.77,bpm,2026-03-03
SUBJ085,WEEK8,TEMP,Temperature,36.63,°C,2026-03-03
SUBJ085,WEEK8,WEIGHT,Body Weight,96.01,kg,2026-03-03
SUBJ085,WEEK12,SYSBP,Systolic Blood Pressure,131.66,mmHg,2026-04-03
SUBJ085,WEEK12,DIABP,Diastolic Blood Pressure,87.9,mmHg,2026-04-03
SUBJ085,WEEK12,PULSE,Pulse Rate,80.67,bpm,2026-04-03
SUBJ085,WEEK12,TEMP,Temperature,36.64,°C,2026-04-03
SUBJ085,WEEK12,WEIGHT,Body Weight,95.55,kg,2026-04-03
SUBJ086,BASELINE,SYSBP,Systolic Blood Pressure,145.85,mmHg,2026-01-13
SUBJ086,BASELINE,DIABP,Diastolic Blood Pressure,102.29,mmHg,2026-01-13
SUBJ086,BASELINE,PULSE,Pulse Rate,84.59,bpm,2026-01-13
SUBJ086,BASELINE,TEMP,Temperature,36.98,°C,2026-01-13
SUBJ086,BASELINE,WEIGHT,Body Weight,75.17,kg,2026-01-13
SUBJ086,WEEK4,SYSBP,Systolic Blood Pressure,141.29,mmHg,2026-02-10
SUBJ086,WEEK4,DIABP,Diastolic Blood Pressure,100.06,mmHg,2026-02-10
SUBJ086,WEEK4,PULSE,Pulse Rate,80.43,bpm,2026-02-10
SUBJ086,WEEK4,TEMP,Temperature,37.09,°C,2026-02-10
SUBJ086,WEEK4,WEIGHT,Body Weight,73.66,kg,2026-02-10
SUBJ086,WEEK8,SYSBP,Systolic Blood Pressure,142.02,mmHg,2026-03-08
SUBJ086,WEEK8,DIABP,Diastolic Blood Pressure,101.11,mmHg,2026-03-08
SUBJ086,WEEK8,PULSE,Pulse Rate,86.06,bpm,2026-03-08
SUBJ086,WEEK8,TEMP,Temperature,37.15,°C,2026-03-08
SUBJ086,WEEK8,WEIGHT,Body Weight,72.83,kg,2026-03-08
SUBJ086,WEEK12,SYSBP,Systolic Blood Pressure,142.06,mmHg,2026-04-08
SUBJ086,WEEK12,DIABP,Diastolic Blood Pressure,101.65,mmHg,2026-04-08
SUBJ086,WEEK12,PULSE,Pulse Rate,83.19,bpm,2026-04-08
SUBJ086,WEEK12,TEMP,Temperature,37.21,°C,2026-04-08
SUBJ086,WEEK12,WEIGHT,Body Weight,72.59,kg,2026-04-08
SUBJ087,BASELINE,SYSBP,Systolic Blood Pressure,130.82,mmHg,2026-01-28
SUBJ087,BASELINE,DIABP,Diastolic Blood Pressure,65.61,mmHg,2026-01-28
SUBJ087,BASELINE,PULSE,Pulse Rate,78.15,bpm,2026-01-28
SUBJ087,BASELINE,TEMP,Temperature,36.66,°C,2026-01-28
SUBJ087,BASELINE,WEIGHT,Body Weight,64.39,kg,2026-01-28
SUBJ087,WEEK4,SYSBP,Systolic Blood Pressure,141.67,mmHg,2026-02-24
SUBJ087,WEEK4,DIABP,Diastolic Blood Pressure,77.71,mmHg,2026-02-24
SUBJ087,WEEK4,PULSE,Pulse Rate,75.53,bpm,2026-02-24
SUBJ087,WEEK4,TEMP,Temperature,36.55,°C,2026-02-24
SUBJ087,WEEK4,WEIGHT,Body Weight,63.38,kg,2026-02-24
SUBJ087,WEEK8,SYSBP,Systolic Blood Pressure,131.22,mmHg,2026-03-25
SUBJ087,WEEK8,DIABP,Diastolic Blood Pressure,75.47,mmHg,2026-03-25
SUBJ087,WEEK8,PULSE,Pulse Rate,76.04,bpm,2026-03-25
SUBJ087,WEEK8,TEMP,Temperature,36.58,°C,2026-03-25
SUBJ087,WEEK8,WEIGHT,Body Weight,62.2,kg,2026-03-25
SUBJ087,WEEK12,SYSBP,Systolic Blood Pressure,136.25,mmHg,2026-04-24
SUBJ087,WEEK12,DIABP,Diastolic Blood Pressure,66.83,mmHg,2026-04-24
SUBJ087,WEEK12,PULSE,Pulse Rate,78.48,bpm,2026-04-24
SUBJ087,WEEK12,TEMP,Temperature,36.65,°C,2026-04-24
SUBJ087,WEEK12,WEIGHT,Body Weight,61.36,kg,2026-04-24
SUBJ088,BASELINE,SYSBP,Systolic Blood Pressure,138.43,mmHg,2026-02-12
SUBJ088,BASELINE,DIABP,Diastolic Blood Pressure,89.11,mmHg,2026-02-12
SUBJ088,BASELINE,PULSE,Pulse Rate,78.85,bpm,2026-02-12
SUBJ088,BASELINE,TEMP,Temperature,36.95,°C,2026-02-12
SUBJ088,BASELINE,WEIGHT,Body Weight,69.41,kg,2026-02-12
SUBJ088,WEEK4,SYSBP,Systolic Blood Pressure,137.08,mmHg,2026-03-13
SUBJ088,WEEK4,DIABP,Diastolic Blood Pressure,82.38,mmHg,2026-03-13
SUBJ088,WEEK4,PULSE,Pulse Rate,75.39,bpm,2026-03-13
SUBJ088,WEEK4,TEMP,Temperature,36.93,°C,2026-03-13
SUBJ088,WEEK4,WEIGHT,Body Weight,67.35,kg,2026-03-13
SUBJ088,WEEK8,SYSBP,Systolic Blood Pressure,134.68,mmHg,2026-04-11
SUBJ088,WEEK8,DIABP,Diastolic Blood Pressure,84.48,mmHg,2026-04-11
SUBJ088,WEEK8,PULSE,Pulse Rate,80.95,bpm,2026-04-11
SUBJ088,WEEK8,TEMP,Temperature,36.88,°C,2026-04-11
SUBJ088,WEEK8,WEIGHT,Body Weight,67.03,kg,2026-04-11
SUBJ088,WEEK12,SYSBP,Systolic Blood Pressure,134.39,mmHg,2026-05-07
SUBJ088,WEEK12,DIABP,Diastolic Blood Pressure,82.16,mmHg,2026-05-07
SUBJ088,WEEK12,PULSE,Pulse Rate,74.31,bpm,2026-05-07
SUBJ088,WEEK12,TEMP,Temperature,36.79,°C,2026-05-07
SUBJ088,WEEK12,WEIGHT,Body Weight,66.02,kg,2026-05-07
SUBJ089,BASELINE,SYSBP,Systolic Blood Pressure,124.63,mmHg,2026-01-11
SUBJ089,BASELINE,DIABP,Diastolic Blood Pressure,70.3,mmHg,2026-01-11
SUBJ089,BASELINE,PULSE,Pulse Rate,74.84,bpm,2026-01-11
SUBJ089,BASELINE,TEMP,Temperature,37.01,°C,2026-01-11
SUBJ089,BASELINE,WEIGHT,Body Weight,78.93,kg,2026-01-11
SUBJ089,WEEK4,SYSBP,Systolic Blood Pressure,112.89,mmHg,2026-02-10
SUBJ089,WEEK4,DIABP,Diastolic Blood Pressure,74.56,mmHg,2026-02-10
SUBJ089,WEEK4,PULSE,Pulse Rate,70.52,bpm,2026-02-10
SUBJ089,WEEK4,TEMP,Temperature,36.98,°C,2026-02-10
SUBJ089,WEEK4,WEIGHT,Body Weight,78.04,kg,2026-02-10
SUBJ089,WEEK8,SYSBP,Systolic Blood Pressure,119.33,mmHg,2026-03-10
SUBJ089,WEEK8,DIABP,Diastolic Blood Pressure,71.13,mmHg,2026-03-10
SUBJ089,WEEK8,PULSE,Pulse Rate,73.5,bpm,2026-03-10
SUBJ089,WEEK8,TEMP,Temperature,37.08,°C,2026-03-10
SUBJ089,WEEK8,WEIGHT,Body Weight,77.82,kg,2026-03-10
SUBJ089,WEEK12,SYSBP,Systolic Blood Pressure,114.96,mmHg,2026-04-07
SUBJ089,WEEK12,DIABP,Diastolic Blood Pressure,72.05,mmHg,2026-04-07
SUBJ089,WEEK12,PULSE,Pulse Rate,71.65,bpm,2026-04-07
SUBJ089,WEEK12,TEMP,Temperature,37.29,°C,2026-04-07
SUBJ089,WEEK12,WEIGHT,Body Weight,76.47,kg,2026-04-07
SUBJ090,BASELINE,SYSBP,Systolic Blood Pressure,145.56,mmHg,2026-01-13
SUBJ090,BASELINE,DIABP,Diastolic Blood Pressure,83.61,mmHg,2026-01-13
SUBJ090,BASELINE,PULSE,Pulse Rate,85.92,bpm,2026-01-13
SUBJ090,BASELINE,TEMP,Temperature,36.42,°C,2026-01-13
SUBJ090,BASELINE,WEIGHT,Body Weight,88.56,kg,2026-01-13
SUBJ090,WEEK4,SYSBP,Systolic Blood Pressure,139.22,mmHg,2026-02-08
SUBJ090,WEEK4,DIABP,Diastolic Blood Pressure,87.33,mmHg,2026-02-08
SUBJ090,WEEK4,PULSE,Pulse Rate,92.4,bpm,2026-02-08
SUBJ090,WEEK4,TEMP,Temperature,36.53,°C,2026-02-08
SUBJ090,WEEK4,WEIGHT,Body Weight,87.77,kg,2026-02-08
SUBJ090,WEEK8,SYSBP,Systolic Blood Pressure,145.98,mmHg,2026-03-09
SUBJ090,WEEK8,DIABP,Diastolic Blood Pressure,86.89,mmHg,2026-03-09
SUBJ090,WEEK8,PULSE,Pulse Rate,87.69,bpm,2026-03-09
SUBJ090,WEEK8,TEMP,Temperature,36.54,°C,2026-03-09
SUBJ090,WEEK8,WEIGHT,Body Weight,87.98,kg,2026-03-09
SUBJ090,WEEK12,SYSBP,Systolic Blood Pressure,139.63,mmHg,2026-04-08
SUBJ090,WEEK12,DIABP,Diastolic Blood Pressure,88.61,mmHg,2026-04-08
SUBJ090,WEEK12,PULSE,Pulse Rate,88.61,bpm,2026-04-08
SUBJ090,WEEK12,TEMP,Temperature,36.46,°C,2026-04-08
SUBJ090,WEEK12,WEIGHT,Body Weight,87.29,kg,2026-04-08
SUBJ091,BASELINE,SYSBP,Systolic Blood Pressure,146.44,mmHg,2026-02-15
SUBJ091,BASELINE,DIABP,Diastolic Blood Pressure,82.67,mmHg,2026-02-15
SUBJ091,BASELINE,PULSE,Pulse Rate,66.01,bpm,2026-02-15
SUBJ091,BASELINE,TEMP,Temperature,36.52,°C,2026-02-15
SUBJ091,BASELINE,WEIGHT,Body Weight,81.33,kg,2026-02-15
SUBJ091,WEEK4,SYSBP,Systolic Blood Pressure,144.56,mmHg,2026-03-17
SUBJ091,WEEK4,DIABP,Diastolic Blood Pressure,86.17,mmHg,2026-03-17
SUBJ091,WEEK4,PULSE,Pulse Rate,69.26,bpm,2026-03-17
SUBJ091,WEEK4,TEMP,Temperature,36.49,°C,2026-03-17
SUBJ091,WEEK4,WEIGHT,Body Weight,80.43,kg,2026-03-17
SUBJ091,WEEK8,SYSBP,Systolic Blood Pressure,140.83,mmHg,2026-04-14
SUBJ091,WEEK8,DIABP,Diastolic Blood Pressure,84.36,mmHg,2026-04-14
SUBJ091,WEEK8,PULSE,Pulse Rate,62.72,bpm,2026-04-14
SUBJ091,WEEK8,TEMP,Temperature,36.54,°C,2026-04-14
SUBJ091,WEEK8,WEIGHT,Body Weight,79.54,kg,2026-04-14
SUBJ091,WEEK12,SYSBP,Systolic Blood Pressure,146.59,mmHg,2026-05-10
SUBJ091,WEEK12,DIABP,Diastolic Blood Pressure,86.72,mmHg,2026-05-10
SUBJ091,WEEK12,PULSE,Pulse Rate,62.68,bpm,2026-05-10
SUBJ091,WEEK12,TEMP,Temperature,36.37,°C,2026-05-10
SUBJ091,WEEK12,WEIGHT,Body Weight,79.31,kg,2026-05-10
SUBJ092,BASELINE,SYSBP,Systolic Blood Pressure,126.86,mmHg,2026-02-12
SUBJ092,BASELINE,DIABP,Diastolic Blood Pressure,81.99,mmHg,2026-02-12
SUBJ092,BASELINE,PULSE,Pulse Rate,72.41,bpm,2026-02-12
SUBJ092,BASELINE,TEMP,Temperature,36.72,°C,2026-02-12
SUBJ092,BASELINE,WEIGHT,Body Weight,73.36,kg,2026-02-12
SUBJ092,WEEK4,SYSBP,Systolic Blood Pressure,136.14,mmHg,2026-03-13
SUBJ092,WEEK4,DIABP,Diastolic Blood Pressure,82.12,mmHg,2026-03-13
SUBJ092,WEEK4,PULSE,Pulse Rate,71.4,bpm,2026-03-13
SUBJ092,WEEK4,TEMP,Temperature,36.89,°C,2026-03-13
SUBJ092,WEEK4,WEIGHT,Body Weight,72.84,kg,2026-03-13
SUBJ092,WEEK8,SYSBP,Systolic Blood Pressure,129.31,mmHg,2026-04-11
SUBJ092,WEEK8,DIABP,Diastolic Blood Pressure,83.62,mmHg,2026-04-11
SUBJ092,WEEK8,PULSE,Pulse Rate,71.81,bpm,2026-04-11
SUBJ092,WEEK8,TEMP,Temperature,36.71,°C,2026-04-11
SUBJ092,WEEK8,WEIGHT,Body Weight,72.91,kg,2026-04-11
SUBJ092,WEEK12,SYSBP,Systolic Blood Pressure,131.77,mmHg,2026-05-06
SUBJ092,WEEK12,DIABP,Diastolic Blood Pressure,82.34,mmHg,2026-05-06
SUBJ092,WEEK12,PULSE,Pulse Rate,77.52,bpm,2026-05-06
SUBJ092,WEEK12,TEMP,Temperature,36.76,°C,2026-05-06
SUBJ092,WEEK12,WEIGHT,Body Weight,72.62,kg,2026-05-06
SUBJ093,BASELINE,SYSBP,Systolic Blood Pressure,148.82,mmHg,2026-02-07
SUBJ093,BASELINE,DIABP,Diastolic Blood Pressure,79.03,mmHg,2026-02-07
SUBJ093,BASELINE,PULSE,Pulse Rate,82.74,bpm,2026-02-07
SUBJ093,BASELINE,TEMP,Temperature,36.6,°C,2026-02-07
SUBJ093,BASELINE,WEIGHT,Body Weight,78.49,kg,2026-02-07
SUBJ093,WEEK4,SYSBP,Systolic Blood Pressure,151.18,mmHg,2026-03-07
SUBJ093,WEEK4,DIABP,Diastolic Blood Pressure,89.94,mmHg,2026-03-07
SUBJ093,WEEK4,PULSE,Pulse Rate,77.73,bpm,2026-03-07
SUBJ093,WEEK4,TEMP,Temperature,36.6,°C,2026-03-07
SUBJ093,WEEK4,WEIGHT,Body Weight,78.4,kg,2026-03-07
SUBJ093,WEEK8,SYSBP,Systolic Blood Pressure,151.18,mmHg,2026-04-06
SUBJ093,WEEK8,DIABP,Diastolic Blood Pressure,82.09,mmHg,2026-04-06
SUBJ093,WEEK8,PULSE,Pulse Rate,81.07,bpm,2026-04-06
SUBJ093,WEEK8,TEMP,Temperature,36.8,°C,2026-04-06
SUBJ093,WEEK8,WEIGHT,Body Weight,78.37,kg,2026-04-06
SUBJ093,WEEK12,SYSBP,Systolic Blood Pressure,138.68,mmHg,2026-04-30
SUBJ093,WEEK12,DIABP,Diastolic Blood Pressure,82.09,mmHg,2026-04-30
SUBJ093,WEEK12,PULSE,Pulse Rate,83.71,bpm,2026-04-30
SUBJ093,WEEK12,TEMP,Temperature,36.64,°C,2026-04-30
SUBJ093,WEEK12,WEIGHT,Body Weight,77.63,kg,2026-04-30
SUBJ094,BASELINE,SYSBP,Systolic Blood Pressure,142.79,mmHg,2026-02-01
SUBJ094,BASELINE,DIABP,Diastolic Blood Pressure,77.57,mmHg,2026-02-01
SUBJ094,BASELINE,PULSE,Pulse Rate,71.33,bpm,2026-02-01
SUBJ094,BASELINE,TEMP,Temperature,36.91,°C,2026-02-01
SUBJ094,BASELINE,WEIGHT,Body Weight,75.25,kg,2026-02-01
SUBJ094,WEEK4,SYSBP,Systolic Blood Pressure,139.26,mmHg,2026-03-01
SUBJ094,WEEK4,DIABP,Diastolic Blood Pressure,71.83,mmHg,2026-03-01
SUBJ094,WEEK4,PULSE,Pulse Rate,69.43,bpm,2026-03-01
SUBJ094,WEEK4,TEMP,Temperature,36.73,°C,2026-03-01
SUBJ094,WEEK4,WEIGHT,Body Weight,74.41,kg,2026-03-01
SUBJ095,BASELINE,SYSBP,Systolic Blood Pressure,130.71,mmHg,2026-02-06
SUBJ095,BASELINE,DIABP,Diastolic Blood Pressure,81.73,mmHg,2026-02-06
SUBJ095,BASELINE,PULSE,Pulse Rate,62.65,bpm,2026-02-06
SUBJ095,BASELINE,TEMP,Temperature,36.35,°C,2026-02-06
SUBJ095,BASELINE,WEIGHT,Body Weight,62.75,kg,2026-02-06
SUBJ095,WEEK4,SYSBP,Systolic Blood Pressure,134.9,mmHg,2026-03-08
SUBJ095,WEEK4,DIABP,Diastolic Blood Pressure,74.17,mmHg,2026-03-08
SUBJ095,WEEK4,PULSE,Pulse Rate,71.83,bpm,2026-03-08
SUBJ095,WEEK4,TEMP,Temperature,36.56,°C,2026-03-08
SUBJ095,WEEK4,WEIGHT,Body Weight,62.66,kg,2026-03-08
SUBJ095,WEEK8,SYSBP,Systolic Blood Pressure,133.84,mmHg,2026-04-05
SUBJ095,WEEK8,DIABP,Diastolic Blood Pressure,70.2,mmHg,2026-04-05
SUBJ095,WEEK8,PULSE,Pulse Rate,67.39,bpm,2026-04-05
SUBJ095,WEEK8,TEMP,Temperature,36.51,°C,2026-04-05
SUBJ095,WEEK8,WEIGHT,Body Weight,61.25,kg,2026-04-05
SUBJ095,WEEK12,SYSBP,Systolic Blood Pressure,139.91,mmHg,2026-04-30
SUBJ095,WEEK12,DIABP,Diastolic Blood Pressure,73.08,mmHg,2026-04-30
SUBJ095,WEEK12,PULSE,Pulse Rate,62.83,bpm,2026-04-30
SUBJ095,WEEK12,TEMP,Temperature,36.55,°C,2026-04-30
SUBJ095,WEEK12,WEIGHT,Body Weight,60.22,kg,2026-04-30
SUBJ096,BASELINE,SYSBP,Systolic Blood Pressure,163.43,mmHg,2026-01-30
SUBJ096,BASELINE,DIABP,Diastolic Blood Pressure,71.69,mmHg,2026-01-30
SUBJ096,BASELINE,PULSE,Pulse Rate,75.91,bpm,2026-01-30
SUBJ096,BASELINE,TEMP,Temperature,36.75,°C,2026-01-30
SUBJ096,BASELINE,WEIGHT,Body Weight,76.1,kg,2026-01-30
SUBJ096,WEEK4,SYSBP,Systolic Blood Pressure,143.56,mmHg,2026-02-28
SUBJ096,WEEK4,DIABP,Diastolic Blood Pressure,69.7,mmHg,2026-02-28
SUBJ096,WEEK4,PULSE,Pulse Rate,84.0,bpm,2026-02-28
SUBJ096,WEEK4,TEMP,Temperature,36.88,°C,2026-02-28
SUBJ096,WEEK4,WEIGHT,Body Weight,75.5,kg,2026-02-28
SUBJ096,WEEK8,SYSBP,Systolic Blood Pressure,151.72,mmHg,2026-03-27
SUBJ096,WEEK8,DIABP,Diastolic Blood Pressure,73.74,mmHg,2026-03-27
SUBJ096,WEEK8,PULSE,Pulse Rate,74.08,bpm,2026-03-27
SUBJ096,WEEK8,TEMP,Temperature,36.97,°C,2026-03-27
SUBJ096,WEEK8,WEIGHT,Body Weight,74.32,kg,2026-03-27
SUBJ096,WEEK12,SYSBP,Systolic Blood Pressure,146.82,mmHg,2026-04-25
SUBJ096,WEEK12,DIABP,Diastolic Blood Pressure,70.85,mmHg,2026-04-25
SUBJ096,WEEK12,PULSE,Pulse Rate,79.28,bpm,2026-04-25
SUBJ096,WEEK12,TEMP,Temperature,36.92,°C,2026-04-25
SUBJ096,WEEK12,WEIGHT,Body Weight,73.57,kg,2026-04-25
SUBJ097,BASELINE,SYSBP,Systolic Blood Pressure,119.12,mmHg,2026-01-13
SUBJ097,BASELINE,DIABP,Diastolic Blood Pressure,83.26,mmHg,2026-01-13
SUBJ097,BASELINE,PULSE,Pulse Rate,99.27,bpm,2026-01-13
SUBJ097,BASELINE,TEMP,Temperature,36.49,°C,2026-01-13
SUBJ097,BASELINE,WEIGHT,Body Weight,69.47,kg,2026-01-13
SUBJ097,WEEK4,SYSBP,Systolic Blood Pressure,113.01,mmHg,2026-02-08
SUBJ097,WEEK4,DIABP,Diastolic Blood Pressure,79.38,mmHg,2026-02-08
SUBJ097,WEEK4,PULSE,Pulse Rate,95.46,bpm,2026-02-08
SUBJ097,WEEK4,TEMP,Temperature,36.64,°C,2026-02-08
SUBJ097,WEEK4,WEIGHT,Body Weight,67.86,kg,2026-02-08
SUBJ098,BASELINE,SYSBP,Systolic Blood Pressure,119.49,mmHg,2026-01-12
SUBJ098,BASELINE,DIABP,Diastolic Blood Pressure,71.42,mmHg,2026-01-12
SUBJ098,BASELINE,PULSE,Pulse Rate,79.48,bpm,2026-01-12
SUBJ098,BASELINE,TEMP,Temperature,36.76,°C,2026-01-12
SUBJ098,BASELINE,WEIGHT,Body Weight,60.54,kg,2026-01-12
SUBJ098,WEEK4,SYSBP,Systolic Blood Pressure,116.81,mmHg,2026-02-09
SUBJ098,WEEK4,DIABP,Diastolic Blood Pressure,78.43,mmHg,2026-02-09
SUBJ098,WEEK4,PULSE,Pulse Rate,79.65,bpm,2026-02-09
SUBJ098,WEEK4,TEMP,Temperature,36.85,°C,2026-02-09
SUBJ098,WEEK4,WEIGHT,Body Weight,59.67,kg,2026-02-09
SUBJ098,WEEK8,SYSBP,Systolic Blood Pressure,111.0,mmHg,2026-03-08
SUBJ098,WEEK8,DIABP,Diastolic Blood Pressure,76.41,mmHg,2026-03-08
SUBJ098,WEEK8,PULSE,Pulse Rate,78.18,bpm,2026-03-08
SUBJ098,WEEK8,TEMP,Temperature,36.77,°C,2026-03-08
SUBJ098,WEEK8,WEIGHT,Body Weight,58.71,kg,2026-03-08
SUBJ098,WEEK12,SYSBP,Systolic Blood Pressure,120.23,mmHg,2026-04-06
SUBJ098,WEEK12,DIABP,Diastolic Blood Pressure,73.47,mmHg,2026-04-06
SUBJ098,WEEK12,PULSE,Pulse Rate,78.8,bpm,2026-04-06
SUBJ098,WEEK12,TEMP,Temperature,36.77,°C,2026-04-06
SUBJ098,WEEK12,WEIGHT,Body Weight,57.93,kg,2026-04-06
SUBJ099,BASELINE,SYSBP,Systolic Blood Pressure,142.56,mmHg,2026-01-20
SUBJ099,BASELINE,DIABP,Diastolic Blood Pressure,82.35,mmHg,2026-01-20
SUBJ099,BASELINE,PULSE,Pulse Rate,75.35,bpm,2026-01-20
SUBJ099,BASELINE,TEMP,Temperature,36.56,°C,2026-01-20
SUBJ099,BASELINE,WEIGHT,Body Weight,69.28,kg,2026-01-20
SUBJ099,WEEK4,SYSBP,Systolic Blood Pressure,141.94,mmHg,2026-02-17
SUBJ099,WEEK4,DIABP,Diastolic Blood Pressure,76.76,mmHg,2026-02-17
SUBJ099,WEEK4,PULSE,Pulse Rate,76.34,bpm,2026-02-17
SUBJ099,WEEK4,TEMP,Temperature,36.72,°C,2026-02-17
SUBJ099,WEEK4,WEIGHT,Body Weight,68.36,kg,2026-02-17
SUBJ100,BASELINE,SYSBP,Systolic Blood Pressure,126.38,mmHg,2026-01-22
SUBJ100,BASELINE,DIABP,Diastolic Blood Pressure,75.81,mmHg,2026-01-22
SUBJ100,BASELINE,PULSE,Pulse Rate,66.08,bpm,2026-01-22
SUBJ100,BASELINE,TEMP,Temperature,36.74,°C,2026-01-22
SUBJ100,BASELINE,WEIGHT,Body Weight,78.31,kg,2026-01-22
SUBJ100,WEEK4,SYSBP,Systolic Blood Pressure,126.62,mmHg,2026-02-18
SUBJ100,WEEK4,DIABP,Diastolic Blood Pressure,77.91,mmHg,2026-02-18
SUBJ100,WEEK4,PULSE,Pulse Rate,59.45,bpm,2026-02-18
SUBJ100,WEEK4,TEMP,Temperature,36.77,°C,2026-02-18
SUBJ100,WEEK4,WEIGHT,Body Weight,78.59,kg,2026-02-18
SUBJ100,WEEK8,SYSBP,Systolic Blood Pressure,118.66,mmHg,2026-03-18
SUBJ100,WEEK8,DIABP,Diastolic Blood Pressure,74.0,mmHg,2026-03-18
SUBJ100,WEEK8,PULSE,Pulse Rate,62.31,bpm,2026-03-18
SUBJ100,WEEK8,TEMP,Temperature,36.83,°C,2026-03-18
SUBJ100,WEEK8,WEIGHT,Body Weight,78.29,kg,2026-03-18
SUBJ100,WEEK12,SYSBP,Systolic Blood Pressure,120.73,mmHg,2026-04-14
SUBJ100,WEEK12,DIABP,Diastolic Blood Pressure,72.88,mmHg,2026-04-14
SUBJ100,WEEK12,PULSE,Pulse Rate,64.16,bpm,2026-04-14
SUBJ100,WEEK12,TEMP,Temperature,36.61,°C,2026-04-14
SUBJ100,WEEK12,WEIGHT,Body Weight,78.03,kg,2026-04-14
SUBJ101,BASELINE,SYSBP,Systolic Blood Pressure,131.6,mmHg,2026-02-09
SUBJ101,BASELINE,DIABP,Diastolic Blood Pressure,84.53,mmHg,2026-02-09
SUBJ101,BASELINE,PULSE,Pulse Rate,77.19,bpm,2026-02-09
SUBJ101,BASELINE,TEMP,Temperature,36.66,°C,2026-02-09
SUBJ101,BASELINE,WEIGHT,Body Weight,91.5,kg,2026-02-09
SUBJ101,WEEK4,SYSBP,Systolic Blood Pressure,128.99,mmHg,2026-03-09
SUBJ101,WEEK4,DIABP,Diastolic Blood Pressure,85.89,mmHg,2026-03-09
SUBJ101,WEEK4,PULSE,Pulse Rate,80.49,bpm,2026-03-09
SUBJ101,WEEK4,TEMP,Temperature,36.71,°C,2026-03-09
SUBJ101,WEEK4,WEIGHT,Body Weight,90.83,kg,2026-03-09
SUBJ101,WEEK8,SYSBP,Systolic Blood Pressure,131.72,mmHg,2026-04-06
SUBJ101,WEEK8,DIABP,Diastolic Blood Pressure,83.59,mmHg,2026-04-06
SUBJ101,WEEK8,PULSE,Pulse Rate,77.31,bpm,2026-04-06
SUBJ101,WEEK8,TEMP,Temperature,36.7,°C,2026-04-06
SUBJ101,WEEK8,WEIGHT,Body Weight,89.67,kg,2026-04-06
SUBJ101,WEEK12,SYSBP,Systolic Blood Pressure,129.52,mmHg,2026-05-05
SUBJ101,WEEK12,DIABP,Diastolic Blood Pressure,84.18,mmHg,2026-05-05
SUBJ101,WEEK12,PULSE,Pulse Rate,81.74,bpm,2026-05-05
SUBJ101,WEEK12,TEMP,Temperature,36.75,°C,2026-05-05
SUBJ101,WEEK12,WEIGHT,Body Weight,88.3,kg,2026-05-05
SUBJ102,BASELINE,SYSBP,Systolic Blood Pressure,128.27,mmHg,2026-01-12
SUBJ102,BASELINE,DIABP,Diastolic Blood Pressure,94.4,mmHg,2026-01-12
SUBJ102,BASELINE,PULSE,Pulse Rate,80.57,bpm,2026-01-12
SUBJ102,BASELINE,TEMP,Temperature,35.81,°C,2026-01-12
SUBJ102,BASELINE,WEIGHT,Body Weight,80.32,kg,2026-01-12
SUBJ102,WEEK4,SYSBP,Systolic Blood Pressure,129.87,mmHg,2026-02-10
SUBJ102,WEEK4,DIABP,Diastolic Blood Pressure,94.14,mmHg,2026-02-10
SUBJ102,WEEK4,PULSE,Pulse Rate,82.82,bpm,2026-02-10
SUBJ102,WEEK4,TEMP,Temperature,36.06,°C,2026-02-10
SUBJ102,WEEK4,WEIGHT,Body Weight,79.29,kg,2026-02-10
SUBJ102,WEEK8,SYSBP,Systolic Blood Pressure,131.79,mmHg,2026-03-09
SUBJ102,WEEK8,DIABP,Diastolic Blood Pressure,92.64,mmHg,2026-03-09
SUBJ102,WEEK8,PULSE,Pulse Rate,78.19,bpm,2026-03-09
SUBJ102,WEEK8,TEMP,Temperature,35.97,°C,2026-03-09
SUBJ102,WEEK8,WEIGHT,Body Weight,78.33,kg,2026-03-09
SUBJ103,BASELINE,SYSBP,Systolic Blood Pressure,135.9,mmHg,2026-02-12
SUBJ103,BASELINE,DIABP,Diastolic Blood Pressure,78.85,mmHg,2026-02-12
SUBJ103,BASELINE,PULSE,Pulse Rate,69.15,bpm,2026-02-12
SUBJ103,BASELINE,TEMP,Temperature,36.56,°C,2026-02-12
SUBJ103,BASELINE,WEIGHT,Body Weight,84.71,kg,2026-02-12
SUBJ103,WEEK4,SYSBP,Systolic Blood Pressure,142.63,mmHg,2026-03-13
SUBJ103,WEEK4,DIABP,Diastolic Blood Pressure,75.77,mmHg,2026-03-13
SUBJ103,WEEK4,PULSE,Pulse Rate,71.2,bpm,2026-03-13
SUBJ103,WEEK4,TEMP,Temperature,36.77,°C,2026-03-13
SUBJ103,WEEK4,WEIGHT,Body Weight,84.86,kg,2026-03-13
SUBJ103,WEEK8,SYSBP,Systolic Blood Pressure,139.51,mmHg,2026-04-07
SUBJ103,WEEK8,DIABP,Diastolic Blood Pressure,76.59,mmHg,2026-04-07
SUBJ103,WEEK8,PULSE,Pulse Rate,74.25,bpm,2026-04-07
SUBJ103,WEEK8,TEMP,Temperature,36.58,°C,2026-04-07
SUBJ103,WEEK8,WEIGHT,Body Weight,84.21,kg,2026-04-07
SUBJ103,WEEK12,SYSBP,Systolic Blood Pressure,141.92,mmHg,2026-05-06
SUBJ103,WEEK12,DIABP,Diastolic Blood Pressure,71.6,mmHg,2026-05-06
SUBJ103,WEEK12,PULSE,Pulse Rate,72.69,bpm,2026-05-06
SUBJ103,WEEK12,TEMP,Temperature,36.7,°C,2026-05-06
SUBJ103,WEEK12,WEIGHT,Body Weight,84.58,kg,2026-05-06
SUBJ104,BASELINE,SYSBP,Systolic Blood Pressure,146.33,mmHg,2026-01-31
SUBJ104,BASELINE,DIABP,Diastolic Blood Pressure,69.1,mmHg,2026-01-31
SUBJ104,BASELINE,PULSE,Pulse Rate,82.01,bpm,2026-01-31
SUBJ104,BASELINE,TEMP,Temperature,36.81,°C,2026-01-31
SUBJ104,BASELINE,WEIGHT,Body Weight,55.98,kg,2026-01-31
SUBJ104,WEEK4,SYSBP,Systolic Blood Pressure,133.13,mmHg,2026-02-27
SUBJ104,WEEK4,DIABP,Diastolic Blood Pressure,70.24,mmHg,2026-02-27
SUBJ104,WEEK4,PULSE,Pulse Rate,85.8,bpm,2026-02-27
SUBJ104,WEEK4,TEMP,Temperature,37.04,°C,2026-02-27
SUBJ104,WEEK4,WEIGHT,Body Weight,55.03,kg,2026-02-27
SUBJ104,WEEK8,SYSBP,Systolic Blood Pressure,136.66,mmHg,2026-03-29
SUBJ104,WEEK8,DIABP,Diastolic Blood Pressure,73.07,mmHg,2026-03-29
SUBJ104,WEEK8,PULSE,Pulse Rate,83.06,bpm,2026-03-29
SUBJ104,WEEK8,TEMP,Temperature,37.02,°C,2026-03-29
SUBJ104,WEEK8,WEIGHT,Body Weight,54.9,kg,2026-03-29
SUBJ104,WEEK12,SYSBP,Systolic Blood Pressure,141.15,mmHg,2026-04-24
SUBJ104,WEEK12,DIABP,Diastolic Blood Pressure,72.2,mmHg,2026-04-24
SUBJ104,WEEK12,PULSE,Pulse Rate,86.54,bpm,2026-04-24
SUBJ104,WEEK12,TEMP,Temperature,36.95,°C,2026-04-24
SUBJ104,WEEK12,WEIGHT,Body Weight,53.38,kg,2026-04-24
SUBJ105,BASELINE,SYSBP,Systolic Blood Pressure,119.92,mmHg,2026-02-09
SUBJ105,BASELINE,DIABP,Diastolic Blood Pressure,71.14,mmHg,2026-02-09
SUBJ105,BASELINE,PULSE,Pulse Rate,73.47,bpm,2026-02-09
SUBJ105,BASELINE,TEMP,Temperature,36.94,°C,2026-02-09
SUBJ105,BASELINE,WEIGHT,Body Weight,75.69,kg,2026-02-09
SUBJ105,WEEK4,SYSBP,Systolic Blood Pressure,119.99,mmHg,2026-03-07
SUBJ105,WEEK4,DIABP,Diastolic Blood Pressure,73.51,mmHg,2026-03-07
SUBJ105,WEEK4,PULSE,Pulse Rate,68.36,bpm,2026-03-07
SUBJ105,WEEK4,TEMP,Temperature,36.85,°C,2026-03-07
SUBJ105,WEEK4,WEIGHT,Body Weight,74.9,kg,2026-03-07
SUBJ105,WEEK8,SYSBP,Systolic Blood Pressure,117.74,mmHg,2026-04-08
SUBJ105,WEEK8,DIABP,Diastolic Blood Pressure,69.32,mmHg,2026-04-08
SUBJ105,WEEK8,PULSE,Pulse Rate,69.19,bpm,2026-04-08
SUBJ105,WEEK8,TEMP,Temperature,37.01,°C,2026-04-08
SUBJ105,WEEK8,WEIGHT,Body Weight,74.02,kg,2026-04-08
SUBJ105,WEEK12,SYSBP,Systolic Blood Pressure,118.57,mmHg,2026-05-03
SUBJ105,WEEK12,DIABP,Diastolic Blood Pressure,71.38,mmHg,2026-05-03
SUBJ105,WEEK12,PULSE,Pulse Rate,65.68,bpm,2026-05-03
SUBJ105,WEEK12,TEMP,Temperature,36.88,°C,2026-05-03
SUBJ105,WEEK12,WEIGHT,Body Weight,73.52,kg,2026-05-03
SUBJ106,BASELINE,SYSBP,Systolic Blood Pressure,134.67,mmHg,2026-01-30
SUBJ106,BASELINE,DIABP,Diastolic Blood Pressure,80.62,mmHg,2026-01-30
SUBJ106,BASELINE,PULSE,Pulse Rate,66.16,bpm,2026-01-30
SUBJ106,BASELINE,TEMP,Temperature,36.76,°C,2026-01-30
SUBJ106,BASELINE,WEIGHT,Body Weight,75.11,kg,2026-01-30
SUBJ106,WEEK4,SYSBP,Systolic Blood Pressure,130.78,mmHg,2026-02-28
SUBJ106,WEEK4,DIABP,Diastolic Blood Pressure,84.16,mmHg,2026-02-28
SUBJ106,WEEK4,PULSE,Pulse Rate,66.02,bpm,2026-02-28
SUBJ106,WEEK4,TEMP,Temperature,36.55,°C,2026-02-28
SUBJ106,WEEK4,WEIGHT,Body Weight,75.09,kg,2026-02-28
SUBJ106,WEEK8,SYSBP,Systolic Blood Pressure,135.24,mmHg,2026-03-27
SUBJ106,WEEK8,DIABP,Diastolic Blood Pressure,84.95,mmHg,2026-03-27
SUBJ106,WEEK8,PULSE,Pulse Rate,66.99,bpm,2026-03-27
SUBJ106,WEEK8,TEMP,Temperature,36.49,°C,2026-03-27
SUBJ106,WEEK8,WEIGHT,Body Weight,73.08,kg,2026-03-27
SUBJ106,WEEK12,SYSBP,Systolic Blood Pressure,133.0,mmHg,2026-04-22
SUBJ106,WEEK12,DIABP,Diastolic Blood Pressure,81.0,mmHg,2026-04-22
SUBJ106,WEEK12,PULSE,Pulse Rate,65.85,bpm,2026-04-22
SUBJ106,WEEK12,TEMP,Temperature,36.77,°C,2026-04-22
SUBJ106,WEEK12,WEIGHT,Body Weight,71.75,kg,2026-04-22
SUBJ107,BASELINE,SYSBP,Systolic Blood Pressure,146.36,mmHg,2026-01-08
SUBJ107,BASELINE,DIABP,Diastolic Blood Pressure,88.22,mmHg,2026-01-08
SUBJ107,BASELINE,PULSE,Pulse Rate,82.73,bpm,2026-01-08
SUBJ107,BASELINE,TEMP,Temperature,36.49,°C,2026-01-08
SUBJ107,BASELINE,WEIGHT,Body Weight,96.25,kg,2026-01-08
SUBJ107,WEEK4,SYSBP,Systolic Blood Pressure,135.51,mmHg,2026-02-05
SUBJ107,WEEK4,DIABP,Diastolic Blood Pressure,87.5,mmHg,2026-02-05
SUBJ107,WEEK4,PULSE,Pulse Rate,84.19,bpm,2026-02-05
SUBJ107,WEEK4,TEMP,Temperature,36.73,°C,2026-02-05
SUBJ107,WEEK4,WEIGHT,Body Weight,95.82,kg,2026-02-05
SUBJ108,BASELINE,SYSBP,Systolic Blood Pressure,128.39,mmHg,2026-02-11
SUBJ108,BASELINE,DIABP,Diastolic Blood Pressure,73.22,mmHg,2026-02-11
SUBJ108,BASELINE,PULSE,Pulse Rate,73.86,bpm,2026-02-11
SUBJ108,BASELINE,TEMP,Temperature,36.56,°C,2026-02-11
SUBJ108,BASELINE,WEIGHT,Body Weight,77.21,kg,2026-02-11
SUBJ108,WEEK4,SYSBP,Systolic Blood Pressure,133.35,mmHg,2026-03-12
SUBJ108,WEEK4,DIABP,Diastolic Blood Pressure,73.34,mmHg,2026-03-12
SUBJ108,WEEK4,PULSE,Pulse Rate,68.18,bpm,2026-03-12
SUBJ108,WEEK4,TEMP,Temperature,36.53,°C,2026-03-12
SUBJ108,WEEK4,WEIGHT,Body Weight,75.8,kg,2026-03-12
SUBJ108,WEEK8,SYSBP,Systolic Blood Pressure,126.06,mmHg,2026-04-10
SUBJ108,WEEK8,DIABP,Diastolic Blood Pressure,73.0,mmHg,2026-04-10
SUBJ108,WEEK8,PULSE,Pulse Rate,66.16,bpm,2026-04-10
SUBJ108,WEEK8,TEMP,Temperature,36.53,°C,2026-04-10
SUBJ108,WEEK8,WEIGHT,Body Weight,73.65,kg,2026-04-10
SUBJ108,WEEK12,SYSBP,Systolic Blood Pressure,129.35,mmHg,2026-05-04
SUBJ108,WEEK12,DIABP,Diastolic Blood Pressure,73.89,mmHg,2026-05-04
SUBJ108,WEEK12,PULSE,Pulse Rate,66.89,bpm,2026-05-04
SUBJ108,WEEK12,TEMP,Temperature,36.54,°C,2026-05-04
SUBJ108,WEEK12,WEIGHT,Body Weight,72.72,kg,2026-05-04
SUBJ109,BASELINE,SYSBP,Systolic Blood Pressure,128.89,mmHg,2026-01-12
SUBJ109,BASELINE,DIABP,Diastolic Blood Pressure,81.49,mmHg,2026-01-12
SUBJ109,BASELINE,PULSE,Pulse Rate,74.49,bpm,2026-01-12
SUBJ109,BASELINE,TEMP,Temperature,37.15,°C,2026-01-12
SUBJ109,BASELINE,WEIGHT,Body Weight,69.65,kg,2026-01-12
SUBJ109,WEEK4,SYSBP,Systolic Blood Pressure,125.06,mmHg,2026-02-09
SUBJ109,WEEK4,DIABP,Diastolic Blood Pressure,76.22,mmHg,2026-02-09
SUBJ109,WEEK4,PULSE,Pulse Rate,68.93,bpm,2026-02-09
SUBJ109,WEEK4,TEMP,Temperature,37.0,°C,2026-02-09
SUBJ109,WEEK4,WEIGHT,Body Weight,69.38,kg,2026-02-09
SUBJ109,WEEK8,SYSBP,Systolic Blood Pressure,126.33,mmHg,2026-03-10
SUBJ109,WEEK8,DIABP,Diastolic Blood Pressure,80.46,mmHg,2026-03-10
SUBJ109,WEEK8,PULSE,Pulse Rate,64.12,bpm,2026-03-10
SUBJ109,WEEK8,TEMP,Temperature,37.07,°C,2026-03-10
SUBJ109,WEEK8,WEIGHT,Body Weight,69.09,kg,2026-03-10
SUBJ109,WEEK12,SYSBP,Systolic Blood Pressure,119.87,mmHg,2026-04-04
SUBJ109,WEEK12,DIABP,Diastolic Blood Pressure,78.09,mmHg,2026-04-04
SUBJ109,WEEK12,PULSE,Pulse Rate,73.49,bpm,2026-04-04
SUBJ109,WEEK12,TEMP,Temperature,37.18,°C,2026-04-04
SUBJ109,WEEK12,WEIGHT,Body Weight,68.42,kg,2026-04-04
SUBJ110,BASELINE,SYSBP,Systolic Blood Pressure,140.93,mmHg,2026-01-18
SUBJ110,BASELINE,DIABP,Diastolic Blood Pressure,76.24,mmHg,2026-01-18
SUBJ110,BASELINE,PULSE,Pulse Rate,71.2,bpm,2026-01-18
SUBJ110,BASELINE,TEMP,Temperature,36.38,°C,2026-01-18
SUBJ110,BASELINE,WEIGHT,Body Weight,82.53,kg,2026-01-18
SUBJ110,WEEK4,SYSBP,Systolic Blood Pressure,145.76,mmHg,2026-02-17
SUBJ110,WEEK4,DIABP,Diastolic Blood Pressure,72.42,mmHg,2026-02-17
SUBJ110,WEEK4,PULSE,Pulse Rate,65.46,bpm,2026-02-17
SUBJ110,WEEK4,TEMP,Temperature,36.48,°C,2026-02-17
SUBJ110,WEEK4,WEIGHT,Body Weight,80.7,kg,2026-02-17
SUBJ110,WEEK8,SYSBP,Systolic Blood Pressure,141.42,mmHg,2026-03-13
SUBJ110,WEEK8,DIABP,Diastolic Blood Pressure,79.93,mmHg,2026-03-13
SUBJ110,WEEK8,PULSE,Pulse Rate,67.54,bpm,2026-03-13
SUBJ110,WEEK8,TEMP,Temperature,36.42,°C,2026-03-13
SUBJ110,WEEK8,WEIGHT,Body Weight,80.39,kg,2026-03-13
SUBJ110,WEEK12,SYSBP,Systolic Blood Pressure,136.48,mmHg,2026-04-12
SUBJ110,WEEK12,DIABP,Diastolic Blood Pressure,68.15,mmHg,2026-04-12
SUBJ110,WEEK12,PULSE,Pulse Rate,75.1,bpm,2026-04-12
SUBJ110,WEEK12,TEMP,Temperature,36.6,°C,2026-04-12
SUBJ110,WEEK12,WEIGHT,Body Weight,79.8,kg,2026-04-12
SUBJ111,BASELINE,SYSBP,Systolic Blood Pressure,131.1,mmHg,2026-01-24
SUBJ111,BASELINE,DIABP,Diastolic Blood Pressure,79.24,mmHg,2026-01-24
SUBJ111,BASELINE,PULSE,Pulse Rate,76.34,bpm,2026-01-24
SUBJ111,BASELINE,TEMP,Temperature,36.57,°C,2026-01-24
SUBJ111,BASELINE,WEIGHT,Body Weight,80.2,kg,2026-01-24
SUBJ111,WEEK4,SYSBP,Systolic Blood Pressure,143.37,mmHg,2026-02-23
SUBJ111,WEEK4,DIABP,Diastolic Blood Pressure,83.32,mmHg,2026-02-23
SUBJ111,WEEK4,PULSE,Pulse Rate,79.6,bpm,2026-02-23
SUBJ111,WEEK4,TEMP,Temperature,36.59,°C,2026-02-23
SUBJ111,WEEK4,WEIGHT,Body Weight,79.61,kg,2026-02-23
SUBJ111,WEEK8,SYSBP,Systolic Blood Pressure,133.44,mmHg,2026-03-21
SUBJ111,WEEK8,DIABP,Diastolic Blood Pressure,79.76,mmHg,2026-03-21
SUBJ111,WEEK8,PULSE,Pulse Rate,81.93,bpm,2026-03-21
SUBJ111,WEEK8,TEMP,Temperature,36.59,°C,2026-03-21
SUBJ111,WEEK8,WEIGHT,Body Weight,78.96,kg,2026-03-21
SUBJ111,WEEK12,SYSBP,Systolic Blood Pressure,134.1,mmHg,2026-04-18
SUBJ111,WEEK12,DIABP,Diastolic Blood Pressure,82.06,mmHg,2026-04-18
SUBJ111,WEEK12,PULSE,Pulse Rate,81.72,bpm,2026-04-18
SUBJ111,WEEK12,TEMP,Temperature,36.64,°C,2026-04-18
SUBJ111,WEEK12,WEIGHT,Body Weight,78.75,kg,2026-04-18
SUBJ112,BASELINE,SYSBP,Systolic Blood Pressure,150.04,mmHg,2026-01-25
SUBJ112,BASELINE,DIABP,Diastolic Blood Pressure,70.87,mmHg,2026-01-25
SUBJ112,BASELINE,PULSE,Pulse Rate,90.01,bpm,2026-01-25
SUBJ112,BASELINE,TEMP,Temperature,36.89,°C,2026-01-25
SUBJ112,BASELINE,WEIGHT,Body Weight,100.49,kg,2026-01-25
SUBJ112,WEEK4,SYSBP,Systolic Blood Pressure,160.98,mmHg,2026-02-20
SUBJ112,WEEK4,DIABP,Diastolic Blood Pressure,70.0,mmHg,2026-02-20
SUBJ112,WEEK4,PULSE,Pulse Rate,95.23,bpm,2026-02-20
SUBJ112,WEEK4,TEMP,Temperature,36.89,°C,2026-02-20
SUBJ112,WEEK4,WEIGHT,Body Weight,99.14,kg,2026-02-20
SUBJ112,WEEK8,SYSBP,Systolic Blood Pressure,159.36,mmHg,2026-03-21
SUBJ112,WEEK8,DIABP,Diastolic Blood Pressure,75.38,mmHg,2026-03-21
SUBJ112,WEEK8,PULSE,Pulse Rate,91.7,bpm,2026-03-21
SUBJ112,WEEK8,TEMP,Temperature,36.75,°C,2026-03-21
SUBJ112,WEEK8,WEIGHT,Body Weight,97.81,kg,2026-03-21
SUBJ112,WEEK12,SYSBP,Systolic Blood Pressure,152.22,mmHg,2026-04-17
SUBJ112,WEEK12,DIABP,Diastolic Blood Pressure,74.76,mmHg,2026-04-17
SUBJ112,WEEK12,PULSE,Pulse Rate,93.42,bpm,2026-04-17
SUBJ112,WEEK12,TEMP,Temperature,36.88,°C,2026-04-17
SUBJ112,WEEK12,WEIGHT,Body Weight,97.94,kg,2026-04-17
SUBJ113,BASELINE,SYSBP,Systolic Blood Pressure,121.6,mmHg,2026-01-31
SUBJ113,BASELINE,DIABP,Diastolic Blood Pressure,85.23,mmHg,2026-01-31
SUBJ113,BASELINE,PULSE,Pulse Rate,68.77,bpm,2026-01-31
SUBJ113,BASELINE,TEMP,Temperature,37.24,°C,2026-01-31
SUBJ113,BASELINE,WEIGHT,Body Weight,82.58,kg,2026-01-31
SUBJ113,WEEK4,SYSBP,Systolic Blood Pressure,119.38,mmHg,2026-02-28
SUBJ113,WEEK4,DIABP,Diastolic Blood Pressure,85.52,mmHg,2026-02-28
SUBJ113,WEEK4,PULSE,Pulse Rate,70.79,bpm,2026-02-28
SUBJ113,WEEK4,TEMP,Temperature,37.24,°C,2026-02-28
SUBJ113,WEEK4,WEIGHT,Body Weight,81.9,kg,2026-02-28
SUBJ113,WEEK8,SYSBP,Systolic Blood Pressure,119.67,mmHg,2026-03-29
SUBJ113,WEEK8,DIABP,Diastolic Blood Pressure,81.54,mmHg,2026-03-29
SUBJ113,WEEK8,PULSE,Pulse Rate,66.63,bpm,2026-03-29
SUBJ113,WEEK8,TEMP,Temperature,37.04,°C,2026-03-29
SUBJ113,WEEK8,WEIGHT,Body Weight,79.92,kg,2026-03-29
SUBJ113,WEEK12,SYSBP,Systolic Blood Pressure,124.26,mmHg,2026-04-24
SUBJ113,WEEK12,DIABP,Diastolic Blood Pressure,77.56,mmHg,2026-04-24
SUBJ113,WEEK12,PULSE,Pulse Rate,67.97,bpm,2026-04-24
SUBJ113,WEEK12,TEMP,Temperature,37.24,°C,2026-04-24
SUBJ113,WEEK12,WEIGHT,Body Weight,79.85,kg,2026-04-24
SUBJ114,BASELINE,SYSBP,Systolic Blood Pressure,128.23,mmHg,2026-02-01
SUBJ114,BASELINE,DIABP,Diastolic Blood Pressure,84.43,mmHg,2026-02-01
SUBJ114,BASELINE,PULSE,Pulse Rate,93.16,bpm,2026-02-01
SUBJ114,BASELINE,TEMP,Temperature,36.77,°C,2026-02-01
SUBJ114,BASELINE,WEIGHT,Body Weight,66.59,kg,2026-02-01
SUBJ114,WEEK4,SYSBP,Systolic Blood Pressure,134.45,mmHg,2026-02-27
SUBJ114,WEEK4,DIABP,Diastolic Blood Pressure,83.71,mmHg,2026-02-27
SUBJ114,WEEK4,PULSE,Pulse Rate,88.15,bpm,2026-02-27
SUBJ114,WEEK4,TEMP,Temperature,36.79,°C,2026-02-27
SUBJ114,WEEK4,WEIGHT,Body Weight,65.66,kg,2026-02-27
SUBJ114,WEEK8,SYSBP,Systolic Blood Pressure,131.87,mmHg,2026-03-29
SUBJ114,WEEK8,DIABP,Diastolic Blood Pressure,88.87,mmHg,2026-03-29
SUBJ114,WEEK8,PULSE,Pulse Rate,88.92,bpm,2026-03-29
SUBJ114,WEEK8,TEMP,Temperature,36.86,°C,2026-03-29
SUBJ114,WEEK8,WEIGHT,Body Weight,66.09,kg,2026-03-29
SUBJ114,WEEK12,SYSBP,Systolic Blood Pressure,128.94,mmHg,2026-04-28
SUBJ114,WEEK12,DIABP,Diastolic Blood Pressure,87.79,mmHg,2026-04-28
SUBJ114,WEEK12,PULSE,Pulse Rate,88.77,bpm,2026-04-28
SUBJ114,WEEK12,TEMP,Temperature,36.8,°C,2026-04-28
SUBJ114,WEEK12,WEIGHT,Body Weight,64.78,kg,2026-04-28
SUBJ115,BASELINE,SYSBP,Systolic Blood Pressure,143.22,mmHg,2026-01-29
SUBJ115,BASELINE,DIABP,Diastolic Blood Pressure,89.5,mmHg,2026-01-29
SUBJ115,BASELINE,PULSE,Pulse Rate,65.77,bpm,2026-01-29
SUBJ115,BASELINE,TEMP,Temperature,36.3,°C,2026-01-29
SUBJ115,BASELINE,WEIGHT,Body Weight,78.66,kg,2026-01-29
SUBJ115,WEEK4,SYSBP,Systolic Blood Pressure,135.06,mmHg,2026-02-27
SUBJ115,WEEK4,DIABP,Diastolic Blood Pressure,87.16,mmHg,2026-02-27
SUBJ115,WEEK4,PULSE,Pulse Rate,60.65,bpm,2026-02-27
SUBJ115,WEEK4,TEMP,Temperature,36.32,°C,2026-02-27
SUBJ115,WEEK4,WEIGHT,Body Weight,77.47,kg,2026-02-27
SUBJ115,WEEK8,SYSBP,Systolic Blood Pressure,142.79,mmHg,2026-03-28
SUBJ115,WEEK8,DIABP,Diastolic Blood Pressure,89.65,mmHg,2026-03-28
SUBJ115,WEEK8,PULSE,Pulse Rate,64.5,bpm,2026-03-28
SUBJ115,WEEK8,TEMP,Temperature,36.3,°C,2026-03-28
SUBJ115,WEEK8,WEIGHT,Body Weight,76.98,kg,2026-03-28
SUBJ115,WEEK12,SYSBP,Systolic Blood Pressure,140.49,mmHg,2026-04-24
SUBJ115,WEEK12,DIABP,Diastolic Blood Pressure,86.21,mmHg,2026-04-24
SUBJ115,WEEK12,PULSE,Pulse Rate,61.49,bpm,2026-04-24
SUBJ115,WEEK12,TEMP,Temperature,36.22,°C,2026-04-24
SUBJ115,WEEK12,WEIGHT,Body Weight,75.47,kg,2026-04-24
SUBJ116,BASELINE,SYSBP,Systolic Blood Pressure,120.66,mmHg,2026-02-12
SUBJ116,BASELINE,DIABP,Diastolic Blood Pressure,85.07,mmHg,2026-02-12
SUBJ116,BASELINE,PULSE,Pulse Rate,74.35,bpm,2026-02-12
SUBJ116,BASELINE,TEMP,Temperature,36.43,°C,2026-02-12
SUBJ116,BASELINE,WEIGHT,Body Weight,82.59,kg,2026-02-12
SUBJ116,WEEK4,SYSBP,Systolic Blood Pressure,120.82,mmHg,2026-03-12
SUBJ116,WEEK4,DIABP,Diastolic Blood Pressure,83.96,mmHg,2026-03-12
SUBJ116,WEEK4,PULSE,Pulse Rate,70.14,bpm,2026-03-12
SUBJ116,WEEK4,TEMP,Temperature,36.46,°C,2026-03-12
SUBJ116,WEEK4,WEIGHT,Body Weight,82.05,kg,2026-03-12
SUBJ116,WEEK8,SYSBP,Systolic Blood Pressure,115.82,mmHg,2026-04-08
SUBJ116,WEEK8,DIABP,Diastolic Blood Pressure,74.38,mmHg,2026-04-08
SUBJ116,WEEK8,PULSE,Pulse Rate,70.86,bpm,2026-04-08
SUBJ116,WEEK8,TEMP,Temperature,36.56,°C,2026-04-08
SUBJ116,WEEK8,WEIGHT,Body Weight,80.5,kg,2026-04-08
SUBJ116,WEEK12,SYSBP,Systolic Blood Pressure,120.32,mmHg,2026-05-08
SUBJ116,WEEK12,DIABP,Diastolic Blood Pressure,82.11,mmHg,2026-05-08
SUBJ116,WEEK12,PULSE,Pulse Rate,73.95,bpm,2026-05-08
SUBJ116,WEEK12,TEMP,Temperature,36.62,°C,2026-05-08
SUBJ116,WEEK12,WEIGHT,Body Weight,79.88,kg,2026-05-08
SUBJ117,BASELINE,SYSBP,Systolic Blood Pressure,135.53,mmHg,2026-01-14
SUBJ117,BASELINE,DIABP,Diastolic Blood Pressure,81.99,mmHg,2026-01-14
SUBJ117,BASELINE,PULSE,Pulse Rate,73.66,bpm,2026-01-14
SUBJ117,BASELINE,TEMP,Temperature,37.22,°C,2026-01-14
SUBJ117,BASELINE,WEIGHT,Body Weight,95.4,kg,2026-01-14
SUBJ117,WEEK4,SYSBP,Systolic Blood Pressure,135.95,mmHg,2026-02-12
SUBJ117,WEEK4,DIABP,Diastolic Blood Pressure,88.15,mmHg,2026-02-12
SUBJ117,WEEK4,PULSE,Pulse Rate,73.23,bpm,2026-02-12
SUBJ117,WEEK4,TEMP,Temperature,37.24,°C,2026-02-12
SUBJ117,WEEK4,WEIGHT,Body Weight,93.77,kg,2026-02-12
SUBJ117,WEEK8,SYSBP,Systolic Blood Pressure,134.69,mmHg,2026-03-09
SUBJ117,WEEK8,DIABP,Diastolic Blood Pressure,88.31,mmHg,2026-03-09
SUBJ117,WEEK8,PULSE,Pulse Rate,70.4,bpm,2026-03-09
SUBJ117,WEEK8,TEMP,Temperature,37.15,°C,2026-03-09
SUBJ117,WEEK8,WEIGHT,Body Weight,92.84,kg,2026-03-09
SUBJ117,WEEK12,SYSBP,Systolic Blood Pressure,128.3,mmHg,2026-04-08
SUBJ117,WEEK12,DIABP,Diastolic Blood Pressure,89.04,mmHg,2026-04-08
SUBJ117,WEEK12,PULSE,Pulse Rate,72.06,bpm,2026-04-08
SUBJ117,WEEK12,TEMP,Temperature,37.23,°C,2026-04-08
SUBJ117,WEEK12,WEIGHT,Body Weight,91.61,kg,2026-04-08
SUBJ118,BASELINE,SYSBP,Systolic Blood Pressure,122.71,mmHg,2026-02-03
SUBJ118,BASELINE,DIABP,Diastolic Blood Pressure,72.63,mmHg,2026-02-03
SUBJ118,BASELINE,PULSE,Pulse Rate,77.48,bpm,2026-02-03
SUBJ118,BASELINE,TEMP,Temperature,36.94,°C,2026-02-03
SUBJ118,BASELINE,WEIGHT,Body Weight,85.16,kg,2026-02-03
SUBJ118,WEEK4,SYSBP,Systolic Blood Pressure,124.81,mmHg,2026-03-04
SUBJ118,WEEK4,DIABP,Diastolic Blood Pressure,77.74,mmHg,2026-03-04
SUBJ118,WEEK4,PULSE,Pulse Rate,78.81,bpm,2026-03-04
SUBJ118,WEEK4,TEMP,Temperature,36.87,°C,2026-03-04
SUBJ118,WEEK4,WEIGHT,Body Weight,84.45,kg,2026-03-04
SUBJ118,WEEK8,SYSBP,Systolic Blood Pressure,117.77,mmHg,2026-03-31
SUBJ118,WEEK8,DIABP,Diastolic Blood Pressure,74.23,mmHg,2026-03-31
SUBJ118,WEEK8,PULSE,Pulse Rate,71.88,bpm,2026-03-31
SUBJ118,WEEK8,TEMP,Temperature,36.88,°C,2026-03-31
SUBJ118,WEEK8,WEIGHT,Body Weight,84.56,kg,2026-03-31
SUBJ118,WEEK12,SYSBP,Systolic Blood Pressure,117.69,mmHg,2026-04-27
SUBJ118,WEEK12,DIABP,Diastolic Blood Pressure,75.99,mmHg,2026-04-27
SUBJ118,WEEK12,PULSE,Pulse Rate,77.14,bpm,2026-04-27
SUBJ118,WEEK12,TEMP,Temperature,36.95,°C,2026-04-27
SUBJ118,WEEK12,WEIGHT,Body Weight,83.16,kg,2026-04-27
SUBJ119,BASELINE,SYSBP,Systolic Blood Pressure,116.86,mmHg,2026-01-17
SUBJ119,BASELINE,DIABP,Diastolic Blood Pressure,74.68,mmHg,2026-01-17
SUBJ119,BASELINE,PULSE,Pulse Rate,86.87,bpm,2026-01-17
SUBJ119,BASELINE,TEMP,Temperature,36.49,°C,2026-01-17
SUBJ119,BASELINE,WEIGHT,Body Weight,88.93,kg,2026-01-17
SUBJ119,WEEK4,SYSBP,Systolic Blood Pressure,117.43,mmHg,2026-02-14
SUBJ119,WEEK4,DIABP,Diastolic Blood Pressure,75.19,mmHg,2026-02-14
SUBJ119,WEEK4,PULSE,Pulse Rate,86.67,bpm,2026-02-14
SUBJ119,WEEK4,TEMP,Temperature,36.7,°C,2026-02-14
SUBJ119,WEEK4,WEIGHT,Body Weight,88.37,kg,2026-02-14
SUBJ119,WEEK8,SYSBP,Systolic Blood Pressure,115.48,mmHg,2026-03-15
SUBJ119,WEEK8,DIABP,Diastolic Blood Pressure,75.07,mmHg,2026-03-15
SUBJ119,WEEK8,PULSE,Pulse Rate,81.09,bpm,2026-03-15
SUBJ119,WEEK8,TEMP,Temperature,36.81,°C,2026-03-15
SUBJ119,WEEK8,WEIGHT,Body Weight,87.66,kg,2026-03-15
SUBJ120,BASELINE,SYSBP,Systolic Blood Pressure,141.15,mmHg,2026-02-09
SUBJ120,BASELINE,DIABP,Diastolic Blood Pressure,81.4,mmHg,2026-02-09
SUBJ120,BASELINE,PULSE,Pulse Rate,81.52,bpm,2026-02-09
SUBJ120,BASELINE,TEMP,Temperature,37.08,°C,2026-02-09
SUBJ120,BASELINE,WEIGHT,Body Weight,89.99,kg,2026-02-09
SUBJ120,WEEK4,SYSBP,Systolic Blood Pressure,149.95,mmHg,2026-03-10
SUBJ120,WEEK4,DIABP,Diastolic Blood Pressure,79.58,mmHg,2026-03-10
SUBJ120,WEEK4,PULSE,Pulse Rate,76.44,bpm,2026-03-10
SUBJ120,WEEK4,TEMP,Temperature,37.12,°C,2026-03-10
SUBJ120,WEEK4,WEIGHT,Body Weight,89.87,kg,2026-03-10
SUBJ120,WEEK8,SYSBP,Systolic Blood Pressure,138.25,mmHg,2026-04-07
SUBJ120,WEEK8,DIABP,Diastolic Blood Pressure,82.37,mmHg,2026-04-07
SUBJ120,WEEK8,PULSE,Pulse Rate,78.49,bpm,2026-04-07
SUBJ120,WEEK8,TEMP,Temperature,37.09,°C,2026-04-07
SUBJ120,WEEK8,WEIGHT,Body Weight,89.39,kg,2026-04-07
SUBJ120,WEEK12,SYSBP,Systolic Blood Pressure,147.3,mmHg,2026-05-06
SUBJ120,WEEK12,DIABP,Diastolic Blood Pressure,77.56,mmHg,2026-05-06
SUBJ120,WEEK12,PULSE,Pulse Rate,75.61,bpm,2026-05-06
SUBJ120,WEEK12,TEMP,Temperature,36.97,°C,2026-05-06
SUBJ120,WEEK12,WEIGHT,Body Weight,89.14,kg,2026-05-06
